{
  "demographics": {
    "mean": 0.5545746484931866,
    "std": 0.00375881261714041,
    "folds": [
      0.5567450566664478,
      0.5500330010138351,
      0.5590257920987328,
      0.5501192573055038,
      0.5569501353814128
    ]
  },
  "n_channels": {
    "mean": 0.5335251083256601,
    "std": 0.005315855956205291,
    "folds": [
      0.5322175066203098,
      0.5348855188205153,
      0.5421189524748338,
      0.5255620962229176,
      0.5328414674897242
    ]
  },
  "n_channels_quad": {
    "mean": 0.5529764388404784,
    "std": 0.00447904677565513,
    "folds": [
      0.5491195437278622,
      0.5565004530200419,
      0.559518921818397,
      0.5475337625058346,
      0.5522095131302565
    ]
  },
  "weighted_channels": {
    "mean": 0.536040356365733,
    "std": 0.004957565036785233,
    "folds": [
      0.5350371256369268,
      0.5362067103109472,
      0.5442835651920465,
      0.5286988018946782,
      0.5359755787940665
    ]
  },
  "channel_pairs": {
    "mean": 0.47429826664095637,
    "std": 0.004787069093071098,
    "folds": [
      0.47580354242913536,
      0.47212570882281374,
      0.4664452054360115,
      0.48075224717540826,
      0.4763646293414128
    ]
  },
  "gene_weighted": {
    "mean": 0.5477297740327387,
    "std": 0.006390279561728421,
    "folds": [
      0.5423083385529319,
      0.5463985103169433,
      0.5417954939528186,
      0.5594267082161553,
      0.5487198191248447
    ]
  },
  "gene_pairs": {
    "mean": 0.48182839003250655,
    "std": 0.005237107174288027,
    "folds": [
      0.48260536940340476,
      0.4805302159146631,
      0.473971383097527,
      0.4903774114635735,
      0.48165757028336414
    ]
  },
  "gene_weighted+sat": {
    "mean": 0.5867453967942511,
    "std": 0.0035474378624707997,
    "folds": [
      0.5812672597384775,
      0.5873322312783811,
      0.5845312514645576,
      0.5913983666598278,
      0.589197874830011
    ]
  }
}