{
  "CellCycle___CellCycle": {
    "n_pairs": 422,
    "n_patients": 35416,
    "mean_synergy": -0.995535455043847,
    "max_synergy": -0.24882256984710693,
    "pct_synergistic": 0.0
  },
  "Endocrine___Endocrine": {
    "n_pairs": 24,
    "n_patients": 1476,
    "mean_synergy": -0.8637326521178087,
    "max_synergy": -0.27648958563804626,
    "pct_synergistic": 0.0
  },
  "ChromatinRemodel___TissueArch": {
    "n_pairs": 406,
    "n_patients": 68322,
    "mean_synergy": -0.9947340920053679,
    "max_synergy": -0.29671716690063477,
    "pct_synergistic": 0.0
  },
  "CellCycle___TissueArch": {
    "n_pairs": 713,
    "n_patients": 68764,
    "mean_synergy": -1.0521859542517642,
    "max_synergy": -0.30876588821411133,
    "pct_synergistic": 0.0
  },
  "CellCycle___PI3K_Growth": {
    "n_pairs": 1489,
    "n_patients": 141651,
    "mean_synergy": -1.0373644653865361,
    "max_synergy": -0.34252578020095825,
    "pct_synergistic": 0.0
  },
  "DNAMethylation___TissueArch": {
    "n_pairs": 177,
    "n_patients": 18713,
    "mean_synergy": -1.0277973753584306,
    "max_synergy": -0.34600746631622314,
    "pct_synergistic": 0.0
  },
  "CellCycle___DDR": {
    "n_pairs": 913,
    "n_patients": 80039,
    "mean_synergy": -1.0083446146885642,
    "max_synergy": -0.3568345308303833,
    "pct_synergistic": 0.0
  },
  "DDR___TissueArch": {
    "n_pairs": 684,
    "n_patients": 68867,
    "mean_synergy": -1.060254025224008,
    "max_synergy": -0.3613208830356598,
    "pct_synergistic": 0.0
  },
  "DDR___PI3K_Growth": {
    "n_pairs": 1442,
    "n_patients": 142618,
    "mean_synergy": -1.0420153477072882,
    "max_synergy": -0.37564677000045776,
    "pct_synergistic": 0.0
  },
  "DNAMethylation___PI3K_Growth": {
    "n_pairs": 382,
    "n_patients": 39717,
    "mean_synergy": -1.0010842868170813,
    "max_synergy": -0.3969525694847107,
    "pct_synergistic": 0.0
  },
  "DDR___Endocrine": {
    "n_pairs": 219,
    "n_patients": 16665,
    "mean_synergy": -0.9693609492419517,
    "max_synergy": -0.42081958055496216,
    "pct_synergistic": 0.0
  },
  "Immune___TissueArch": {
    "n_pairs": 522,
    "n_patients": 43811,
    "mean_synergy": -1.0633983785621965,
    "max_synergy": -0.43196332454681396,
    "pct_synergistic": 0.0
  },
  "DDR___Immune": {
    "n_pairs": 694,
    "n_patients": 55055,
    "mean_synergy": -1.021875987307139,
    "max_synergy": -0.44045376777648926,
    "pct_synergistic": 0.0
  },
  "PI3K_Growth___TissueArch": {
    "n_pairs": 1105,
    "n_patients": 122803,
    "mean_synergy": -1.0670405312361222,
    "max_synergy": -0.44189953804016113,
    "pct_synergistic": 0.0
  },
  "TissueArch___TissueArch": {
    "n_pairs": 260,
    "n_patients": 28176,
    "mean_synergy": -1.0733641324134973,
    "max_synergy": -0.44261401891708374,
    "pct_synergistic": 0.0
  },
  "Endocrine___PI3K_Growth": {
    "n_pairs": 345,
    "n_patients": 28441,
    "mean_synergy": -1.003404568416485,
    "max_synergy": -0.4445953369140625,
    "pct_synergistic": 0.0
  },
  "Immune___Immune": {
    "n_pairs": 236,
    "n_patients": 15741,
    "mean_synergy": -1.037476528246524,
    "max_synergy": -0.445557177066803,
    "pct_synergistic": 0.0
  },
  "DDR___DNAMethylation": {
    "n_pairs": 233,
    "n_patients": 23618,
    "mean_synergy": -0.9698632162527977,
    "max_synergy": -0.4460675120353699,
    "pct_synergistic": 0.0
  },
  "DDR___DDR": {
    "n_pairs": 434,
    "n_patients": 41411,
    "mean_synergy": -1.011164983434062,
    "max_synergy": -0.4547964334487915,
    "pct_synergistic": 0.0
  },
  "CellCycle___DNAMethylation": {
    "n_pairs": 253,
    "n_patients": 23087,
    "mean_synergy": -0.9813882055961096,
    "max_synergy": -0.45723074674606323,
    "pct_synergistic": 0.0
  },
  "CellCycle___Immune": {
    "n_pairs": 663,
    "n_patients": 49186,
    "mean_synergy": -1.0143571033017489,
    "max_synergy": -0.4645864963531494,
    "pct_synergistic": 0.0
  },
  "CellCycle___Endocrine": {
    "n_pairs": 205,
    "n_patients": 15035,
    "mean_synergy": -0.9714048603685891,
    "max_synergy": -0.46499401330947876,
    "pct_synergistic": 0.0
  },
  "CellCycle___ChromatinRemodel": {
    "n_pairs": 644,
    "n_patients": 83428,
    "mean_synergy": -0.9732941038304974,
    "max_synergy": -0.4879854917526245,
    "pct_synergistic": 0.0
  },
  "Endocrine___TissueArch": {
    "n_pairs": 167,
    "n_patients": 13609,
    "mean_synergy": -1.0174371104040545,
    "max_synergy": -0.49875420331954956,
    "pct_synergistic": 0.0
  },
  "ChromatinRemodel___DNAMethylation": {
    "n_pairs": 120,
    "n_patients": 22114,
    "mean_synergy": -0.9307028358181317,
    "max_synergy": -0.5113959908485413,
    "pct_synergistic": 0.0
  },
  "Endocrine___Immune": {
    "n_pairs": 162,
    "n_patients": 10116,
    "mean_synergy": -0.9755772444201104,
    "max_synergy": -0.5174341797828674,
    "pct_synergistic": 0.0
  },
  "PI3K_Growth___PI3K_Growth": {
    "n_pairs": 1153,
    "n_patients": 121282,
    "mean_synergy": -1.0652633947800887,
    "max_synergy": -0.5354720950126648,
    "pct_synergistic": 0.0
  },
  "ChromatinRemodel___PI3K_Growth": {
    "n_pairs": 809,
    "n_patients": 141909,
    "mean_synergy": -1.0063801317928158,
    "max_synergy": -0.5377775430679321,
    "pct_synergistic": 0.0
  },
  "DNAMethylation___DNAMethylation": {
    "n_pairs": 27,
    "n_patients": 3002,
    "mean_synergy": -0.9508947354775888,
    "max_synergy": -0.5451209545135498,
    "pct_synergistic": 0.0
  },
  "Immune___PI3K_Growth": {
    "n_pairs": 1108,
    "n_patients": 89440,
    "mean_synergy": -1.056699229706926,
    "max_synergy": -0.5497876405715942,
    "pct_synergistic": 0.0
  },
  "ChromatinRemodel___Immune": {
    "n_pairs": 455,
    "n_patients": 54690,
    "mean_synergy": -0.9781716839297787,
    "max_synergy": -0.5574178695678711,
    "pct_synergistic": 0.0
  },
  "ChromatinRemodel___DDR": {
    "n_pairs": 519,
    "n_patients": 83585,
    "mean_synergy": -0.9681867309388398,
    "max_synergy": -0.5851967334747314,
    "pct_synergistic": 0.0
  },
  "DNAMethylation___Immune": {
    "n_pairs": 183,
    "n_patients": 14793,
    "mean_synergy": -1.000855690468856,
    "max_synergy": -0.624974250793457,
    "pct_synergistic": 0.0
  },
  "ChromatinRemodel___Endocrine": {
    "n_pairs": 133,
    "n_patients": 16950,
    "mean_synergy": -0.9298382419392579,
    "max_synergy": -0.6316941976547241,
    "pct_synergistic": 0.0
  },
  "DNAMethylation___Endocrine": {
    "n_pairs": 58,
    "n_patients": 4583,
    "mean_synergy": -0.9413026530167152,
    "max_synergy": -0.6459164023399353,
    "pct_synergistic": 0.0
  },
  "ChromatinRemodel___ChromatinRemodel": {
    "n_pairs": 105,
    "n_patients": 37109,
    "mean_synergy": -0.9309670374506995,
    "max_synergy": -0.7076422572135925,
    "pct_synergistic": 0.0
  }
}