{
  "Non-Small Cell Lung Cancer": {
    "attention_matrix": [
      [
        0.12339583784341812,
        0.2738272547721863,
        0.22957873344421387,
        0.12198515236377716,
        0.10958947986364365,
        0.14162352681159973
      ],
      [
        0.1572677046060562,
        0.15097157657146454,
        0.27503639459609985,
        0.12719951570034027,
        0.13365907967090607,
        0.15586571395397186
      ],
      [
        0.14252178370952606,
        0.23606279492378235,
        0.2036588191986084,
        0.12747512757778168,
        0.13116495311260223,
        0.15911653637886047
      ],
      [
        0.13395686447620392,
        0.2331535369157791,
        0.2640751302242279,
        0.1157916933298111,
        0.11554785817861557,
        0.1374749392271042
      ],
      [
        0.12582920491695404,
        0.2629242241382599,
        0.25652313232421875,
        0.11930157244205475,
        0.0968223512172699,
        0.13859951496124268
      ],
      [
        0.13647188246250153,
        0.26648181676864624,
        0.24365052580833435,
        0.11653701215982437,
        0.10977847874164581,
        0.1270802915096283
      ]
    ],
    "tier_summary": [
      [
        0.21643239632248878,
        0.15369293466210365,
        0.12987466901540756
      ],
      [
        0.2533845826983452,
        0.13214288465678692,
        0.11447253078222275
      ],
      [
        0.2541690059006214,
        0.1339651308953762,
        0.11186586879193783
      ]
    ],
    "channel_importance": {
      "DDR": 0.1365738809108734,
      "CellCycle": 0.2372368574142456,
      "PI3K_Growth": 0.2454204559326172,
      "Endocrine": 0.12138167768716812,
      "Immune": 0.1160936951637268,
      "TissueArch": 0.14329342544078827
    },
    "within_cross_ratio": 0.9850755929946899
  },
  "Breast Cancer": {
    "attention_matrix": [
      [
        0.11823610961437225,
        0.24954068660736084,
        0.2192438542842865,
        0.15505389869213104,
        0.1066586971282959,
        0.15126675367355347
      ],
      [
        0.14851005375385284,
        0.13957896828651428,
        0.2657298445701599,
        0.15505507588386536,
        0.12857328355312347,
        0.16255280375480652
      ],
      [
        0.13859349489212036,
        0.21947956085205078,
        0.1942235231399536,
        0.15504944324493408,
        0.1283833384513855,
        0.1642705798149109
      ],
      [
        0.1295403242111206,
        0.2206544131040573,
        0.24299263954162598,
        0.13217586278915405,
        0.12621574103832245,
        0.1484210044145584
      ],
      [
        0.11556873470544815,
        0.2376367747783661,
        0.24116118252277374,
        0.15730643272399902,
        0.09848543256521225,
        0.14984141290187836
      ],
      [
        0.12904998660087585,
        0.24337753653526306,
        0.22843369841575623,
        0.15516597032546997,
        0.11316559463739395,
        0.13080719113349915
      ]
    ],
    "tier_summary": [
      [
        0.20475297421216965,
        0.15348173305392265,
        0.1417652852833271
      ],
      [
        0.23514894396066666,
        0.13234001025557518,
        0.13251104019582272
      ],
      [
        0.23561125248670578,
        0.13584286905825138,
        0.12854586727917194
      ]
    ],
    "channel_importance": {
      "DDR": 0.12991644442081451,
      "CellCycle": 0.2183779925107956,
      "PI3K_Growth": 0.2319641262292862,
      "Endocrine": 0.15163443982601166,
      "Immune": 0.11691368371248245,
      "TissueArch": 0.151193305850029
    },
    "within_cross_ratio": 1.0141993761062622
  },
  "Prostate Cancer": {
    "attention_matrix": [
      [
        0.1351851522922516,
        0.2447260171175003,
        0.17495287954807281,
        0.16143575310707092,
        0.12094151973724365,
        0.1627587229013443
      ],
      [
        0.16478866338729858,
        0.1416359692811966,
        0.22917120158672333,
        0.1587231457233429,
        0.13271525502204895,
        0.17296576499938965
      ],
      [
        0.1500885933637619,
        0.20475545525550842,
        0.17207345366477966,
        0.16983965039253235,
        0.1276877373456955,
        0.17555509507656097
      ],
      [
        0.14482033252716064,
        0.2136755883693695,
        0.1996748447418213,
        0.14563246071338654,
        0.13705748319625854,
        0.15913929045200348
      ],
      [
        0.13651224970817566,
        0.2298993617296219,
        0.19430606067180634,
        0.16369767487049103,
        0.11240657418966293,
        0.16317805647850037
      ],
      [
        0.1490498036146164,
        0.23444433510303497,
        0.18479427695274353,
        0.16111549735069275,
        0.12564150989055634,
        0.14495453238487244
      ]
    ],
    "tier_summary": [
      [
        0.186909019947052,
        0.16584952920675278,
        0.14724144712090492
      ],
      [
        0.2097293771803379,
        0.14798705279827118,
        0.14228357002139091
      ],
      [
        0.20938896387815475,
        0.15091248229146004,
        0.13969854824244976
      ]
    ],
    "channel_importance": {
      "DDR": 0.14674080908298492,
      "CellCycle": 0.21152280271053314,
      "PI3K_Growth": 0.1924954503774643,
      "Endocrine": 0.16007404029369354,
      "Immune": 0.12607501447200775,
      "TissueArch": 0.16309191286563873
    },
    "within_cross_ratio": 1.0205625295639038
  },
  "Thyroid Cancer": {
    "attention_matrix": [
      [
        0.1328258067369461,
        0.2086319923400879,
        0.2534877359867096,
        0.14407941699028015,
        0.11653514206409454,
        0.1444399356842041
      ],
      [
        0.15432292222976685,
        0.12784084677696228,
        0.3044185936450958,
        0.1393093764781952,
        0.1219828724861145,
        0.15212538838386536
      ],
      [
        0.14323392510414124,
        0.19954265654087067,
        0.21639950573444366,
        0.14542660117149353,
        0.13790825009346008,
        0.15748903155326843
      ],
      [
        0.13834068179130554,
        0.18181487917900085,
        0.27782946825027466,
        0.13653779029846191,
        0.12787947058677673,
        0.13759773969650269
      ],
      [
        0.1335548609495163,
        0.19489686191082,
        0.2794569432735443,
        0.14347760379314423,
        0.1106385737657547,
        0.13797514140605927
      ],
      [
        0.1439516842365265,
        0.19621121883392334,
        0.2747678756713867,
        0.13734303414821625,
        0.11833171546459198,
        0.12939445674419403
      ]
    ],
    "tier_summary": [
      [
        0.2120504006743431,
        0.15179281681776047,
        0.13615677505731583
      ],
      [
        0.23327470570802689,
        0.13765297085046768,
        0.12907232716679573
      ],
      [
        0.23349953815340996,
        0.13686710596084595,
        0.1296333596110344
      ]
    ],
    "channel_importance": {
      "DDR": 0.14103831350803375,
      "CellCycle": 0.18482308089733124,
      "PI3K_Growth": 0.26772668957710266,
      "Endocrine": 0.1410289704799652,
      "Immune": 0.12221267074346542,
      "TissueArch": 0.1431702822446823
    },
    "within_cross_ratio": 1.04217529296875
  },