{
  "analysis": "drug_channel_alignment",
  "target_types": [
    "Non-Small Cell Lung Cancer",
    "Breast Cancer",
    "Prostate Cancer",
    "Thyroid Cancer",
    "Glioma"
  ],
  "drug_map_size": 26,
  "Non-Small Cell Lung Cancer": {
    "DDR": 0.1365738809108734,
    "CellCycle": 0.2372368574142456,
    "PI3K_Growth": 0.2454204559326172,
    "Endocrine": 0.12138167768716812,
    "Immune": 0.1160936951637268,
    "TissueArch": 0.14329342544078827
  },
  "Breast Cancer": {
    "DDR": 0.12991644442081451,
    "CellCycle": 0.2183779925107956,
    "PI3K_Growth": 0.2319641262292862,
    "Endocrine": 0.15163443982601166,
    "Immune": 0.11691368371248245,
    "TissueArch": 0.151193305850029
  },
  "Prostate Cancer": {
    "DDR": 0.14674080908298492,
    "CellCycle": 0.21152280271053314,
    "PI3K_Growth": 0.1924954503774643,
    "Endocrine": 0.16007404029369354,
    "Immune": 0.12607501447200775,
    "TissueArch": 0.16309191286563873
  },
  "Thyroid Cancer": {
    "DDR": 0.14103831350803375,
    "CellCycle": 0.18482308089733124,
    "PI3K_Growth": 0.26772668957710266,
    "Endocrine": 0.1410289704799652,
    "Immune": 0.12221267074346542,
    "TissueArch": 0.1431702822446823
  },
  "Glioma": {
    "DDR": 0.13050121068954468,
    "CellCycle": 0.22048111259937286,
    "PI3K_Growth": 0.2591870129108429,
    "Endocrine": 0.1318286955356598,
    "Immune": 0.118556909263134,
    "TissueArch": 0.13944502174854279
  }
}