{
  "A_gene_shift": {
    "mean": 0.5380960670360535,
    "std": 0.0066228571073548076
  },
  "B_hotspot_shift": {
    "mean": 0.5736917196976381,
    "std": 0.00551419719166646
  },
  "C_directional": {
    "mean": 0.5747316322800188,
    "std": 0.006072167615014804
  },
  "D_topology_weighted": {
    "mean": 0.5700308269248943,
    "std": 0.005619112739365079
  },
  "E_full_graph": {
    "mean": 0.5695229187772648,
    "std": 0.0056611636061267715
  },
  "F_graph+cancer_type": {
    "mean": 0.5388336455140041,
    "std": 0.0065445217689875735
  }
}