{
  "degree_centrality": {
    "r": 0.3995438872970039,
    "p": 1.857087571274969e-10,
    "n": 236
  },
  "betweenness_centrality": {
    "r": 0.3071468790158872,
    "p": 1.507749398110529e-06,
    "n": 236
  },
  "closeness_centrality": {
    "r": 0.35910641842439917,
    "p": 1.3633306268426321e-08,
    "n": 236
  },
  "within_channel_degree": {
    "r": 0.2813925510833798,
    "p": 1.1393071378060505e-05,
    "n": 236
  },
  "within_channel_degree_norm": {
    "r": 0.31900933735225445,
    "p": 5.554222669107002e-07,
    "n": 236
  },
  "cross_channel_degree": {
    "r": 0.4271862938384745,
    "p": 6.9209952690338764e-12,
    "n": 236
  },
  "total_degree": {
    "r": 0.39956854214504717,
    "p": 1.851891683020026e-10,
    "n": 236
  },
  "is_bridge": {
    "r": 0.09830337318513697,
    "p": 0.13211950231193573,
    "n": 236
  },
  "clustering_coefficient": {
    "r": 0.2200097195550079,
    "p": 0.000664776969726604,
    "n": 236
  },
  "avg_path_in_channel": {
    "r": 0.29112831919874393,
    "p": 5.4276402858030404e-06,
    "n": 236
  },
  "components_delta_on_removal": {
    "r": -0.052695163879113695,
    "p": 0.42036954260803877,
    "n": 236
  }
}