{
  "Breast Cancer|DDR": 0.20860213041305542,
  "Breast Cancer|CellCycle": 0.3490446209907532,
  "Breast Cancer|PI3K_Growth": 0.04334062337875366,
  "Breast Cancer|Endocrine": 0.019558608531951904,
  "Breast Cancer|Immune": 0.2639327049255371,
  "Breast Cancer|TissueArch": 0.2029532790184021,
  "Breast Cancer|ChromatinRemodel": 0.21393609046936035,
  "Breast Cancer|DNAMethylation": 0.2845642864704132,
  "Mesothelioma|DDR": 0.053077638149261475,
  "Mesothelioma|CellCycle": 0.09739747643470764,
  "Mesothelioma|PI3K_Growth": 0.18513566255569458,
  "Mesothelioma|Immune": 0.15042966604232788,
  "Mesothelioma|TissueArch": 0.038022637367248535,
  "Mesothelioma|ChromatinRemodel": -0.057875484228134155,
  "Endometrial Cancer|DDR": -0.3396235704421997,
  "Endometrial Cancer|CellCycle": 0.09919625520706177,
  "Endometrial Cancer|PI3K_Growth": -0.12347567081451416,
  "Endometrial Cancer|Endocrine": -0.8180586099624634,
  "Endometrial Cancer|Immune": -0.5664751529693604,
  "Endometrial Cancer|TissueArch": -0.3736482858657837,
  "Endometrial Cancer|ChromatinRemodel": -0.40804803371429443,
  "Endometrial Cancer|DNAMethylation": -0.7801235914230347,
  "Bladder Cancer|DDR": -0.07604748010635376,
  "Bladder Cancer|CellCycle": 0.07727986574172974,
  "Bladder Cancer|PI3K_Growth": -0.05263572931289673,
  "Bladder Cancer|Endocrine": -0.13902533054351807,
  "Bladder Cancer|Immune": -0.10255712270736694,
  "Bladder Cancer|TissueArch": -0.08780395984649658,
  "Bladder Cancer|ChromatinRemodel": -0.04484313726425171,
  "Bladder Cancer|DNAMethylation": -0.1470155119895935,
  "Esophagogastric Cancer|DDR": -0.12854546308517456,
  "Esophagogastric Cancer|CellCycle": 0.010775253176689148,
  "Esophagogastric Cancer|PI3K_Growth": -0.040514856576919556,
  "Esophagogastric Cancer|Endocrine": -0.25200878200121224,
  "Esophagogastric Cancer|Immune": -0.15408851951360703,
  "Esophagogastric Cancer|TissueArch": -0.029650479555130005,
  "Esophagogastric Cancer|ChromatinRemodel": -0.13025156408548355,
  "Esophagogastric Cancer|DNAMethylation": -0.31718364357948303,
  "Ovarian Cancer|DDR": -0.022182047367095947,
  "Ovarian Cancer|CellCycle": 0.06814056634902954,
  "Ovarian Cancer|PI3K_Growth": -0.07712134718894958,
  "Ovarian Cancer|Endocrine": -0.03261473774909973,
  "Ovarian Cancer|Immune": -0.03892016410827637,
  "Ovarian Cancer|TissueArch": -0.06818273663520813,
  "Ovarian Cancer|ChromatinRemodel": 0.009434998035430908,
  "Ovarian Cancer|DNAMethylation": -0.024846702814102173,
  "Non-Small Cell Lung Cancer|DDR": 0.09257695823907852,
  "Non-Small Cell Lung Cancer|CellCycle": 0.14505097270011902,
  "Non-Small Cell Lung Cancer|PI3K_Growth": 0.054865553975105286,
  "Non-Small Cell Lung Cancer|Endocrine": -0.03135618567466736,
  "Non-Small Cell Lung Cancer|Immune": 0.11914387717843056,
  "Non-Small Cell Lung Cancer|TissueArch": 0.07203875482082367,
  "Non-Small Cell Lung Cancer|ChromatinRemodel": 0.11886227875947952,
  "Non-Small Cell Lung Cancer|DNAMethylation": 0.012323141098022461,
  "Uterine Sarcoma|DDR": 0.06278328597545624,
  "Uterine Sarcoma|CellCycle": 0.1709299422800541,
  "Uterine Sarcoma|PI3K_Growth": 0.13845467939972878,
  "Uterine Sarcoma|Immune": -0.02436097338795662,
  "Uterine Sarcoma|TissueArch": 0.021174863912165165,
  "Uterine Sarcoma|ChromatinRemodel": 0.08406009897589684,
  "Uterine Sarcoma|DNAMethylation": 0.057592395693063736,
  "Germ Cell Tumor|DDR": 0.16710925102233887,
  "Germ Cell Tumor|CellCycle": 0.9009681344032288,
  "Germ Cell Tumor|PI3K_Growth": 0.3286799192428589,
  "Germ Cell Tumor|Immune": 0.6458492875099182,
  "Germ Cell Tumor|TissueArch": 0.42624974250793457,
  "Germ Cell Tumor|ChromatinRemodel": 0.47272634506225586,
  "Germ Cell Tumor|DNAMethylation": 0.752016007900238,
  "Small Cell Lung Cancer|DDR": -0.03760808706283569,
  "Small Cell Lung Cancer|CellCycle": 0.012110412120819092,
  "Small Cell Lung Cancer|PI3K_Growth": -0.01265096664428711,
  "Small Cell Lung Cancer|Endocrine": -0.07313227653503418,
  "Small Cell Lung Cancer|Immune": -0.04583078622817993,
  "Small Cell Lung Cancer|TissueArch": -0.018579304218292236,
  "Small Cell Lung Cancer|ChromatinRemodel": -0.004615843296051025,
  "Small Cell Lung Cancer|DNAMethylation": -0.17435652017593384,
  "Hepatobiliary Cancer|DDR": -0.009912550449371338,
  "Hepatobiliary Cancer|CellCycle": 0.1079065203666687,
  "Hepatobiliary Cancer|PI3K_Growth": 0.0726478099822998,
  "Hepatobiliary Cancer|Endocrine": -0.13244813680648804,
  "Hepatobiliary Cancer|Immune": -0.10125303268432617,
  "Hepatobiliary Cancer|TissueArch": -0.0021024346351623535,
  "Hepatobiliary Cancer|ChromatinRemodel": 0.0010831058025360107,
  "Hepatobiliary Cancer|DNAMethylation": -0.03191426396369934,
  "Colorectal Cancer|DDR": -0.24431806802749634,
  "Colorectal Cancer|CellCycle": -0.03689175844192505,
  "Colorectal Cancer|PI3K_Growth": 0.04055517911911011,
  "Colorectal Cancer|Endocrine": -0.41920381784439087,
  "Colorectal Cancer|Immune": -0.3859608769416809,
  "Colorectal Cancer|TissueArch": -0.035353660583496094,
  "Colorectal Cancer|ChromatinRemodel": -0.25808805227279663,
  "Colorectal Cancer|DNAMethylation": -0.5286913514137268,
  "Gastrointestinal Stromal Tumor|DDR": 0.30148231983184814,
  "Gastrointestinal Stromal Tumor|CellCycle": 0.6332713961601257,
  "Gastrointestinal Stromal Tumor|PI3K_Growth": 0.39772677421569824,
  "Gastrointestinal Stromal Tumor|TissueArch": 0.14527833461761475,
  "Gastrointestinal Stromal Tumor|ChromatinRemodel": 0.28400254249572754,
  "Cervical Cancer|DDR": 0.1461179107427597,
  "Cervical Cancer|CellCycle": 0.18298697471618652,
  "Cervical Cancer|PI3K_Growth": 0.015343397855758667,
  "Cervical Cancer|Endocrine": -0.09409856796264648,
  "Cervical Cancer|Immune": 0.1777602881193161,
  "Cervical Cancer|TissueArch": 0.1636008620262146,
  "Cervical Cancer|ChromatinRemodel": 0.12613947689533234,
  "Cervical Cancer|DNAMethylation": 0.09020228683948517,
  "Pancreatic Cancer|DDR": 0.0006751716136932373,
  "Pancreatic Cancer|CellCycle": 0.16137459874153137,
  "Pancreatic Cancer|PI3K_Growth": 0.11105003952980042,
  "Pancreatic Cancer|Endocrine": -0.20759350061416626,
  "Pancreatic Cancer|Immune": 0.007420629262924194,
  "Pancreatic Cancer|TissueArch": 0.07893630862236023,
  "Pancreatic Cancer|ChromatinRemodel": 0.01168733835220337,
  "Pancreatic Cancer|DNAMethylation": -0.7618096470832825,
  "Soft Tissue Sarcoma|DDR": 0.19289515912532806,
  "Soft Tissue Sarcoma|CellCycle": 0.24579370766878128,
  "Soft Tissue Sarcoma|PI3K_Growth": 0.16798099875450134,
  "Soft Tissue Sarcoma|Endocrine": 0.08141839504241943,
  "Soft Tissue Sarcoma|Immune": 0.06470301747322083,
  "Soft Tissue Sarcoma|TissueArch": -0.03422808647155762,
  "Soft Tissue Sarcoma|ChromatinRemodel": 0.1231471449136734,
  "Soft Tissue Sarcoma|DNAMethylation": 0.1296810507774353,
  "Thyroid Cancer|DDR": 0.5441795587539673,
  "Thyroid Cancer|CellCycle": 0.8161755949258804,
  "Thyroid Cancer|PI3K_Growth": 0.08309972286224365,
  "Thyroid Cancer|Immune": 0.46634846925735474,
  "Thyroid Cancer|TissueArch": 0.48681432008743286,
  "Thyroid Cancer|ChromatinRemodel": 0.4555496573448181,
  "Thyroid Cancer|DNAMethylation": 0.4921581447124481,
  "Prostate Cancer|DDR": -0.04442352056503296,
  "Prostate Cancer|CellCycle": 0.47106605768203735,
  "Prostate Cancer|PI3K_Growth": 0.26393407583236694,
  "Prostate Cancer|Endocrine": 0.19196492433547974,
  "Prostate Cancer|Immune": 0.3057790994644165,
  "Prostate Cancer|TissueArch": 0.21261602640151978,
  "Prostate Cancer|ChromatinRemodel": 0.13444441556930542,
  "Prostate Cancer|DNAMethylation": 0.10598087310791016,
  "Salivary Gland Cancer|DDR": 0.19352906197309494,
  "Salivary Gland Cancer|CellCycle": 0.27886156737804413,
  "Salivary Gland Cancer|PI3K_Growth": 0.23050601035356522,
  "Salivary Gland Cancer|Immune": 0.18621304258704185,
  "Salivary Gland Cancer|TissueArch": 0.24395576864480972,
  "Salivary Gland Cancer|ChromatinRemodel": 0.09006194770336151,
  "Salivary Gland Cancer|DNAMethylation": -0.2509910315275192,