{
  "A_global_gene": {
    "mean": 0.5380960670360535,
    "std": 0.0066228571073548076
  },
  "B_ct_gene": {
    "mean": 0.5422101020432621,
    "std": 0.0013147088195507696
  },
  "C_ct_channel": {
    "mean": 0.5393127615770672,
    "std": 0.0042807155149420266
  },
  "D_ridge_global": {
    "mean": 0.5993255702465634,
    "std": 0.003249710674098316
  },
  "E_ridge_ct_gene": {
    "mean": 0.5762144572425784,
    "std": 0.002489385267613971
  },
  "F_ridge_ct_full": {
    "mean": 0.5773019665531284,
    "std": 0.0033346856880145086
  },
  "G_ridge_all": {
    "mean": 0.6025885024066816,
    "std": 0.0010274395206090032
  }
}