{
  "Channel Count Only": {
    "mean": 0.5407362902419734,
    "std": 0.0028226970183034706,
    "folds": [
      0.5421027201869518,
      0.5372370581866621,
      0.5426369804944023,
      0.5375291868968853,
      0.5441755054449654
    ]
  },
  "Channel Count + Hub/Leaf": {
    "mean": 0.543324755436837,
    "std": 0.003006938230833034,
    "folds": [
      0.5483872960161624,
      0.5451977905957801,
      0.5411676072232244,
      0.5409150895769869,
      0.5409559937720312
    ]
  },
  "Per-Channel Binary": {
    "mean": 0.5729585335423715,
    "std": 0.002771939658992218,
    "folds": [
      0.5731007343161032,
      0.5719816571674491,
      0.570696412706728,
      0.5707967111411429,
      0.5782171523804346
    ]
  },
  "Per-Channel + Hub/Leaf": {
    "mean": 0.5770769777442153,
    "std": 0.0029859298672379065,
    "folds": [
      0.5787104226023494,
      0.5763907570552825,
      0.5758105634905797,
      0.5727764663580486,
      0.5816966792148162
    ]
  },
  "Full (channels + hub + mut_count)": {
    "mean": 0.586554148909914,
    "std": 0.0034078877321890946,
    "folds": [
      0.5873953097048538,
      0.5856811913250252,
      0.5851552944625485,
      0.5820916993161013,
      0.5924472497410412
    ]
  }
}