{
  "gene_weighted": {
    "mean": 0.5380960670360535,
    "std": 0.0066228571073548076,
    "folds": [
      0.5336139626906623,
      0.5369341025110975,
      0.531073234029004,
      0.5502744463477632,
      0.5385845896017407
    ]
  },
  "hotspot_weighted": {
    "mean": 0.5736917196976381,
    "std": 0.00551419719166646,
    "folds": [
      0.5674073989468085,
      0.5670329865288716,
      0.5765467988017835,
      0.576594989468535,
      0.5808764247421921
    ]
  },
  "directional": {
    "mean": 0.5747316322800188,
    "std": 0.006072167615014804,
    "folds": [
      0.5676487686366543,
      0.5684998978753927,
      0.5774857995085878,
      0.5760113577212974,
      0.5840123376581621
    ]
  },
  "directional+tier": {
    "mean": 0.5747024379993589,
    "std": 0.0058433374009180025,
    "folds": [
      0.5685477321579172,
      0.5674140308992344,
      0.5776940859176105,
      0.577086062136987,
      0.5827702788850452
    ]
  },
  "gene_weighted+synergy": {
    "mean": 0.4780234476832576,
    "std": 0.005382691809554004,
    "folds": [
      0.4787838226206567,
      0.476350742500354,
      0.46974980879015793,
      0.4865436849734675,
      0.4786891795316519
    ]
  }
}