{
  "n_edges": 246,
  "n_edges_applied": 5871,
  "scoring_results": {
    "gene_weighted": 0.5380960670360535,
    "hotspot_weighted": 0.5736917196976381,
    "directional": 0.5747316322800188,
    "directional+tier": 0.5747024379993589,
    "gene_weighted+synergy": 0.4780234476832576
  }
}