{
  "n_hotspots": 471,
  "n_genes_analyzed": 32,
  "global_correlation": {
    "r": 0.0719966484453075,
    "p": 0.11866931157207691
  },
  "pct_last_more_protective": 62.5,
  "mean_delta_last_minus_first": -0.08175697270780802
}