{
  "A_gene_shift": {
    "mean": 0.5380960670360535,
    "std": 0.0066228571073548076
  },
  "B_isolation": {
    "mean": 0.5355892726511566,
    "std": 0.005891897563837625
  },
  "C_traversal_composite": {
    "mean": 0.5408922767512776,
    "std": 0.00560405994370322
  },
  "D_gene+traversal": {
    "mean": 0.5704291368956091,
    "std": 0.004988342808486886
  },
  "E_ridge_traversal": {
    "mean": 0.5992906016825209,
    "std": 0.0032833060784142262
  }
}