,cluster
A1BG,179
A1CF,155
A2M,171
A2ML1,26
A3GALT2,68
A4GALT,98
A4GNT,36
AACS,175
AADAC,46
AADACL2,46
AADACL3,118
AADACL4,118
AADAT,29
AAK1,183
AAMP,84
AARD,173
AARS1,101
AARS2,72
AARSD1,122
AASDH,186
AATK,78
ABAT,137
ABCA1,145
ABCA10,44
ABCA12,62
ABCA13,42
ABCA2,78
ABCA3,20
ABCA4,154
ABCA5,27
ABCA6,27
ABCA7,56
ABCA8,27
ABCA9,39
ABCB1,48
ABCB10,193
ABCB11,140
ABCB4,7
ABCB5,23
ABCB6,172
ABCB7,83
ABCB8,61
ABCB9,168
ABCC1,37
ABCC10,170
ABCC11,196
ABCC12,47
ABCC2,50
ABCC3,185
ABCC4,174
ABCC5,139
ABCC8,189
ABCC9,21
ABCD1,103
ABCD2,31
ABCD3,154
ABCD4,182
ABCF1,100
ABCF3,22
ABCG1,11
ABCG2,132
ABCG4,79
ABCG5,178
ABCG8,166
ABHD1,182
ABHD11,113
ABHD12,187
ABHD12B,178
ABHD13,3
ABHD14A,187
ABHD14B,171
ABHD15,186
ABHD16A,4
ABHD16B,172
ABHD17A,52
ABHD17B,31
ABHD17C,68
ABHD2,6
ABHD3,165
ABHD4,53
ABHD5,11
ABHD6,171
ABHD8,166
ABI1,104
ABI2,57
ABI3,68
ABI3BP,68
ABL1,116
ABL2,186
ABLIM1,29
ABLIM2,155
ABLIM3,124
ABR,77
ABRAXAS1,52
ABRAXAS2,199
ABTB1,55
ABTB2,67
ABTB3,63
ACAA1,66
ACAA2,156
ACACA,38
ACACB,155
ACAD10,191
ACAD11,35
ACAD8,79
ACAD9,72
ACADL,79
ACADM,164
ACADS,178
ACADSB,3
ACADVL,64
ACAN,175
ACAP1,164
ACAP2,109
ACAP3,75
ACAT1,51
ACAT2,38
ACBD3,62
ACBD4,180
ACBD5,103
ACBD7,139
ACCS,51
ACCSL,125
ACE,142
ACE2,199
ACER1,66
ACER2,20
ACER3,196
ACHE,166
ACKR2,50
ACKR3,168
ACKR4,33
ACO1,48
ACO2,111
ACOT11,175
ACOT12,14
ACOT2,41
ACOT4,65
ACOT6,29
ACOT7,89
ACOX1,103
ACOX2,196
ACOX3,174
ACOXL,133
ACP1,168
ACP2,46
ACP3,141
ACP4,36
ACP6,189
ACRV1,79
ACSBG1,17
ACSBG2,192
ACSF2,200
ACSF3,51
ACSL1,118
ACSL3,103
ACSL4,113
ACSL5,44
ACSL6,140
ACSM1,86
ACSM2A,94
ACSM2B,40
ACSM3,24
ACSM4,189
ACSM5,172
ACSM6,132
ACSS1,19
ACSS2,67
ACSS3,1
ACTA1,168
ACTA2,177
ACTB,105
ACTBL2,175
ACTC1,200
ACTG1,159
ACTG2,166
ACTL10,11
ACTL6A,85
ACTL6B,188
ACTL7A,125
ACTL7B,170
ACTL8,70
ACTL9,124
ACTN1,49
ACTN2,170
ACTN4,191
ACTR10,101
ACTR1A,162
ACTR1B,133
ACTR2,149
ACTR3,149
ACTR3B,57
ACTR3C,10
ACTR5,87
ACTR6,99
ACTR8,87
ACTRT1,19
ACTRT2,75
ACTRT3,68
ACVR1,89
ACVR1B,15
ACVR1C,65
ACVR2A,15
ACVR2B,65
ACVRL1,188
ACY1,53
ACY3,119
ACYP1,11
ACYP2,11
ADA,199
ADA2,65
ADAD1,15
ADAD2,17
ADAM10,108
ADAM11,124
ADAM12,199
ADAM15,68
ADAM17,28
ADAM18,155
ADAM19,174
ADAM2,38
ADAM20,46
ADAM21,54
ADAM22,54
ADAM23,26
ADAM28,48
ADAM29,98
ADAM30,153
ADAM32,38
ADAM33,191
ADAM7,5
ADAM8,78
ADAM9,30
ADAMDEC1,48
ADAMTS1,42
ADAMTS10,36
ADAMTS12,190
ADAMTS13,21
ADAMTS14,178
ADAMTS15,79
ADAMTS16,166
ADAMTS17,168
ADAMTS18,7
ADAMTS19,167
ADAMTS2,179
ADAMTS20,39
ADAMTS3,15
ADAMTS4,139
ADAMTS5,42
ADAMTS6,11
ADAMTS8,79
ADAMTS9,7
ADAMTSL1,62
ADAMTSL2,168
ADAMTSL3,55
ADAMTSL4,129
ADAMTSL5,17
ADAP1,182
ADAP2,123
ADAR,62
ADARB1,142
ADARB2,168
ADAT1,145
ADAT2,99
ADAT3,99
ADCK1,191
ADCK2,10
ADCK5,186
ADCY1,185
ADCY2,171
ADCY3,185
ADCY4,121
ADCY5,177
ADCY6,196
ADCY7,191
ADCY8,174
ADCY9,196
ADCYAP1,175
ADCYAP1R1,19
ADD1,199
ADD2,4
ADD3,199
ADGRA1,78
ADGRA2,55
ADGRA3,172
ADGRB1,166
ADGRB2,53
ADGRB3,140
ADGRD1,190
ADGRE1,32
ADGRE2,1
ADGRE3,36
ADGRE5,35
ADGRF1,66
ADGRF3,182
ADGRF4,1
ADGRF5,18
ADGRG1,132
ADGRG2,64
ADGRG3,132
ADGRG4,54
ADGRG5,122
ADGRG6,177
ADGRG7,127
ADGRL1,22
ADGRL2,30
ADGRL3,43
ADGRL4,15
ADGRV1,48
ADH1A,42
ADH1B,172
ADH4,189
ADH5,52
ADH6,144
ADH7,189
ADIPOQ,18
ADIPOR1,48
ADIPOR2,113
ADK,38
ADM,139
ADM2,63
ADNP,16
ADNP2,64
ADORA1,192
ADORA2A,165
ADORA2B,3
ADPRH,187
ADPRHL1,74
ADRA1A,61
ADRA1B,74
ADRA1D,55
ADRA2A,17
ADRA2B,133
ADRA2C,167
ADRB1,199
ADRB2,164
ADRB3,134
ADSL,111
ADSS1,61
ADSS2,111
ADTRP,32
AEBP1,18
AEBP2,89
AEN,172
AFAP1,68
AFAP1L1,66
AFAP1L2,193
AFF1,170
AFF2,113
AFF3,133
AFF4,115
AFG2A,101
AFG2B,100
AFG3L2,71
AFM,29
AFMID,74
AFP,189
AFTPH,148
AGA,98
AGAP1,60
AGAP2,195
AGAP3,55
AGAP5,183
AGAP6,183
AGAP9,43
AGBL1,54
AGBL2,177
AGBL3,26
AGBL4,43
AGBL5,182
AGER,178
AGFG1,113
AGFG2,164
AGK,83
AGMAT,51
AGO1,132
AGO2,107
AGO3,132
AGO4,37
AGPAT1,190
AGPAT2,58
AGPAT3,55
AGPAT4,17
AGPAT5,64
AGPS,113
AGR2,104
AGR3,23
AGRN,75
AGRP,171
AGT,171
AGTPBP1,48
AGTR1,10
AGTR2,1
AGXT,78
AGXT2,190
AHCY,111
AHCYL1,118
AHCYL2,191
AHI1,9
AHNAK,42
AHNAK2,77
AHR,90
AHRR,90
AHSG,11
AICDA,18
AIF1,26
AIF1L,30
AIFM1,99
AIFM3,163
AIG1,54
AIM2,144
AIP,90
AIPL1,177
AIRE,198
AJUBA,105
AK1,23
AK2,115
AK3,10
AK4,183
AK5,35
AK7,190
AK8,5
AK9,9
AKAIN1,69
AKAP11,180
AKAP3,66
AKAP4,5
AKAP6,156
AKAP7,15
AKAP8,9
AKAP8L,14
AKAP9,43
AKIRIN1,82
AKIRIN2,13
AKNA,39
AKNAD1,154
AKR1A1,171
AKR1B1,186
AKR1B10,65
AKR1B15,50
AKR1C2,30
AKR1C3,34
AKR1C4,4
AKR1D1,18
AKR1E2,94
AKR7A2,37
AKR7A3,180
AKT1,149
AKT2,113
AKT3,31
AKTIP,35
ALAS1,115
ALAS2,48
ALB,4
ALCAM,188
ALDH16A1,68
ALDH1A1,192
ALDH1A2,34
ALDH1A3,60
ALDH1B1,139
ALDH1L1,175
ALDH1L2,44
ALDH2,191
ALDH3A1,138
ALDH3A2,49
ALDH3B2,175
ALDH4A1,175
ALDH5A1,139
ALDH6A1,139
ALDH7A1,185
ALDH8A1,173
ALDH9A1,44
ALDOA,99
ALDOB,50
ALDOC,123
ALG1,101
ALG10,164
ALG10B,46
ALG11,6
ALG12,146
ALG2,101
ALG5,150
ALG6,150
ALG8,150
ALG9,146
ALK,92
ALKBH6,120
ALKBH8,99
ALMS1,159
ALOX12,170
ALOX12B,174
ALOX15,78
ALOX15B,37
ALOX5,142
ALOX5AP,4
ALOXE3,167
ALPG,61
ALPI,179
ALPK1,21
ALPK2,11
ALPL,3
ALPP,94
ALS2,193
ALS2CL,174
ALX1,171
ALX3,153
ALX4,174
ALYREF,38
AMACR,174
AMBP,96
AMELX,171
AMER1,189
AMER2,137
AMER3,34
AMFR,191
AMHR2,187
AMIGO1,153
AMIGO2,190
AMIGO3,55
AMMECR1,154
AMMECR1L,49
AMOT,144
AMOTL1,94
AMOTL2,105
AMPD1,154
AMPD2,154
AMPD3,4
AMPH,191
AMT,186
AMY2A,16
AMZ1,179
AMZ2,141
ANAPC11,6
ANAPC2,6
ANAPC7,62
ANG,121
ANGEL1,143
ANGEL2,96
ANGPT1,24
ANGPT2,1
ANGPT4,172
ANGPTL1,37
ANGPTL2,54
ANGPTL3,8
ANGPTL4,4
ANGPTL5,27
ANGPTL6,166
ANGPTL7,118
ANHX,78
ANK1,134
ANK2,74
ANK3,186
ANKAR,196
ANKDD1A,193
ANKDD1B,155
ANKHD1,177
ANKIB1,142
ANKK1,79
ANKLE1,138
ANKRA2,36
ANKRD1,44
ANKRD10,61
ANKRD13A,139
ANKRD13B,123
ANKRD13C,48
ANKRD13D,190
ANKRD16,179
ANKRD17,82
ANKRD18A,43
ANKRD2,68
ANKRD22,155
ANKRD24,42
ANKRD26,198
ANKRD28,110
ANKRD29,180
ANKRD30A,143
ANKRD30B,6
ANKRD31,142
ANKRD33,175
ANKRD33B,61
ANKRD34A,54
ANKRD34B,142
ANKRD34C,61
ANKRD35,132
ANKRD37,55
ANKRD39,189
ANKRD40,200
ANKRD42,170
ANKRD44,145
ANKRD45,32
ANKRD52,107
ANKRD54,171
ANKRD55,128
ANKRD6,124
ANKRD61,175
ANKRD62,49
ANKRD65,75
ANKRD7,174
ANKS1A,186
ANKS1B,21
ANKS4B,65
ANKS6,187
ANLN,86
ANO1,142
ANO10,48
ANO2,16
ANO3,26
ANO4,49
ANO5,9
ANO6,48
ANO7,168
ANO8,68
ANO9,61
ANP32A,185
ANP32B,185
ANP32D,49
ANP32E,129
ANPEP,15
ANTKMT,17
ANTXR1,44
ANTXR2,31
ANTXRL,137
ANXA1,2
ANXA10,38
ANXA11,143
ANXA13,131
ANXA2,171
ANXA3,24
ANXA4,175
ANXA5,196
ANXA6,193
ANXA7,65
ANXA8,159
ANXA8L1,183
ANXA9,129
AOC1,97
AOC2,122
AOC3,96
AOPEP,67
AOX1,174
AP1B1,148
AP1G1,148
AP1G2,121
AP1M1,148
AP1M2,148
AP1S1,189
AP1S2,51
AP1S3,141
AP2A1,106
AP2A2,69
AP2B1,106
AP2M1,106
AP2S1,106
AP3B1,148
AP3B2,60
AP3M1,171
AP3M2,134
AP3S1,156
AP3S2,38
AP4B1,154
AP4E1,24
AP4M1,64
AP4S1,24
AP5Z1,74
APBA1,169
APBA2,185
APBA3,177
APBB1,63
APBB1IP,37
APBB2,177
APBB3,193
APC,90
APC2,56
APCDD1,48
APCDD1L,178
APCS,36
APEH,196
APEX1,8
APEX2,83
APH1A,29
APH1B,193
APLNR,170
APLP1,120
APLP2,79
APOA1,79
APOA4,74
APOA5,58
APOBEC1,199
APOBEC2,144
APOBEC3A,50
APOBEC3B,6
APOBEC3C,5
APOBEC3D,70
APOBEC3G,145
APOBEC3H,54
APOE,35
APOH,9
APOL1,145
APOL2,127
APOL3,38
APOL5,144
APOL6,178
APOLD1,179
APOO,199
APOOL,26
APP,11
APPBP2,198
APPL1,27
APPL2,11
APTX,139
AQP1,69
AQP10,129
AQP11,68
AQP12B,179
AQP2,167
AQP3,22
AQP4,173
AQP5,55
AQP6,19
AQP7,18
AQP8,144
AQP9,34
AQR,12
AR,38
ARAF,177
ARAP1,130
ARAP2,30
ARAP3,64
AREG,42
AREL1,171
ARF1,159
ARF3,16
ARF4,150
ARF5,127
ARF6,116
ARFGAP1,58
ARFGAP2,177
ARFGAP3,67
ARFGEF1,9
ARFGEF2,64
ARFIP1,65
ARFIP2,14
ARFRP1,147
ARG1,70
ARG2,11
ARGFX,138
ARHGAP1,198
ARHGAP10,200
ARHGAP11A,6
ARHGAP12,66
ARHGAP15,43
ARHGAP17,198
ARHGAP18,200
ARHGAP19,44
ARHGAP20,79
ARHGAP21,105
ARHGAP22,185
ARHGAP23,123
ARHGAP24,37
ARHGAP25,171
ARHGAP26,198
ARHGAP27,10
ARHGAP28,68
ARHGAP29,159
ARHGAP30,125
ARHGAP31,174
ARHGAP32,79
ARHGAP33,120
ARHGAP35,105
ARHGAP36,132
ARHGAP4,187
ARHGAP44,5
ARHGAP45,115
ARHGAP5,157
ARHGAP6,23
ARHGAP8,98
ARHGAP9,195
ARHGDIA,73
ARHGDIB,169
ARHGDIG,26
ARHGEF1,167
ARHGEF10,7
ARHGEF10L,169
ARHGEF11,132
ARHGEF12,29
ARHGEF15,2
ARHGEF16,96
ARHGEF17,139
ARHGEF18,48
ARHGEF19,175
ARHGEF2,7
ARHGEF25,186
ARHGEF26,55
ARHGEF28,155
ARHGEF3,60
ARHGEF35,97
ARHGEF37,175
ARHGEF38,138
ARHGEF39,176
ARHGEF40,125
ARHGEF5,141
ARHGEF6,177
ARHGEF7,152
ARHGEF9,138
ARID1A,90
ARID1B,90
ARID3A,179
ARID3B,199
ARID3C,176
ARID4A,157
ARID4B,110
ARID5A,189
ARID5B,37
ARIH1,159
ARIH2,108
ARK2C,186
ARK2N,172
ARL1,30
ARL10,74
ARL11,189
ARL13A,155
ARL13B,127
ARL14,199
ARL14EP,200
ARL14EPL,24
ARL15,165
ARL2,101
ARL3,157
ARL4A,38
ARL4C,78
ARL4D,14
ARL5A,38
ARL5B,113
ARL5C,123
ARL6,24
ARL6IP5,4
ARL8A,177
ARL8B,148
ARL9,136
ARMC10,126
ARMC12,178
ARMC3,38
ARMCX1,26
ARMCX2,14
ARMCX3,5
ARMCX4,178
ARMCX5,61
ARMCX6,118
ARNT,90
ARNT2,197
ARPC1A,34
ARPC1B,64
ARPC5,44
ARPC5L,51
ARPP19,33
ARPP21,26
ARR3,35
ARRB1,7
ARRB2,191
ARRDC1,78
ARRDC2,39
ARRDC3,157
ARRDC4,139
ARRDC5,3
ARSA,98
ARSB,49
ARSD,67
ARSF,166
ARSG,190
ARSH,167
ARSI,187
ARSJ,57
ARSK,24
ARSL,74
ART1,50
ART3,156
ART4,24
ART5,175
ARTN,185
ARVCF,19
ARX,197
AS3MT,155
ASAH1,47
ASAH2,166
ASAP1,37
ASAP2,68
ASAP3,96
ASB1,55
ASB10,182
ASB11,193
ASB12,189
ASB14,68
ASB15,54
ASB16,175
ASB18,168
ASB2,61
ASB3,11
ASB4,44
ASB5,4
ASB7,47
ASB9,89
ASCC3,16
ASCL1,92
ASCL2,197
ASCL3,36
ASCL4,41
ASCL5,88
ASF1A,164
ASF1B,164
ASGR1,70
ASGR2,177
ASH1L,90
ASIC1,177
ASIC2,11
ASIC3,97
ASIC4,190
ASIC5,179
ASIP,37
ASL,126
ASNS,108
ASNSD1,31
ASPA,46
ASPH,164
ASPHD1,187
ASPHD2,55
ASPM,162
ASPSCR1,73
ASRGL1,42
ASTL,133
ASTN1,53
ASTN2,192
ASXL1,37
ASXL3,166
ASZ1,16
ATAD1,46
ATAD2,131
ATAD2B,64
ATAD3A,84
ATAD3B,84
ATAD3C,74
ATAD5,48
ATCAY,4
ATF1,136
ATF2,28
ATF3,96
ATF4,108
ATF5,185
ATF6,16
ATF6B,139
ATF7,49
ATF7IP,197
ATF7IP2,41
ATG16L1,58
ATG16L2,68
ATG2A,119
ATG2B,55
ATG4A,33
ATG4B,193
ATG4C,37
ATG4D,187
ATG7,58
ATG9A,107
ATL1,27
ATL2,89
ATL3,20
ATM,140
ATMIN,162
ATN1,190
ATOH1,142
ATOH7,196
ATOH8,26
ATOSA,42
ATOSB,176
ATP10A,169
ATP10B,173
ATP10D,50
ATP11A,74
ATP11B,77
ATP11C,57
ATP12A,65
ATP13A1,85
ATP13A2,70
ATP13A3,89
ATP13A4,132
ATP13A5,55
ATP1A1,111
ATP1A2,190
ATP1A3,65
ATP1A4,191
ATP1B1,33
ATP1B2,3
ATP1B3,115
ATP1B4,143
ATP2A1,24
ATP2A2,101
ATP2A3,141
ATP2B1,104
ATP2B2,74
ATP2B3,179
ATP2B4,35
ATP2C1,85
ATP2C2,181
ATP4A,7
ATP4B,166
ATP5F1A,71
ATP5F1B,71
ATP5IF1,186
ATP5MC1,136
ATP5MC2,183
ATP5MC3,10
ATP5MG,71
ATP5MGL,98
ATP6V0A1,172
ATP6V0A2,113
ATP6V0A4,193
ATP6V0B,106
ATP6V0C,106
ATP6V0D1,106
ATP6V0D2,30
ATP6V0E1,116
ATP6V0E2,97
ATP6V1A,106
ATP6V1B1,178
ATP6V1B2,106
ATP6V1C1,106
ATP6V1C2,61
ATP6V1E1,106
ATP6V1E2,189
ATP6V1G1,116
ATP6V1G2,173
ATP6V1G3,67
ATP7A,15
ATP7B,16
ATP8A1,39
ATP8A2,65
ATP8B1,171
ATP8B2,129
ATP8B3,172
ATP8B4,48
ATP9A,186
ATP9B,67
ATPSCKMT,64
ATR,102
ATRN,152
ATRNL1,64
ATRX,83
ATXN1,169
ATXN1L,157
ATXN2,60
ATXN2L,84
ATXN3,38
ATXN3L,31
ATXN7,114
ATXN7L1,64
ATXN7L2,154
ATXN7L3,110
ATXN7L3B,165
AUH,34
AURKA,13
AURKB,102
AURKC,45
AUTS2,139
AVIL,195
AVP,132
AVPR1A,169
AVPR1B,182
AVPR2,74
AWAT1,156
AWAT2,178
AXIN1,90
AXIN2,5
AXL,70
AZGP1,15
AZI2,44
AZIN1,118
AZIN2,24
AZU1,56
B2M,31
B3GALNT1,51
B3GALNT2,55
B3GALT1,4
B3GALT2,11
B3GALT4,180
B3GALT5,7
B3GALT6,151
B3GAT1,79
B3GAT2,63
B3GAT3,151
B3GLCT,51
B3GNT2,150
B3GNT3,128
B3GNT4,77
B3GNT5,150
B3GNT6,130
B3GNT7,179
B3GNT8,171
B3GNT9,54
B4GALNT1,195
B4GALNT2,5
B4GALNT3,77
B4GALNT4,69
B4GALT1,140
B4GALT2,136
B4GALT3,132
B4GALT4,43
B4GALT5,2
B4GALT6,164
B4GALT7,151
B4GAT1,119
B9D1,175
B9D2,42
BAAT,127
BACE1,79
BACE2,166
BACH1,48
BACH2,98
BAG3,70
BAG4,34
BAG5,47
BAHD1,177
BAIAP2,73
BAIAP2L1,198
BAIAP2L2,189
BAIAP3,50
BAK1,185
BAMBI,38
BANF1,194
BANF2,23
BANK1,54
BAP1,109
BARHL1,140
BARHL2,24
BARX1,67
BARX2,79
BATF,113
BATF2,137
BATF3,62
BAX,198
BAZ1A,132
BAZ1B,126
BAZ2A,140
BAZ2B,189
BBOF1,29
BBOX1,24
BBS12,1
BBS4,47
BBX,42
BCAM,19
BCAN,167
BCAP29,27
BCAP31,103
BCAR1,152
BCAR3,154
BCAS4,171
BCAT1,66
BCAT2,186
BCDIN3D,136
BCHE,29
BCKDHA,172
BCKDHB,11
BCKDK,133
BCL11A,90
BCL11B,85
BCL2,115
BCL2A1,9
BCL2L1,104
BCL2L10,175
BCL2L11,127
BCL2L12,185
BCL2L14,184
BCL2L2,85
BCL3,62
BCL6,113
BCL6B,166
BCL7A,77
BCL7B,9
BCL7C,22
BCL9,42
BCL9L,90
BCLAF1,89
BCLAF3,15
BCO1,1
BCO2,79
BCOR,90
BCORL1,36
BCR,116
BDH1,77
BDKRB1,66
BDKRB2,132
BDNF,165
BECN1,110
BEND2,172
BEST1,19
BEST2,167
BEST3,174
BEST4,136
BEX1,187
BEX2,11
BEX3,23
BEX5,65
BFSP2,177
BGN,182
BHLHA15,125
BHLHA9,41
BHLHE22,41
BHLHE23,41
BHLHE40,181
BHLHE41,164
BHMT,49
BHMT2,125
BICC1,162
BICD1,30
BICD2,139
BICDL1,68
BICDL2,200
BICRA,114
BICRAL,114
BIN1,196
BIN2,192
BIN3,180
BIRC2,107
BIRC3,29
BIRC5,102
BIRC6,160
BIRC7,140
BIVM,23
BLK,185
BLM,83
BLNK,113
BLOC1S2,193
BLOC1S4,74
BLTP3A,60
BLTP3B,44
BLVRA,186
BMAL1,3
BMAL2,164
BMI1,46
BMP1,42
BMP10,1
BMP15,171
BMP2,37
BMP2K,53
BMP3,42
BMP4,53
BMP5,1
BMP6,39
BMP7,175
BMP8A,59
BMP8B,128
BMPER,189
BMPR1A,89
BMPR1B,65
BMPR2,89
BMS1,100
BMX,145
BNC1,181
BNC2,62
BNIP3,32
BNIP3L,190
BNIPL,129
BOC,55
BOD1,74
BOD1L1,87
BOD1L2,190
BOK,168
BOLA1,64
BOLA3,155
BOLL,155
BPGM,44
BPHL,10
BPI,65
BPIFA1,155
BPIFA2,155
BPIFA3,135
BPIFB1,140
BPIFB2,135
BPIFB3,177
BPIFB4,35
BPIFB6,135
BPIFC,28
BPNT1,60
BPNT2,11
BPTF,116
BRAF,81
BRCC3,199
BRD1,84
BRD2,84
BRD3,57
BRD4,114
BRD7,143
BRD9,114
BRDT,11
BRF1,86
BRF2,12
BRICD5,60
BRINP1,174
BRINP2,171
BRINP3,5
BRIP1,83
BRMS1,119
BRMS1L,157
BRPF1,90
BRPF3,189
BRS3,20
BRSK1,179
BRSK2,15
BRWD1,3
BRWD3,196
BSDC1,127
BSG,118
BSN,37
BSPH1,47
BSPRY,189
BST1,28
BSX,79
BTAF1,116
BTBD1,64
BTBD10,8
BTBD16,46
BTBD17,55
BTBD18,164
BTBD2,191
BTBD3,44
BTBD6,190
BTBD8,154
BTBD9,14
BTC,67
BTD,192
BTF3,84
BTF3L4,183
BTG1,82
BTG2,175
BTG3,127
BTG4,79
BTK,113
BTN1A1,170
BTN2A1,174
BTN2A2,94
BTN3A1,46
BTN3A2,42
BTN3A3,9
BTNL3,7
BTNL8,7
BTNL9,170
BTRC,30
BUB1,86
BUB1B,15
BUB3,100
BZW1,196
BZW2,29
C10orf120,20
C10orf90,50
C11orf24,49
C12orf50,24
C15orf48,37
C15orf62,139
C16orf96,172
C17orf99,172
C1GALT1,38
C1GALT1C1,38
C1QA,192
C1QB,144
C1QC,166
C1QL1,200
C1QL2,167
C1QL3,10
C1QL4,167
C1QTNF1,185
C1QTNF12,75
C1QTNF2,49
C1QTNF3,178
C1QTNF4,49
C1QTNF5,79
C1QTNF6,173
C1QTNF7,18
C1QTNF8,57
C1QTNF9,178
C1QTNF9B,178
C1RL,178
C1S,145
C1orf226,132
C1orf53,172
C2,185
C20orf173,19
C20orf202,187
C22orf42,48
C2CD2,63
C2CD2L,79
C2CD4A,44
C2CD4B,68
C2CD4C,56
C2CD4D,67
C2orf66,36
C3,68
C3AR1,178
C3orf18,128
C3orf20,17
C4BPA,172
C4BPB,23
C5,132
C5AR1,65
C5AR2,173
C6,124
C7,124
C8A,49
C8B,49
C8orf74,98
C9,49
CA1,35
CA10,1
CA11,65
CA12,66
CA13,42
CA14,22
CA2,189
CA3,178
CA4,55
CA5A,183
CA5B,15
CA6,170
CA7,127
CA8,34
CA9,176
CAB39,148
CAB39L,8
CABLES1,165
CABLES2,77
CABP1,191
CABP2,119
CABP4,119
CABP5,46
CABP7,42
CACHD1,175
CACNA1A,136
CACNA1B,168
CACNA1C,77
CACNA1D,174
CACNA1E,170
CACNA1F,178
CACNA1G,18
CACNA1H,61
CACNA1I,167
CACNA1S,188
CACNA2D1,29
CACNA2D2,132
CACNA2D3,9
CACNA2D4,132
CACNB1,122
CACNB2,155
CACNB3,136
CACNB4,189
CACNG1,156
CACNG2,32
CACNG3,28
CACNG4,136
CACNG5,174
CACNG6,31
CACNG7,167
CACNG8,58
CACTIN,13
CACUL1,37
CAD,111
CADM1,170
CADM2,2
CADM3,49
CADM4,124
CALB1,189
CALB2,193
CALCA,68
CALCB,168
CALCOCO1,136
CALCOCO2,145
CALCR,188
CALCRL,124
CALD1,44
CALHM1,4
CALHM2,68
CALHM3,174
CALHM4,186
CALHM5,69
CALHM6,16
CALM1,139
CALM2,139
CALM3,193
CALML3,168
CALML4,128
CALML5,61
CALML6,75
CALN1,136
CALR,165
CALR3,31
CALU,198
CALY,78
CAMK1,74
CAMK1D,1
CAMK1G,63
CAMK2A,144
CAMK2B,196
CAMK2D,35
CAMK2G,37
CAMK2N1,48
CAMK2N2,197
CAMK4,44
CAMKK1,7
CAMKK2,63
CAMKV,132
CAMSAP1,174
CAMSAP2,159
CAMSAP3,21
CAMTA1,75
CAMTA2,36
CAND1,105
CAND2,187
CANX,74
CAP1,105
CAP2,98
CAPG,189
CAPN1,119
CAPN10,60
CAPN11,36
CAPN12,68
CAPN13,14
CAPN14,65
CAPN15,61
CAPN2,7
CAPN3,143
CAPN5,19
CAPN6,139
CAPN7,53
CAPN9,65
CAPNS1,120
CAPNS2,36
CAPRIN1,159
CAPRIN2,164
CAPS,68
CAPS2,9
CAPSL,1
CAPZA1,35
CAPZA2,155
CAPZA3,44
CARD10,64
CARD11,143
CARD14,73
CARD16,89
CARD18,79
CARD6,42
CARD9,58
CARHSP1,169
CARM1,116
CARMIL1,39
CARMIL2,132
CARMIL3,121
CARNS1,119
CARS1,58
CARS2,72
CASK,22
CASKIN1,141
CASKIN2,58
CASP1,79
CASP10,141
CASP14,10
CASP2,198
CASP3,23
CASP4,199
CASP5,89
CASP6,67
CASP7,182
CASP8,144
CASP9,198
CASQ1,173
CASQ2,154
CASR,140
CASS4,184
CASTOR1,196
CASTOR2,126
CATIP,68
CATSPER1,119
CATSPER2,192
CATSPER3,14
CATSPER4,46
CAV1,16
CAV2,16
CAV3,168
CAVIN1,88
CAVIN2,198
CAVIN3,41
CAVIN4,1
CBFA2T2,38
CBFA2T3,55
CBL,79
CBLB,67
CBLC,36
CBLIF,125
CBLL1,110
CBLL2,55
CBLN1,143
CBLN2,8
CBLN3,187
CBLN4,44
CBR1,67
CBR3,189
CBS,192
CBX1,194
CBX2,73
CBX3,36
CBX4,46
CBX5,24
CBX6,4
CBX7,50
CBX8,191
CBY1,139
CBY2,124
CBY3,74
CC2D1A,21
CC2D1B,37
CC2D2A,156
CC2D2B,31
CCAR1,110
CCAR2,130
CCDC102A,122
CCDC102B,155
CCDC112,24
CCDC120,189
CCDC122,31
CCDC126,31
CCDC136,64
CCDC146,1
CCDC148,30
CCDC157,180
CCDC158,132
CCDC160,15
CCDC166,58
CCDC180,178
CCDC191,139
CCDC27,75
CCDC28B,127
CCDC38,23
CCDC42,51
CCDC61,182
CCDC63,26
CCDC65,36
CCDC68,36
CCDC69,23
CCDC70,26
CCDC71,127
CCDC71L,3
CCDC74A,192
CCDC74B,197
CCDC8,21
CCDC85A,177
CCDC85B,178
CCDC85C,169
CCDC88A,24
CCDC88B,119
CCDC88C,169
CCDC9,36
CCDC90B,32
CCDC92,125
CCDC9B,177
CCHCR1,68
CCIN,14
CCKAR,35
CCKBR,4
CCL1,123
CCL11,26
CCL13,123
CCL14,123
CCL16,123
CCL17,34
CCL18,155
CCL19,176
CCL2,123
CCL20,84
CCL21,176
CCL22,191
CCL23,11
CCL24,189
CCL25,96
CCL26,178
CCL27,176
CCL28,138
CCL3,11
CCL3L3,172
CCL4,94
CCL5,123
CCL7,123
CCL8,11
CCM2,115
CCM2L,135
CCN1,48
CCN2,175
CCN3,131
CCN4,170
CCN5,192
CCN6,196
CCNA1,24
CCNA2,12
CCNB1,12
CCNB2,30
CCNB3,155
CCND1,87
CCND2,117
CCND3,115
CCNE1,161
CCNE2,44
CCNF,87
CCNG1,82
CCNG2,139
CCNH,101
CCNI,82
CCNI2,19
CCNJ,34
CCNJL,164
CCNK,57
CCNL1,96
CCNL2,75
CCNO,174
CCNP,120
CCNT1,197
CCNT2,37
CCNY,44
CCNYL1,37
CCR1,44
CCR10,4
CCR2,15
CCR3,189
CCR4,32
CCR5,37
CCR6,182
CCR7,122
CCR8,38
CCR9,19
CCRL2,143
CCS,192
CCSER1,186
CCSER2,46
CCT2,162
CCT3,162
CCT4,162
CCT5,11
CCT6A,197
CCT6B,47
CCT7,162
CCT8,162
CCT8L2,189
CD101,154
CD109,164
CD151,159
CD163,20
CD163L1,180
CD164,193
CD164L2,16
CD180,34
CD1A,20
CD1B,145
CD1C,23
CD1D,143
CD1E,34
CD2,154
CD200,24
CD200R1,155
CD200R1L,47
CD209,5
CD22,30
CD226,65
CD244,27
CD248,119
CD27,182
CD274,35
CD276,5
CD28,10
CD2AP,165
CD300A,182
CD300C,186
CD300E,186
CD300LB,39
CD300LD,20
CD300LF,20
CD300LG,3
CD302,165
CD320,192
CD33,36
CD36,43
CD37,164
CD38,26
CD3D,96
CD3E,36
CD3G,79
CD40,164
CD40LG,38
CD44,140
CD46,104
CD48,24
CD5,125
CD53,34
CD55,32
CD59,192
CD5L,174
CD6,22
CD63,9
CD68,199
CD69,54
CD79A,113
CD79B,113
CD80,68
CD81,113
CD82,4
CD84,159
CD86,34
CD9,32
CD93,186
CD99L2,174
CDADC1,36
CDC14A,48
CDC14B,137
CDC16,162
CDC20,13
CDC20B,35
CDC23,6
CDC25A,15
CDC25B,12
CDC25C,33
CDC27,88
CDC34,56
CDC37,116
CDC37L1,62
CDC40,109
CDC42,152
CDC42BPA,58
CDC42BPB,77
CDC42BPG,137
CDC42EP1,44
CDC42EP2,119
CDC42EP3,181
CDC42EP4,55
CDC42EP5,61
CDC42SE1,129
CDC42SE2,9
CDC5L,13
CDC6,13
CDC7,104
CDCA2,7
CDCA4,77
CDCA7,2
CDCA7L,47
CDCP2,138
CDH1,158
CDH10,27
CDH11,85
CDH12,66
CDH13,166
CDH15,168
CDH16,171
CDH17,67
CDH18,26
CDH19,43
CDH2,152
CDH20,70
CDH22,15
CDH23,21
CDH24,140
CDH26,181
CDH3,42
CDH4,61
CDH5,143
CDH6,156
CDH7,170
CDH8,68
CDH9,42
CDHR1,125
CDHR2,172
CDHR3,175
CDHR4,166
CDHR5,60
CDIP1,200
CDK1,12
CDK10,78
CDK12,88
CDK13,116
CDK14,26
CDK15,155
CDK16,64
CDK17,44
CDK18,182
CDK19,43
CDK2,161
CDK20,9
CDK2AP1,185
CDK2AP2,119
CDK3,125
CDK4,87
CDK5,183
CDK5R1,178
CDK5R2,166
CDK5RAP1,132
CDK5RAP2,162
CDK6,115
CDK7,101
CDK8,37
CDK9,101
CDKAL1,23
CDKL1,145
CDKL2,14
CDKL3,23
CDKL4,38
CDKL5,26
CDKN1A,140
CDKN1B,159
CDKN1C,60
CDKN2A,57
CDKN2AIP,64
CDKN2AIPNL,171
CDKN2B,57
CDKN2C,159
CDKN2D,54
CDKN3,32
CDNF,125
CDON,79
CDR2,155
CDR2L,10
CDRT15,5
CDRT15L2,5
CDS1,44
CDS2,85
CDX1,190
CDX2,104
CDX4,14
CDYL,191
CDYL2,141
CEACAM1,6
CEACAM16,177
CEACAM19,65
CEACAM21,5
CEACAM3,2
CEACAM4,44
CEACAM5,47
CEACAM6,142
CEACAM7,27
CEACAM8,70
CEBPA,115
CEBPB,86
CEBPD,124
CEBPE,121
CEBPG,144
CEL,69
CELA1,137
CELA2A,69
CELA2B,69
CELA3A,69
CELA3B,69
CELF1,166
CELF2,65
CELF3,189
CELF4,189
CELF5,178
CELF6,182
CELSR1,167
CELSR2,30
CELSR3,171
CEMIP,16
CEMIP2,30
CENPA,99
CENPB,54
CENPE,84
CENPV,167
CEP135,83
CEP152,83
CEP164,44
CEP170,96
CEP170B,77
CEP250,132
CEP295,83
CEP295NL,36
CEP41,23
CEP57,83
CEP57L1,23
CEP63,83
CEP68,184
CEP72,61
CEP76,31
CEP83,198
CEP85,88
CEP85L,200
CEP97,83
CEPT1,113
CER1,62
CERCAM,19
CERK,98
CERKL,200
CERS1,167
CERS2,149
CERS3,47
CERS4,178
CERS5,24
CERS6,127
CERT1,149
CES1,94
CES2,198
CES3,171
CES4A,18
CES5A,49
CETN1,17
CETN2,24
CETN3,31
CETP,132
CFAP100,49
CFAP119,180
CFAP144,136
CFAP20,99
CFAP20DC,38
CFAP251,77
CFAP276,153
CFAP44,143
CFAP47,32
CFAP52,41
CFAP58,98
CFAP65,174
CFAP70,165
CFAP73,67
CFB,18
CFC1,69
CFC1B,2
CFD,56
CFH,31
CFHR1,88
CFHR2,166
CFHR3,88
CFHR5,24
CFI,124
CFL1,105
CFL2,36
CFLAR,150
CFTR,10
CGAS,28
CGB7,172
CGN,129
CGNL1,48
CGREF1,174
CH25H,167
CHAC1,196
CHAC2,155
CHAD,200
CHADL,173
CHAT,137
CHCHD10,167
CHCHD2,138
CHCHD3,71
CHCHD5,133
CHCHD6,175
CHD1,99
CHD1L,24
CHD2,29
CHD3,5
CHD4,90
CHD5,75
CHD6,43
CHD7,115
CHD8,105
CHD9,26
CHGA,47
CHGB,185
CHI3L1,144
CHI3L2,26
CHIA,153
CHIC1,198
CHIC2,4
CHID1,61
CHIT1,173
CHKA,113
CHKB,98
CHL1,23
CHM,113
CHML,3
CHMP1A,104
CHMP1B,196
CHMP2A,104
CHMP2B,44
CHMP3,104
CHMP4A,121
CHMP4B,85
CHMP4C,157
CHMP5,150
CHMP7,162
CHN1,27
CHN2,10
CHODL,37
CHORDC1,116
CHP1,38
CHP2,24
CHPF,168
CHPF2,97
CHPT1,155
CHRD,173
CHRDL1,188
CHRDL2,130
CHRFAM7A,199
CHRM1,119
CHRM2,97
CHRM3,58
CHRM4,177
CHRM5,140
CHRNA1,68
CHRNA10,172
CHRNA2,68
CHRNA3,41
CHRNA4,182
CHRNA5,197
CHRNA6,134
CHRNA7,24
CHRNA9,177
CHRNB1,132
CHRNB2,68
CHRNB3,134
CHRNB4,63
CHRND,78
CHRNE,166
CHRNG,78
CHST1,49
CHST10,133
CHST11,170
CHST12,169
CHST13,169
CHST14,186
CHST2,64
CHST3,18
CHST4,142
CHST5,181
CHST6,55
CHST7,66
CHST8,189
CHST9,156
CHSY1,60
CHSY3,166
CHTOP,129
CHUK,117
CIAO2A,165
CIAO2B,83
CIAO3,162
CIB1,39
CIB2,174
CIB3,138
CIB4,185
CIBAR1,30
CIBAR2,199
CIC,157
CIDEA,64
CIDEB,121
CIDEC,47
CIITA,137
CILK1,171
CILP,1
CILP2,167
CIMAP1A,78
CIMAP1B,69
CIMAP1C,4
CIMAP1D,60
CIMIP1,36
CIMIP2B,176
CIMIP5,66
CIP2A,83
CIRBP,62
CISD1,54
CISD2,193
CISD3,122
CISH,124
CIT,92
CITED1,138
CITED2,88
CITED4,68
CKAP2,157
CKAP2L,159
CKAP4,26
CKB,61
CKLF,127
CKM,173
CKMT2,177
CKS1B,161
CKS2,31
CLASRP,99
CLBA1,77
CLC,120
CLCA1,32
CLCA2,164
CLCA4,192
CLCF1,178
CLCN1,8
CLCN2,168
CLCN3,98
CLCN4,181
CLCN5,143
CLCN6,70
CLCN7,165
CLCNKA,70
CLCNKB,197
CLDN1,77
CLDN10,3
CLDN11,19
CLDN14,175
CLDN15,174
CLDN16,182
CLDN17,49
CLDN18,192
CLDN19,3
CLDN2,44
CLDN20,175
CLDN22,57
CLDN23,48
CLDN25,79
CLDN3,177
CLDN4,177
CLDN5,163
CLDN6,185
CLDN7,197
CLDN8,48
CLDN9,200
CLDND2,10
CLEC10A,5
CLEC11A,198
CLEC12A,143
CLEC12B,5
CLEC14A,142
CLEC17A,145
CLEC18A,172
CLEC18B,94
CLEC1A,14
CLEC1B,68
CLEC2A,155
CLEC2B,38
CLEC2D,41
CLEC2L,66
CLEC3A,6
CLEC3B,166
CLEC4A,1
CLEC4C,171
CLEC4D,127
CLEC4E,29
CLEC4F,49
CLEC4G,17
CLEC4M,180
CLEC5A,57
CLEC6A,144
CLEC7A,22
CLEC9A,24
CLGN,1
CLHC1,156
CLIC1,170
CLIC2,62
CLIC3,78
CLIC4,66
CLIC5,140
CLIC6,65
CLINT1,38
CLIP1,175
CLIP2,188
CLIP3,68
CLIP4,57
CLK1,11
CLK2,129
CLK3,48
CLK4,78
CLMN,199
CLMP,157
CLN8,61
CLNK,43
CLOCK,167
CLP1,53
CLPS,174
CLPSL1,68
CLPSL2,190
CLPTM1,178
CLPTM1L,69
CLRN1,17
CLRN2,132
CLRN3,3
CLSTN1,139
CLSTN2,26
CLSTN3,196
CLTA,67
CLTB,74
CLTC,107
CLTCL1,22
CLU,67
CLUL1,199
CLVS1,14
CLVS2,199
CLXN,36
CMA1,23
CMKLR1,181
CMKLR2,186
CMPK1,111
CMPK2,184
CMTM1,156
CMTM2,188
CMTM3,9
CMTM4,44
CMTM5,121
CMTM6,46
CMTM7,169
CMTM8,5
CMTR1,99
CMTR2,99
CMYA5,44
CNBD1,48
CNBP,197
CNDP1,191
CNDP2,4
CNFN,173
CNGA1,24
CNGA2,175
CNGA3,133
CNGA4,167
CNGB1,189
CNGB3,136
CNIH1,9
CNIH2,119
CNIH3,58
CNIH4,194
CNKSR1,68
CNKSR2,156
CNKSR3,54
CNMD,189
CNN1,36
CNN2,180
CNN3,154
CNNM1,166
CNNM2,74
CNNM3,67
CNNM4,189
CNOT2,82
CNOT3,82
CNOT6,82
CNOT6L,6
CNOT7,82
CNOT8,82
CNPY1,9
CNPY2,91
CNPY3,140
CNPY4,126
CNR1,21
CNR2,70
CNTFR,176
CNTN1,9
CNTN2,20
CNTN3,49
CNTN4,60
CNTN5,164
CNTN6,57
CNTNAP1,137
CNTNAP2,199
CNTNAP3,66
CNTNAP3B,66
CNTNAP4,41
CNTNAP5,4
COASY,111
COBL,187
COBLL1,199
COCH,24
COG4,150
COL10A1,4
COL11A1,154
COL11A2,166
COL12A1,5
COL13A1,34
COL14A1,167
COL15A1,138
COL16A1,41
COL17A1,49
COL18A1,170
COL19A1,125
COL1A1,167
COL1A2,191
COL20A1,58
COL21A1,49
COL22A1,169
COL23A1,179
COL24A1,21
COL25A1,172
COL27A1,169
COL28A1,190
COL2A1,175
COL3A1,172
COL4A1,191
COL4A2,174
COL4A3,44
COL4A4,172
COL4A5,37
COL4A6,22
COL5A1,36
COL5A2,5
COL5A3,49
COL6A1,68
COL6A2,179
COL6A3,4
COL6A6,7
COL7A1,193
COL8A1,127
COL8A2,11
COL9A1,140
COL9A2,174
COL9A3,70
COLEC10,48
COLEC11,61
COLEC12,171
COLGALT1,42
COLGALT2,39
COLQ,2
COMMD6,200
COMMD7,150
COMMD8,150
COMP,169
COMT,163
COMTD1,196
COP1,108
COPA,6
COPB2,6
COPG1,150
COPS2,109
COPS3,109
COPS4,109
COPS5,109
COPS6,109
COPS7A,109
COPS7B,64
COPZ1,13
COQ10A,144
COQ10B,172
COQ2,72
COQ5,72
COQ6,72
COQ8A,96
COQ8B,18
CORO1A,113
CORO1B,119
CORO1C,105
CORO2A,53
CORO2B,188
CORO6,123
CORO7,200
CORT,84
COTL1,64
COX10,72
COX11,72
COX16,72
COX18,72
COX19,72
COX4I1,72
COX4I2,180
COX6A1,72
COX6A2,133
COX6B1,72
COX6B2,178
COX7A1,68
COX7A2L,155
COX7B,72
COX7B2,31
COX8A,72
COX8C,179
CP,46
CPA1,173
CPA2,15
CPA3,47
CPA4,166
CPA5,96
CPA6,34
CPAMD8,183
CPAP,83
CPB1,156
CPB2,4
CPD,91
CPE,74
CPEB1,18
CPEB2,42
CPEB3,167
CPEB4,42
CPLX1,179
CPLX2,98
CPLX3,180
CPLX4,20
CPM,36
CPN1,170
CPN2,77
CPNE1,132
CPNE2,132
CPNE3,5
CPNE4,48
CPNE5,140
CPNE6,121
CPNE7,183
CPNE8,157
CPNE9,74
CPO,141
CPS1,155
CPSF1,102
CPSF2,102
CPSF3,102
CPSF4,99
CPSF4L,170
CPSF6,13
CPSF7,42
CPT1A,119
CPT1B,3
CPT1C,42
CPT2,156
CPTP,75
CPVL,44
CPXM1,7
CPXM2,9
CPZ,182
CR1L,104
CR2,5
CRABP1,175
CRABP2,127
CRACDL,153
CRACR2A,61
CRACR2B,60
CRAT,68
CRB2,140
CRB3,158
CREB1,58
CREB3,176
CREB3L1,177
CREB3L2,68
CREB3L3,63
CREB3L4,10
CREB5,68
CREBBP,88
CREG1,61
CREG2,67
CRELD1,170
CRELD2,98
CREM,198
CRH,144
CRHR1,19
CRHR2,192
CRIM1,170
CRIP1,77
CRIP2,77
CRIP3,37
CRIPT,109
CRIPTO,183
CRISP1,38
CRISP2,47
CRISP3,155
CRISPLD1,42
CRISPLD2,187
CRK,152
CRKL,152
CRLF1,135
CRLF3,123
CRLS1,71
CRMP1,61
CRNKL1,13
CRNN,178
CROCC,55
CROT,31
CRP,24
CRTAM,26
CRTAP,199
CRTC1,31
CRTC2,81
CRTC3,81
CRX,14
CRY1,37
CRY2,193
CRYAA,55
CRYAB,79
CRYBA1,123
CRYBA2,191
CRYBA4,96
CRYBB1,68
CRYBB2,66
CRYBB3,138
CRYBG1,177
CRYGA,37
CRYGB,132
CRYGC,125
CRYGD,183
CRYGN,182
CRYGS,77
CRYL1,177
CRYZ,157
CRYZL1,36
CSAD,65
CSAG1,66
CSDC2,184
CSE1L,88
CSF1R,145
CSF2RB,116
CSF3R,185
CSGALNACT1,142
CSGALNACT2,37
CSH2,59
CSHL1,59
CSK,113
CSKMT,119
CSMD1,7
CSMD2,174
CSMD3,167
CSNK1A1,90
CSNK1A1L,177
CSNK1D,77
CSNK1G1,137
CSNK1G2,20
CSNK1G3,44
CSNK2A1,38
CSNK2A2,38
CSRNP1,114
CSRNP2,196
CSRNP3,65
CSRP1,36
CSRP2,166
CSRP3,199
CST1,94
CST11,24
CST2,185
CST3,185
CST4,94
CST5,4
CST6,119
CST7,165
CST8,1
CST9,188
CST9L,44
CSTA,30
CSTB,197
CSTF1,99
CSTF2,88
CSTF2T,90
CSTL1,34
CT47B1,68
CT55,94
CTAG2,168
CTAGE1,65
CTAGE9,181
CTBP1,116
CTBP2,89
CTBS,48
CTCF,104
CTCFL,58
CTDNEP1,162
CTDSP1,64
CTDSP2,195
CTDSPL,180
CTDSPL2,109
CTF1,5
CTHRC1,128
CTIF,200
CTLA4,4
CTNNA1,158
CTNNA2,143
CTNNA3,191
CTNNAL1,8
CTNNB1,104
CTNNBIP1,90
CTNND1,158
CTNND2,17
CTPS1,111
CTPS2,89
CTRB1,181
CTRB2,181
CTRC,175
CTRL,37
CTSA,28
CTSB,4
CTSC,98
CTSD,69
CTSE,166
CTSF,119
CTSG,121
CTSH,181
CTSK,129
CTSL,28
CTSO,29
CTSS,49
CTSV,9
CTSW,119
CTSZ,58
CTTN,15
CTTNBP2,68
CTTNBP2NL,154
CTXN1,3
CTXN2,28
CTXN3,44
CUBN,5
CUL1,12
CUL2,200
CUL3,105
CUL4A,7
CUL4B,162
CUL5,108
CUL7,187
CUL9,187
CUX1,65
CUX2,197
CUZD1,89
CWC22,12
CWC27,36
CWF19L1,109
CWF19L2,109
CX3CL1,42
CX3CR1,42
CXCL1,185
CXCL10,11
CXCL11,39
CXCL13,2
CXCL2,96
CXCL3,11
CXCL5,181
CXCL6,67
CXCL8,198
CXCL9,34
CXCR1,42
CXCR2,171
CXCR3,18
CXCR4,137
CXCR5,79
CXCR6,172
CXXC1,110
CXXC4,64
CXXC5,182
CYB561,186
CYB561A3,113
CYB561D1,153
CYB561D2,159
CYB5A,42
CYB5B,103
CYB5D2,179
CYB5R1,41
CYB5R2,145
CYB5R3,98
CYB5R4,110
CYB5RL,200
CYBB,192
CYBRD1,64
CYFIP1,157
CYGB,58
CYLC1,37
CYLC2,9
CYP11A1,2
CYP11B1,94
CYP11B2,172
CYP19A1,189
CYP1A1,37
CYP1A2,184
CYP1B1,68
CYP24A1,58
CYP26A1,4
CYP26B1,68
CYP26C1,4
CYP27A1,53
CYP27B1,195
CYP27C1,189
CYP2A13,181
CYP2A6,172
CYP2A7,41
CYP2B6,32
CYP2C18,155
CYP2C19,128
CYP2C8,24
CYP2C9,45
CYP2D6,30
CYP2E1,78
CYP2F1,15
CYP2J2,8
CYP2R1,67
CYP2S1,5
CYP2U1,189
CYP2W1,182
CYP39A1,30
CYP3A4,46
CYP3A43,28
CYP3A5,30
CYP3A7,66
CYP4A11,27
CYP4A22,172
CYP4B1,185
CYP4F11,96
CYP4F12,96
CYP4F2,96
CYP4F22,14
CYP4F3,145
CYP4V2,98
CYP4X1,143
CYP4Z1,24
CYP7A1,139
CYP7B1,53
CYP8B1,174
CYRIA,42
CYRIB,105
CYSLTR1,26
CYSLTR2,31
CYTH1,27
CYTH2,178
CYTH3,141
CYTH4,19
CYTIP,44
D2HGDH,78
DAAM1,142
DAAM2,53
DAB1,143
DAB2,1
DAB2IP,68
DACH1,10
DACH2,132
DACT1,1
DACT2,169
DACT3,173
DAGLA,119
DAGLB,62
DAND5,165
DAO,145
DAP,141
DAPK1,68
DAPK2,189
DAPK3,108
DAPL1,38
DAPP1,143
DARS1,108
DARS2,72
DAW1,57
DAZAP1,89
DAZL,28
DBF4,104
DBF4B,29
DBH,173
DBI,139
DBN1,174
DBNDD1,78
DBNDD2,40
DBNL,124
DBP,166
DBT,140
DBX2,8
DCAF12,186
DCAF12L1,139
DCAF12L2,191
DCAF4,59
DCAF4L1,169
DCAF4L2,10
DCAF5,168
DCAF6,34
DCAF8,22
DCAF8L1,197
DCAF8L2,43
DCAKD,132
DCBLD1,170
DCBLD2,198
DCC,167
DCD,5
DCDC2,60
DCDC2B,127
DCHS1,190
DCHS2,55
DCK,29
DCLK1,143
DCLK2,199
DCLK3,34
DCLRE1A,198
DCLRE1B,82
DCLRE1C,67
DCN,42
DCP1B,139
DCST1,129
DCST2,16
DCSTAMP,128
DCT,141
DCTD,3
DCTN1,162
DCUN1D1,42
DCUN1D2,77
DCUN1D3,132
DCUN1D4,37
DCUN1D5,29
DCX,174
DDAH1,44
DDAH2,67
DDB1,6
DDC,21
DDHD1,48
DDHD2,134
DDI1,79
DDI2,88
DDIT4,108
DDIT4L,48
DDO,68
DDR1,177
DDR2,188
DDX1,99
DDX10,59
DDX11,162
DDX17,28
DDX18,100
DDX19A,85
DDX19B,26
DDX20,101
DDX21,100
DDX23,13
DDX24,86
DDX25,79
DDX27,100
DDX28,72
DDX31,82
DDX39A,180
DDX39B,38
DDX3X,165
DDX4,39
DDX41,13
DDX42,157
DDX43,125
DDX46,13
DDX47,101
DDX49,100
DDX5,88
DDX50,28
DDX51,100
DDX52,101
DDX53,1
DDX54,100
DDX55,100
DDX56,100
DDX59,99
DDX6,64
DDX60,199
DDX60L,70
DECR1,5
DECR2,78
DEDD,44
DEDD2,167
DEF6,41
DEF8,78
DEFA4,46
DEFA5,22
DEFA6,167
DEFB115,155
DEFB116,155
DEFB118,155
DEFB119,9
DEFB121,155
DEFB123,9
DEFB124,155
DEFB125,145
DEFB127,11
DEFB128,11
DEFB129,24
DEFB131A,29
DEFB132,61
DEFB134,66
DEFB135,15
DEGS1,198
DEGS2,169
DELE1,53
DENND1A,113
DENND1B,15
DENND1C,28
DENND2A,190
DENND2B,35
DENND2C,154
DENND2D,48
DENND3,185
DENND4A,113
DENND4B,173
DENND4C,104
DENND5A,92
DENND5B,26
DENND6A,186
DENND6B,69
DEPDC1,23
DEPDC1B,1
DEPDC4,38
DEPDC7,28
DEPTOR,131
DERL1,146
DERL2,146
DERL3,196
DES,20
DESI1,171
DESI2,31
DEUP1,24
DFFA,48
DGAT1,76
DGAT2,55
DGAT2L6,180
DGCR6,163
DGCR6L,163
DGKA,136
DGKB,2
DGKD,70
DGKE,193
DGKG,174
DGKH,174
DGKI,67
DGKQ,74
DGKZ,177
DGUOK,44
DHCR7,15
DHDH,187
DHFR,111
DHFR2,111
DHH,68
DHODH,111
DHRS1,121
DHRS11,122
DHRS12,27
DHRS13,123
DHRS2,5
DHRS3,167
DHRS4,94
DHRS4L2,94
DHRS7,42
DHRS7B,103
DHRS7C,46
DHRS9,60
DHTKD1,180
DHX15,12
DHX16,13
DHX29,116
DHX30,71
DHX32,172
DHX33,100
DHX34,21
DHX35,109
DHX36,110
DHX37,100
DHX38,13
DHX40,164
DHX57,189
DHX58,49
DHX8,13
DHX9,87
DIAPH1,171
DIAPH2,191
DIAPH3,162
DIDO1,172
DIMT1,100
DIO1,192
DIO2,5
DIO3,190
DIP2A,78
DIP2B,65
DIP2C,173
DIPK1A,154
DIPK1B,68
DIPK1C,166
DIPK2A,198
DIPK2B,2
DIRAS1,20
DIRAS2,137
DIRAS3,14
DIS3,100
DIS3L,110
DIS3L2,37
DISP1,58
DISP2,185
DISP3,5
DIXDC1,79
DLAT,112
DLC1,17
DLD,111
DLEC1,54
DLG1,62
DLG2,5
DLG3,37
DLG4,26
DLG5,152
DLGAP1,98
DLGAP2,61
DLGAP3,171
DLGAP4,11
DLGAP5,82
DLK1,17
DLK2,196
DLL1,182
DLL3,120
DLL4,196
DLST,111
DLX1,15
DLX2,68
DLX3,14
DLX4,53
DLX5,165
DLX6,165
DMBT1,89
DMBX1,53
DMC1,49
DMD,36
DMGDH,140
DMPK,167
DMRT1,57
DMRT2,62
DMRT3,57
DMRTA1,57
DMRTA2,183
DMRTB1,67
DMRTC2,96
DMTF1,170
DMTN,26
DMWD,174
DMXL1,113
DMXL2,196
DNAAF1,39
DNAAF10,162
DNAAF11,38
DNAAF2,196
DNAAF3,190
DNAAF4,32
DNAH1,139
DNAH10,17
DNAH11,55
DNAH12,44
DNAH14,11
DNAH2,54
DNAH3,166
DNAH5,61
DNAH6,2
DNAH7,15
DNAH9,136
DNAI1,176
DNAI2,182
DNAI3,154
DNAI4,1
DNAJA1,109
DNAJA2,109
DNAJA3,101
DNAJA4,30
DNAJB1,66
DNAJB11,146
DNAJB12,50
DNAJB13,130
DNAJB14,46
DNAJB2,98
DNAJB4,155
DNAJB5,176
DNAJB6,155
DNAJB7,32
DNAJB8,187
DNAJB9,38
DNAJC1,157
DNAJC10,9
DNAJC11,71
DNAJC12,9
DNAJC13,110
DNAJC14,144
DNAJC15,51
DNAJC16,8
DNAJC17,12
DNAJC18,2
DNAJC19,53
DNAJC2,99
DNAJC21,150
DNAJC24,99
DNAJC25,191
DNAJC27,55
DNAJC28,36
DNAJC3,146
DNAJC30,43
DNAJC4,119
DNAJC5,69
DNAJC5B,14
DNAJC5G,15
DNAJC6,49
DNAJC7,178
DNAJC9,199
DNASE1,196
DNASE1L1,190
DNASE1L2,167
DNASE1L3,193
DNASE2,165
DNASE2B,24
DND1,181
DNER,172
DNHD1,139
DNM1,78
DNM1L,199
DNM2,106
DNM3,30
DNMBP,144
DNMT1,100
DNMT3A,74
DNMT3B,135
DNMT3L,172
DNTT,49
DOC2A,133
DOCK10,152
DOCK11,21
DOCK2,113
DOCK3,5
DOCK4,54
DOCK5,104
DOCK6,156
DOCK7,152
DOCK8,57
DOCK9,167
DOK1,177
DOK2,184
DOK3,74
DOK4,35
DOK5,42
DOK6,5
DOLPP1,150
DOP1A,64
DOP1B,191
DPEP1,96
DPEP2,155
DPEP3,140
DPF1,30
DPF2,90
DPF3,65
DPH1,99
DPH2,99
DPM1,146
DPP10,175
DPP4,44
DPP7,78
DPP8,66
DPP9,173
DPPA2,183
DPPA4,24
DPPA5,125
DPRX,145
DPY19L1,155
DPY19L2,180
DPY19L3,9
DPY19L4,156
DPYD,32
DPYS,61
DPYSL2,54
DPYSL3,178
DPYSL4,78
DPYSL5,168
DQX1,188
DR1,116
DRAM1,128
DRAM2,29
DRAP1,116
DRC1,170
DRC3,167
DRD1,179
DRD2,55
DRD3,11
DRD4,61
DRD5,61
DRG1,156
DRG2,3
DRGX,30
DRICH1,34
DRP2,67
DSC1,170
DSC2,67
DSC3,29
DSCAM,21
DSCAML1,61
DSE,178
DSEL,27
DSG1,1
DSG2,50
DSG3,164
DSG4,28
DSP,8
DST,22
DSTN,52
DSTYK,182
DTD1,50
DTD2,139
DTHD1,5
DTNA,22
DTNB,199
DTNBP1,8
DTWD1,29
DTX1,61
DTX2,162
DTX3,29
DTX3L,68
DTX4,170
DTYMK,111
DUOX1,49
DUOX2,174
DUOXA1,187
DUOXA2,137
DUS1L,73
DUS2,171
DUS3L,178
DUS4L,1
DUSP1,61
DUSP10,37
DUSP12,196
DUSP13B,173
DUSP14,157
DUSP15,135
DUSP16,29
DUSP18,68
DUSP19,29
DUSP2,167
DUSP21,189
DUSP22,199
DUSP26,173
DUSP28,199
DUSP29,173
DUSP3,4
DUSP4,81
DUSP5,58
DUSP6,110
DUSP7,174
DUSP8,41
DUSP9,68
DUXA,45
DVL1,75
DVL2,132
DVL3,77
DYDC1,34
DYDC2,156
DYNC1H1,7
DYNC1I1,7
DYNC1I2,36
DYNC1LI1,36
DYNC1LI2,162
DYNC2H1,29
DYNC2I1,53
DYNC2I2,50
DYNLL1,162
DYNLL2,39
DYNLRB1,162
DYNLRB2,5
DYNLT1,142
DYNLT2,47
DYNLT2B,37
DYNLT3,18
DYNLT4,189
DYNLT5,49
DYRK1A,84
DYRK1B,120
DYRK2,39
DYRK3,11
DYRK4,96
DYSF,189
DYTN,26
DZIP1,64
DZIP1L,175
DZIP3,127
E2F1,161
E2F2,68
E2F3,161
E2F4,197
E2F5,11
E2F7,44
E2F8,36
E4F1,101
EAF1,162
EAF2,157
EARS2,72
EBF1,113
EBF2,174
EBF3,54
EBF4,175
EBI3,179
EBLN1,199
EBLN2,3
EBP,175
EBPL,200
ECE1,54
ECEL1,78
ECH1,120
ECHDC1,36
ECHDC2,173
ECHDC3,10
ECHS1,98
ECI1,57
ECI2,29
ECM2,37
ECPAS,38
ECT2L,143
EDA,67
EDA2R,189
EDAR,138
EDDM3A,121
EDDM3B,1
EDEM1,55
EDEM2,15
EDEM3,132
EDIL3,6
EDN1,10
EDN2,140
EDN3,169
EDNRA,64
EDNRB,55
EEF1A2,70
EEF1AKMT3,195
EEF1AKMT4,89
EEF1B2,183
EEF1D,76
EEF1G,53
EEF2,191
EEF2K,174
EEF2KMT,194
EEFSEC,85
EEIG1,68
EEIG2,157
EFCAB12,180
EFCAB2,96
EFCAB3,140
EFCAB5,123
EFCAB6,98
EFCAB7,30
EFCAB9,7
EFCC1,7
EFEMP1,15
EFEMP2,192
EFHB,23
EFHC1,14
EFHC2,39
EFHD1,175
EFHD2,41
EFL1,104
EFNA1,68
EFNA2,56
EFNA3,11
EFNA4,129
EFNA5,200
EFNB1,138
EFNB2,28
EFNB3,156
EFR3A,104
EFR3B,63
EFS,34
EFTUD2,12
EGF,124
EGFL6,175
EGFL7,76
EGFL8,173
EGFLAM,138
EGFR,159
EGLN1,200
EGLN2,180
EGLN3,68
EGR1,62
EGR2,186
EGR3,124
EGR4,196
EHBP1,92
EHBP1L1,37
EHD1,3
EHD2,170
EHD3,37
EHD4,48
EHF,192
EHHADH,77
EHMT1,114
EHMT2,114
EID1,172
EID2,67
EID2B,18
EID3,139
EIF1,160
EIF1AX,165
EIF1B,24
EIF2AK1,53
EIF2AK2,35
EIF2AK3,186
EIF2AK4,108
EIF2B1,53
EIF2B2,160
EIF2B3,160
EIF2B4,160
EIF2B5,160
EIF2S3,92
EIF3F,194
EIF3H,88
EIF3M,88
EIF4A1,84
EIF4A2,59
EIF4A3,12
EIF4B,183
EIF4E,34
EIF4E1B,98
EIF4E2,113
EIF4E3,132
EIF4EBP1,16
EIF4EBP2,127
EIF4EBP3,178
EIF4G1,84
EIF4G2,88
EIF4G3,26
EIF4H,185
EIF5A,99
EIF5A2,51
EIF5AL1,68
EIF5B,53
ELAC1,37
ELAC2,101
ELANE,56
ELAPOR1,67
ELAPOR2,32
ELAVL1,81
ELAVL2,57
ELAVL3,143
ELAVL4,8
ELF1,8
ELF2,200
ELF3,58
ELF4,17
ELF5,140
ELFN1,55
ELFN2,55
ELK1,167
ELK3,139
ELK4,62
ELL,89
ELL2,37
ELL3,127
ELMO1,113
ELMO2,152
ELMO3,159
ELMOD1,30
ELMOD2,155
ELMOD3,127
ELOA,115
ELOA2,29
ELOVL1,149
ELOVL2,141
ELOVL3,187
ELOVL4,37
ELOVL5,31
ELOVL6,37
ELOVL7,39
ELSPBP1,155
EMB,30
EMC8,84
EMC9,121
EME1,180
EME2,67
EMID1,144
EMILIN1,3
EMILIN2,98
EMILIN3,4
EML1,61
EML2,128
EML3,119
EML4,32
EML5,60
EML6,165
EMP1,68
EMP2,178
EMP3,43
EMX1,189
EMX2,21
EN1,26
EN2,169
ENAH,36
ENC1,105
ENDOG,53
ENG,182
ENKD1,164
ENKUR,199
ENO1,99
ENO2,174
ENO3,177
ENOX1,142
ENOX2,64
ENPEP,65
ENPP1,68
ENPP2,131
ENPP3,48
ENPP4,44
ENPP5,30
ENPP6,5
ENPP7,190
ENSA,129
ENTHD1,34
ENTPD1,171
ENTPD2,145
ENTPD3,167
ENTPD4,35
ENTPD5,155
ENTPD6,185
ENTPD7,96
ENTPD8,141
ENTREP1,30
ENTREP2,16
ENTREP3,180
EOGT,192
EOLA1,178
EOLA2,197
EOMES,44
EP300,115
EP400,74
EPAS1,124
EPB41,15
EPB41L1,67
EPB41L2,23
EPB41L3,170
EPB41L4A,8
EPB41L4B,44
EPB41L5,49
EPB42,137
EPC1,162
EPC2,162
EPCAM,50
EPG5,107
EPGN,165
EPHA1,186
EPHA10,185
EPHA2,115
EPHA3,157
EPHA4,64
EPHA5,4
EPHA6,24
EPHA7,189
EPHA8,169
EPHB1,124
EPHB2,55
EPHB3,187
EPHB4,68
EPHB6,167
EPHX2,67
EPHX3,170
EPHX4,154
EPM2A,67
EPM2AIP1,10
EPN1,179
EPN2,53
EPN3,200
EPOP,122
EPOR,170
EPPIN,32
EPRS1,101
EPS15,142
EPS15L1,37
EPS8,62
EPS8L1,58
EPS8L2,193
EPS8L3,153
EPX,136
EPYC,196
ERAL1,72
ERAP1,142
ERAP2,26
ERAS,180
ERBB2,160
ERBB3,160
ERBB4,9
ERBIN,128
ERC1,77
ERC2,124
ERCC2,99
ERCC5,7
ERCC6,137
ERCC6L,162
ERCC8,128
EREG,124
ERF,65
ERG,191
ERGIC1,168
ERGIC2,164
ERGIC3,198
ERI1,48
ERI2,31
ERI3,167
ERICH6,3
ERICH6B,48
ERLEC1,38
ERLIN1,29
ERLIN2,134
ERMAP,55
ERMN,171
ERN1,50
ERN2,144
ERO1A,31
ERO1B,31
ERP27,187
ERP44,28
ERV3-1,96
ERVFRD-1,23
ERVW-1,125
ESAM,79
ESCO1,165
ESCO2,162
ESPN,197
ESPNL,78
ESR1,160
ESR2,124
ESRP1,50
ESRP2,155
ESRRA,185
ESRRB,68
ESRRG,191
ESX1,174
ESYT1,7
ESYT2,169
ESYT3,132
ETFBKMT,164
ETHE1,180
ETNK2,66
ETNPPL,4
ETS1,98
ETS2,53
ETV1,4
ETV2,120
ETV3,33
ETV3L,173
ETV4,155
ETV5,172
ETV6,85
ETV7,178
EVA1A,173
EVA1B,179
EVA1C,70
EVC,55
EVC2,191
EVI5,154
EVI5L,191
EVL,89
EVPL,58
EVPLL,138
EVX1,35
EVX2,30
EWSR1,85
EXD1,155
EXD2,42
EXD3,78
EXO1,83
EXOC1,86
EXOC3,86
EXOC3L1,178
EXOC3L2,174
EXOC3L4,168
EXOC6,113
EXOC6B,26
EXOG,178
EXOSC10,100
EXOSC2,102
EXOSC3,102
EXOSC4,102
EXOSC5,102
EXOSC6,102
EXOSC7,102
EXOSC8,100
EXOSC9,194
EXT1,151
EXT2,151
EXTL1,185
EXTL2,154
EXTL3,151
EYA1,20
EYA2,11
EYA3,46
EYA4,47
EYS,24
EZH1,144
EZH2,115
EZR,175
F10,173
F11,98
F11R,158
F12,64
F13A1,172
F13B,164
F2,177
F2R,128
F2RL1,198
F2RL2,177
F2RL3,188
F3,19
F5,44
F7,77
F8,62
F9,54
FAAH,62
FAAH2,20
FABP1,125
FABP12,34
FABP2,30
FABP3,8
FABP4,70
FABP6,179
FABP7,26
FADS1,166
FADS2,125
FADS3,125
FADS6,174
FAF1,82
FAF2,146
FAH,199
FAHD1,68
FAHD2A,183
FAHD2B,180
FAIM2,188
FAM107A,196
FAM107B,39
FAM110A,26
FAM110B,18
FAM110C,69
FAM110D,61
FAM111A,24
FAM111B,31
FAM114A1,1
FAM114A2,44
FAM117A,67
FAM117B,60
FAM118A,88
FAM118B,79
FAM120A,132
FAM120B,70
FAM120C,178
FAM124A,170
FAM124B,65
FAM131A,197
FAM131B,168
FAM131C,175
FAM133A,24
FAM133B,183
FAM135A,125
FAM135B,60
FAM13A,138
FAM13B,157
FAM13C,137
FAM149A,74
FAM149B1,180
FAM151A,175
FAM151B,49
FAM153A,59
FAM161A,128
FAM161B,184
FAM162A,37
FAM162B,69
FAM167A,63
FAM167B,67
FAM168A,50
FAM168B,64
FAM171A1,173
FAM171A2,173
FAM171B,30
FAM177A1,178
FAM177B,51
FAM178B,133
FAM180A,60
FAM181A,26
FAM181B,67
FAM184A,43
FAM184B,68
FAM187B,120
FAM193A,140
FAM193B,61
FAM200A,24
FAM200B,32
FAM200C,132
FAM209A,197
FAM209B,94
FAM20A,39
FAM20B,151
FAM20C,199
FAM210A,71
FAM210B,11
FAM216A,8
FAM216B,48
FAM217A,37
FAM217B,46
FAM219A,139
FAM219B,98
FAM221A,144
FAM221B,176
FAM222A,63
FAM222B,123
FAM228A,29
FAM229A,49
FAM229B,179
FAM234A,60
FAM234B,116
FAM241A,41
FAM241B,42
FAM24A,3
FAM24B,41
FAM25A,200
FAM3A,150
FAM3B,155
FAM3C,46
FAM3D,187
FAM43A,77
FAM43B,55
FAM47A,89
FAM47B,36
FAM47C,9
FAM47E,41
FAM50A,85
FAM50B,167
FAM53A,60
FAM53B,60
FAM53C,37
FAM76A,37
FAM76B,157
FAM78A,174
FAM78B,174
FAM81A,47
FAM81B,165
FAM83A,131
FAM83B,49
FAM83C,135
FAM83D,159
FAM83E,185
FAM83F,54
FAM83G,49
FAM83H,159
FAM86B2,65
FAM89A,58
FAM89B,119
FAM98A,200
FAM98B,99
FAM98C,120
FAM9A,6
FAM9B,37
FAM9C,17
FAP,124
FAR1,113
FAR2,164
FARP1,184
FARP2,141
FARS2,72
FARSA,101
FARSB,101
FAS,143
FASLG,1
FASN,38
FASTK,171
FASTKD1,124
FASTKD2,53
FASTKD3,44
FASTKD5,72
FAT1,168
FAT2,70
FAT4,189
FAXC,3
FAXDC2,199
FBL,194
FBLIM1,183
FBLN1,98
FBLN2,7
FBLN5,174
FBLN7,133
FBN1,139
FBN2,49
FBN3,140
FBP1,137
FBP2,137
FBRSL1,78
FBXL13,128
FBXL14,190
FBXL15,199
FBXL16,78
FBXL17,140
FBXL18,61
FBXL19,180
FBXL2,47
FBXL20,39
FBXL22,190
FBXL3,200
FBXL4,28
FBXL5,63
FBXL6,76
FBXL7,18
FBXO10,64
FBXO11,116
FBXO15,170
FBXO16,155
FBXO17,68
FBXO2,69
FBXO24,66
FBXO25,28
FBXO27,120
FBXO3,140
FBXO30,51
FBXO31,67
FBXO32,125
FBXO34,189
FBXO36,60
FBXO39,132
FBXO40,15
FBXO41,22
FBXO42,162
FBXO43,11
FBXO44,8
FBXO45,64
FBXO46,53
FBXO5,12
FBXO6,8
FBXO8,98
FBXW10,155
FBXW10B,5
FBXW11,36
FBXW12,15
FBXW5,69
FBXW7,109
FBXW8,170
FBXW9,199
FCAMR,63
FCAR,58
FCER1A,47
FCER2,24
FCF1,59
FCGR2A,59
FCGR2B,94
FCGR3A,94
FCGR3B,40
FCGRT,199
FCHO1,113
FCHO2,106
FCHSD1,190
FCHSD2,130
FCMR,182
FCN1,19
FCN2,60
FCN3,175
FCRL1,173
FCRL2,132
FCRL3,125
FCRL4,31
FCRL5,180
FCRL6,52
FCRLA,178
FCRLB,21
FDX1,72
FDX2,83
FDXACB1,79
FDXR,99
FEM1A,185
FEM1B,48
FEM1C,200
FEN1,99
FER,38
FER1L6,131
FERD3L,170
FERMT1,104
FERMT2,152
FERMT3,119
FES,197
FETUB,164
FEV,4
FEZ1,79
FEZ2,69
FEZF1,2
FEZF2,191
FFAR1,120
FFAR2,120
FFAR4,167
FGA,30
FGB,55
FGD1,180
FGD2,166
FGD3,18
FGD4,4
FGD5,142
FGD6,11
FGF1,36
FGF10,138
FGF11,49
FGF12,2
FGF13,4
FGF14,61
FGF17,22
FGF18,66
FGF19,119
FGF2,69
FGF20,3
FGF21,96
FGF22,56
FGF23,70
FGF3,119
FGF4,119
FGF5,139
FGF6,61
FGF7,2
FGF8,166
FGF9,3
FGFBP1,181
FGFBP2,175
FGFBP3,11
FGFR1,151
FGFR1OP2,152
FGFR2,142
FGFR3,140
FGFR4,182
FGFRL1,74
FGG,6
FGGY,44
FGL1,9
FGL2,164
FGR,65
FH,113
FHDC1,68
FHIP1A,58
FHIP1B,19
FHIP2A,37
FHIP2B,159
FHIT,9
FHL1,11
FHL2,105
FHL3,31
FHL5,31
FHOD1,190
FHOD3,185
FIBCD1,174
FIG4,159
FIGLA,189
FIGN,51
FIGNL1,11
FILIP1,140
FILIP1L,24
FITM1,121
FITM2,103
FIZ1,141
FKBP10,122
FKBP11,9
FKBP14,165
FKBP15,29
FKBP1A,38
FKBP1B,191
FKBP2,119
FKBP3,44
FKBP4,61
FKBP5,24
FKBP7,28
FKBP8,125
FKBP9,138
FKBPL,99
FLG,89
FLG2,34
FLI1,85
FLII,108
FLNA,168
FLNB,178
FLNC,166
FLOT1,187
FLOT2,123
FLRT1,119
FLRT2,55
FLRT3,40
FLT1,9
FLT3,63
FLT4,74
FLVCR1,113
FLVCR2,32
FLYWCH1,89
FLYWCH2,185
FMN2,58
FMNL1,132
FMNL2,139
FMNL3,7
FMO1,182
FMO2,51
FMO3,42
FMO4,49
FMO5,29
FMOD,8
FMR1,31
FN1,55
FN3K,3
FN3KRP,200
FNBP1,23
FNBP1L,30
FNBP4,128
FNDC1,74
FNDC3A,87
FNDC3B,67
FNDC4,199
FNDC5,184
FNDC7,154
FNIP1,113
FNIP2,54
FNTA,99
FNTB,99
FOLH1,23
FOLR1,130
FOS,21
FOSB,143
FOSL1,152
FOSL2,181
FOXA1,160
FOXA2,104
FOXA3,5
FOXB1,174
FOXB2,186
FOXC1,58
FOXC2,60
FOXD2,174
FOXD3,18
FOXD4,194
FOXD4L5,53
FOXE1,22
FOXE3,167
FOXF1,85
FOXF2,10
FOXG1,68
FOXH1,179
FOXI1,63
FOXI2,61
FOXJ1,169
FOXJ2,178
FOXJ3,11
FOXK1,149
FOXK2,73
FOXL1,166
FOXL2,17
FOXM1,12
FOXN1,123
FOXN2,59
FOXN3,60
FOXN4,181
FOXO1,113
FOXO3,18
FOXO4,139
FOXP1,189
FOXP2,16
FOXP3,180
FOXP4,50
FOXQ1,85
FOXR1,79
FOXR2,155
FOXRED1,72
FOXRED2,139
FOXS1,135
FPR1,36
FPR2,36
FPR3,3
FRA10AC1,67
FRAS1,175
FRAT1,67
FRAT2,67
FREM1,74
FREM2,173
FREM3,170
FRG2B,59
FRG2C,66
FRK,30
FRMD3,156
FRMD4A,4
FRMD4B,34
FRMD5,1
FRMD6,105
FRMD7,5
FRMD8,166
FRMPD1,5
FRMPD2,137
FRMPD4,54
FRRS1L,35
FRS2,151
FRS3,138
FRY,36
FRYL,105
FRZB,175
FSCN1,61
FSCN2,74
FSCN3,38
FSD1,48
FSD1L,156
FSD2,35
FSHB,40
FSHR,27
FST,128
FSTL1,68
FSTL3,69
FSTL4,191
FSTL5,68
FTCD,61
FTH1,194
FTHL17,60
FTL,68
FTMT,187
FTSJ1,89
FTSJ3,53
FUBP1,165
FUBP3,30
FUCA1,190
FUCA2,66
FUNDC1,96
FUNDC2,54
FURIN,91
FUS,110
FUT1,185
FUT10,66
FUT11,54
FUT2,182
FUT3,11
FUT4,41
FUT5,89
FUT6,170
FUT7,61
FUT9,24
FXR1,9
FXR2,9
FXYD1,64
FXYD2,96
FXYD3,120
FXYD4,155
FXYD5,173
FXYD6,96
FXYD7,174
FYB1,1
FYB2,36
FYCO1,172
FYN,4
FZD1,68
FZD10,170
FZD2,175
FZD3,38
FZD4,130
FZD5,58
FZD6,47
FZD7,17
FZD8,172
FZD9,140
FZR1,162
G2E3,157
G3BP1,159
G3BP2,5
G6PC1,23
G6PC2,189
G6PC3,26
G6PD,110
GAA,74
GAB1,159
GAB2,116
GAB3,68
GAB4,35
GABARAP,52
GABARAPL1,166
GABARAPL2,8
GABBR1,62
GABBR2,53
GABPA,84
GABPB1,84
GABPB2,129
GABRA1,28
GABRA2,24
GABRA3,186
GABRA4,24
GABRA5,137
GABRA6,29
GABRB1,188
GABRB2,42
GABRB3,43
GABRD,168
GABRE,188
GABRG1,24
GABRG2,42
GABRG3,43
GABRP,124
GABRQ,182
GABRR1,54
GABRR2,189
GAD1,54
GAD2,167
GADD45A,139
GADD45B,118
GADD45G,174
GADL1,23
GAGE12H,172
GAK,107
GAL3ST1,21
GAL3ST2,78
GAL3ST3,189
GAL3ST4,30
GALE,111
GALK1,78
GALK2,28
GALNS,96
GALNT1,66
GALNT10,63
GALNT11,97
GALNT12,157
GALNT13,2
GALNT14,48
GALNT15,170
GALNT16,178
GALNT17,124
GALNT18,184
GALNT2,60
GALNT3,172
GALNT4,10
GALNT5,155
GALNT6,188
GALNT7,70
GALNT8,7
GALNT9,168
GALNTL5,94
GALNTL6,141
GALR1,169
GALR2,58
GALR3,68
GAN,38
GANAB,150
GANC,36
GAP43,55
GAPDH,99
GAPDHS,120
GAPVD1,113
GAREM1,21
GAREM2,168
GARIN1A,173
GARIN1B,31
GARIN2,47
GARIN3,141
GARIN4,77
GARIN5A,68
GARIN6,1
GARNL3,46
GARS1,197
GAS2,27
GAS2L1,175
GAS2L2,123
GAS2L3,172
GAS6,77
GAS7,16
GASK1A,139
GASK1B,66
GATA1,116
GATA2,92
GATA3,92
GATA4,185
GATA5,55
GATA6,104
GATAD2A,135
GATAD2B,90
GBE1,26
GBF1,13
GBGT1,68
GBP1,193
GBP2,53
GBP3,125
GBP4,30
GBP5,154
GBP6,30
GBP7,28
GBX1,169
GBX2,4
GC,127
GCA,23
GCAT,67
GCC1,64
GCC2,68
GCDH,11
GCFC2,11
GCGR,73
GCK,140
GCM1,173
GCM2,142
GCN1,108
GCNT1,15
GCNT2,15
GCNT3,35
GCNT4,1
GCSAM,157
GCSAML,6
GDAP1,144
GDAP1L1,191
GDAP2,154
GDE1,178
GDF1,135
GDF10,191
GDF11,187
GDF15,68
GDF2,137
GDF3,37
GDF5,177
GDF6,61
GDF7,191
GDF9,189
GDI1,169
GDI2,113
GDNF,192
GDPD1,157
GDPD2,172
GDPD3,180
GDPD4,4
GDPD5,130
GEM,174
GEMIN5,101
GEN1,83
GET1,99
GFAP,128
GFI1,115
GFI1B,70
GFM1,72
GFM2,72
GFOD1,41
GFOD2,5
GFPT1,111
GFPT2,74
GFRA1,142
GFRA2,182
GFRA3,184
GFRA4,67
GFRAL,189
GFUS,141
GGA1,128
GGA2,42
GGA3,54
GGN,120
GGPS1,99
GGT5,18
GGT6,179
GGT7,132
GGTLC1,185
GGTLC2,183
GH1,59
GH2,59
GHITM,31
GHR,31
GHRH,125
GHRHR,23
GHSR,179
GID8,161
GIGYF1,191
GIGYF2,113
GIMAP1,97
GIMAP2,57
GIMAP4,57
GIMAP5,97
GIMAP6,97
GIMAP7,57
GIMAP8,97
GIPC1,68
GIPC2,26
GIPC3,178
GIPR,68
GIT1,123
GIT2,21
GJA1,52
GJA10,24
GJA3,194
GJA4,140
GJA5,129
GJA8,167
GJA9,66
GJB1,61
GJB2,128
GJB3,140
GJB4,179
GJB5,140
GJB6,128
GJB7,140
GJC1,92
GJC2,17
GJC3,126
GJD2,140
GJD3,18
GJD4,184
GK2,24
GK5,36
GKN1,193
GKN2,22
GLA,192
GLB1,47
GLB1L,98
GLB1L2,79
GLB1L3,79
GLCCI1,167
GLDN,70
GLI1,195
GLI2,142
GLI3,3
GLI4,76
GLIPR1,11
GLIPR1L1,165
GLIPR1L2,166
GLIPR2,176
GLIS1,170
GLIS2,200
GLIS3,69
GLO1,44
GLOD4,98
GLOD5,27
GLP1R,180
GLP2R,144
GLRA1,124
GLRA2,28
GLRA3,5
GLRB,10
GLRX2,44
GLRX3,83
GLRX5,72
GLS,110
GLS2,187
GLT1D1,26
GLT6D1,182
GLT8D1,139
GLT8D2,17
GLTP,175
GLTPD2,32
GLUD1,68
GLUD2,94
GLUL,108
GLYAT,49
GLYATL1,32
GLYATL2,37
GLYATL3,47
GLYR1,4
GMCL1,164
GMDS,198
GMEB1,89
GMEB2,89
GMFB,165
GMFG,120
GMIP,135
GML,96
GMNC,54
GMNN,12
GMPPA,18
GMPPB,111
GMPR,41
GMPR2,39
GNA11,149
GNA12,74
GNA13,149
GNA14,186
GNA15,190
GNAI1,27
GNAI2,159
GNAI3,159
GNAL,7
GNAO1,7
GNAQ,138
GNAS,58
GNAT1,171
GNAT2,153
GNAT3,43
GNAZ,170
GNB1,128
GNB1L,99
GNB2,149
GNB3,185
GNB4,36
GNB5,180
GNG10,200
GNG11,40
GNG12,200
GNG2,14
GNG3,16
GNG4,179
GNG5,115
GNG7,10
GNG8,182
GNGT1,2
GNGT2,180
GNL1,82
GNL2,100
GNL3,100
GNL3L,136
GNPAT,113
GNPDA1,139
GNPDA2,32
GNPTG,60
GNRH1,6
GNRH2,179
GNRHR,171
GNS,185
GOLGA1,164
GOLGA2,171
GOLGA3,78
GOLGA6B,59
GOLGA6D,59
GOLGA6L6,16
GOLGA7,108
GOLGA7B,49
GOLGA8M,125
GOLGA8N,16
GOLGA8R,59
GOLM1,10
GOLM2,139
GOLPH3,200
GOLPH3L,31
GOLT1A,174
GOLT1B,101
GON4L,86
GORASP1,34
GORASP2,198
GOSR2,13
GOT1,64
GOT1L1,134
GOT2,108
GP1BA,38
GP1BB,163
GP2,7
GP5,58
GP6,58
GP9,185
GPA33,21
GPAM,1
GPAT2,183
GPAT3,64
GPAT4,38
GPATCH2,29
GPATCH2L,172
GPATCH8,140
GPBP1,88
GPBP1L1,37
GPC1,78
GPC2,126
GPC3,188
GPC4,55
GPC5,143
GPC6,187
GPD1,137
GPD1L,198
GPER1,168
GPIHBP1,179
GPM6A,35
GPM6B,70
GPN1,6
GPN2,102
GPN3,194
GPNMB,175
GPR101,166
GPR107,113
GPR108,63
GPR119,21
GPR12,139
GPR132,199
GPR135,68
GPR137,185
GPR137B,74
GPR137C,157
GPR139,24
GPR141,42
GPR142,182
GPR146,20
GPR148,178
GPR149,189
GPR15,193
GPR150,169
GPR151,132
GPR152,119
GPR153,75
GPR155,65
GPR156,187
GPR157,75
GPR158,67
GPR161,192
GPR162,175
GPR17,189
GPR171,157
GPR173,18
GPR174,2
GPR176,65
GPR179,123
GPR18,3
GPR180,190
GPR182,173
GPR183,96
GPR19,125
GPR20,199
GPR21,37
GPR22,31
GPR25,197
GPR26,61
GPR27,169
GPR3,175
GPR31,182
GPR32,182
GPR34,15
GPR35,78
GPR37,165
GPR37L1,187
GPR39,166
GPR4,55
GPR45,133
GPR50,169
GPR52,24
GPR55,175
GPR6,125
GPR61,153
GPR62,61
GPR63,29
GPR65,11
GPR68,168
GPR75,11
GPR78,169
GPR82,11
GPR83,67
GPR84,22
GPR85,12
GPR87,32
GPR88,140
GPRASP1,197
GPRC5A,175
GPRC5B,177
GPRC5C,182
GPRC5D,186
GPRC6A,43
GPRIN2,180
GPRIN3,184
GPS1,109
GPSM1,55
GPSM2,154
GPSM3,37
GPT,60
GPT2,157
GPX1,174
GPX2,193
GPX3,174
GPX4,85
GPX5,5
GPX6,174
GPX7,177
GPX8,9
GRAMD1A,173
GRAMD1B,79
GRAMD1C,29
GRAMD2A,62
GRAMD2B,28
GRAP2,1
GRB10,34
GRB14,26
GRB2,159
GRB7,172
GREB1,172
GREB1L,166
GREM1,188
GREM2,55
GRHL1,96
GRHL2,104
GRHL3,170
GRHPR,191
GRIA1,60
GRIA2,48
GRIA3,167
GRIA4,42
GRID1,174
GRID2,136
GRID2IP,74
GRIK1,24
GRIK2,190
GRIK3,128
GRIK4,79
GRIK5,177
GRIN1,191
GRIN2A,174
GRIN2B,174
GRIN2C,74
GRIN2D,185
GRIN3A,174
GRIN3B,56
GRINA,76
GRIP1,68
GRK2,104
GRK3,157
GRK4,65
GRK5,47
GRK6,116
GRK7,125
GRM1,171
GRM2,189
GRM3,124
GRM4,132
GRM5,143
GRM6,98
GRM7,57
GRM8,184
GRP,170
GRPEL1,42
GRPEL2,6
GRPR,36
GRSF1,72
GRTP1,77
GRWD1,100
GRXCR1,143
GRXCR2,30
GSC,166
GSC2,35
GSDMA,122
GSDMB,122
GSDMC,23
GSDMD,76
GSG1,193
GSG1L,21
GSK3A,108
GSK3B,108
GSN,188
GSPT1,160
GSPT2,55
GSR,42
GSTA1,94
GSTA2,94
GSTA3,189
GSTA4,66
GSTA5,32
GSTM1,191
GSTM2,154
GSTM3,154
GSTM4,153
GSTM5,153
GSTO1,164
GSTO2,89
GSTP1,119
GSTT2B,191
GSTZ1,38
GSX1,134
GSX2,171
GTF2A1,86
GTF2A1L,24
GTF2B,13
GTF2I,178
GTF2IRD1,126
GTF3A,2
GTPBP1,132
GTPBP10,72
GTPBP2,132
GTPBP3,110
GTPBP4,100
GTSE1,107
GTSF1,11
GTSF1L,49
GUCA1B,41
GUCA1C,31
GUCA2A,171
GUCA2B,55
GUCY1A1,139
GUCY1A2,79
GUCY1B1,41
GUCY2C,11
GUCY2D,18
GUCY2F,124
GUF1,9
GULP1,31
GUSB,126
GXYLT1,37
GXYLT2,189
GYG1,143
GYG2,74
GYPA,1
GYPE,59
GYS1,178
GYS2,189
GZF1,192
GZMA,43
GZMB,121
GZMH,125
GZMK,174
GZMM,56
H1-0,67
H1-1,44
H1-10,196
H1-2,80
H1-3,80
H1-4,80
H1-5,80
H1-6,68
H1-7,181
H1-8,170
H2AC1,60
H2AC11,80
H2AC12,80
H2AC15,197
H2AC16,80
H2AC17,80
H2AC20,129
H2AC21,129
H2AC25,6
H2AC4,80
H2AC6,80
H2AC7,80
H2AC8,80
H2AJ,199
H2AX,83
H2AZ1,87
H2AZ2,197
H2BC1,5
H2BC10,80
H2BC11,80
H2BC13,80
H2BC14,80
H2BC15,197
H2BC17,80
H2BC18,129
H2BC21,129
H2BC26,89
H2BC3,80
H2BC4,80
H2BC5,80
H2BC6,80
H2BC7,80
H2BC8,80
H2BC9,80
H2BW1,187
H2BW2,193
H3-3A,183
H3-3B,74
H3-4,96
H3-5,164
H3C1,80
H3C10,80
H3C11,80
H3C12,54
H3C2,80
H3C3,80
H3C4,80
H3C6,10
H3C7,80
H3C8,80
H4C1,80
H4C13,54
H4C16,74
H4C2,80
H4C3,80
H4C4,80
H4C5,80
H4C6,63
H4C7,30
H4C8,2
H4C9,180
H6PD,75
HABP2,70
HABP4,53
HACD1,74
HACD2,99
HACD3,31
HACD4,93
HACE1,30
HACL1,178
HADH,171
HADHA,185
HADHB,187
HAGH,165
HAGHL,78
HAND1,55
HAND2,92
HAO1,173
HAO2,153
HAP1,122
HAPLN1,23
HAPLN2,129
HAPLN3,175
HAPLN4,135
HAPSTR1,87
HARS1,89
HARS2,72
HAS1,191
HAS2,31
HAS3,132
HASPIN,162
HAVCR1,168
HAVCR2,156
HBB,70
HBD,94
HBE1,199
HBEGF,193
HBM,54
HBQ1,78
HBS1L,110
HBZ,78
HCAR1,36
HCAR2,94
HCAR3,94
HCFC1,6
HCFC2,11
HCK,140
HCLS1,51
HCN1,124
HCN2,179
HCN3,187
HCN4,174
HCRTR1,175
HCRTR2,173
HDAC1,198
HDAC10,98
HDAC11,60
HDAC2,92
HDAC3,109
HDAC4,70
HDAC5,169
HDAC6,5
HDAC7,116
HDAC8,114
HDAC9,48
HDC,180
HDGF,180
HDGFL1,170
HDGFL2,178
HDGFL3,47
HDHD2,2
HDHD3,53
HDHD5,144
HDLBP,98
HDX,30
HEATR5B,148
HEBP1,182
HEBP2,61
HECTD1,160
HECTD2,68
HECW1,142
HECW2,55
HELB,9
HELLS,44
HELQ,192
HELT,98
HELZ,170
HELZ2,17
HEMK1,140
HEMK2,99
HEPACAM,79
HEPACAM2,188
HEPH,138
HEPHL1,174
HERC1,139
HERC2,53
HERC3,178
HERC4,48
HERC5,198
HERC6,187
HERPUD1,146
HERPUD2,157
HES1,77
HES2,61
HES3,75
HES4,75
HES5,89
HES6,179
HES7,157
HESX1,32
HEXA,68
HEXB,46
HEXIM1,109
HEXIM2,180
HEY1,175
HEY2,19
HEYL,42
HFE,144
HFM1,1
HGF,38
HGFAC,185
HGS,107
HHAT,96
HHATL,193
HHIP,35
HHIPL1,61
HHIPL2,58
HHLA2,7
HIBADH,30
HIBCH,38
HIC1,16
HIC2,163
HIF1A,11
HIF1AN,88
HIF3A,42
HIGD1A,23
HIGD1B,10
HIGD1C,29
HIGD2A,72
HINT1,48
HINT2,67
HINT3,50
HIP1,126
HIP1R,175
HIPK1,154
HIPK3,41
HIPK4,120
HIVEP1,109
HIVEP2,108
HIVEP3,34
HJV,129
HK1,1
HK2,118
HK3,61
HKDC1,35
HLA-A,17
HLA-B,17
HLA-C,17
HLA-DMA,23
HLA-DMB,132
HLA-DOA,166
HLA-DOB,88
HLA-DPA1,166
HLA-DPB1,140
HLA-DQA1,40
HLA-DQA2,7
HLA-DQB1,40
HLA-DQB2,55
HLA-DRA,174
HLA-DRB1,40
HLA-DRB5,40
HLA-E,11
HLA-F,172
HLA-G,17
HLF,199
HLTF,51
HLX,60
HM13,135
HMCN1,142
HMG20A,87
HMG20B,68
HMGB1,183
HMGB2,70
HMGB4,30
HMGCL,156
HMGCLL1,49
HMGCS1,111
HMGCS2,154
HMGN1,180
HMGN2,181
HMGN3,34
HMGN4,26
HMGXB4,36
HMOX1,155
HMOX2,200
HMSD,29
HMX1,132
HMX2,98
HMX3,98
HNF1A,104
HNF1B,158
HNF4A,8
HNF4G,159
HNRNPA0,164
HNRNPA1,42
HNRNPA1L2,156
HNRNPA2B1,83
HNRNPA3,34
HNRNPAB,110
HNRNPC,88
HNRNPD,110
HNRNPDL,3
HNRNPF,109
HNRNPH1,85
HNRNPH2,14
HNRNPH3,28
HNRNPK,6
HNRNPL,124
HNRNPLL,171
HNRNPM,37
HNRNPR,175
HNRNPU,41
HNRNPUL1,110
HNRNPUL2,16
HOATZ,79
HOGA1,179
HOMER1,38
HOMER2,181
HOMER3,135
HOMEZ,121
HOOK1,44
HOOK2,68
HOOK3,35
HORMAD1,129
HORMAD2,139
HOXA1,132
HOXA10,174
HOXA11,11
HOXA13,170
HOXA2,187
HOXA3,65
HOXA4,54
HOXA5,170
HOXA6,181
HOXA7,143
HOXA9,142
HOXB1,173
HOXB13,69
HOXB2,7
HOXB3,35
HOXB4,7
HOXB5,7
HOXB6,8
HOXB7,7
HOXB8,9
HOXB9,26
HOXC10,136
HOXC11,136
HOXC12,21
HOXC13,41
HOXC4,136
HOXC5,65
HOXC6,136
HOXC8,65
HOXC9,7
HOXD1,68
HOXD10,14
HOXD11,165
HOXD12,4
HOXD13,197
HOXD3,138
HOXD4,55
HOXD8,26
HOXD9,165
HPCA,166
HPCAL1,61
HPCAL4,128
HPD,77
HPDL,74
HPGDS,6
HPN,53
HPR,41
HPRT1,175
HPS5,26
HPSE,127
HPSE2,15
HPX,144
HR,144
HRAS,60
HRG,77
HRH1,169
HRH2,74
HRH3,53
HRH4,128
HRNR,191
HS2ST1,151
HS3ST1,169
HS3ST2,10
HS3ST3A1,39
HS3ST3B1,67
HS3ST4,10
HS3ST5,36
HS3ST6,74
HS6ST1,183
HS6ST2,65
HS6ST3,2
HSBP1,104
HSBP1L1,67
HSD11B1,3
HSD11B1L,199
HSD11B2,127
HSD17B1,50
HSD17B10,72
HSD17B11,170
HSD17B12,99
HSD17B13,3
HSD17B14,68
HSD17B2,166
HSD17B3,137
HSD17B4,103
HSD17B6,187
HSD17B7,66
HSD17B8,4
HSD3B1,153
HSD3B2,153
HSD3B7,133
HSDL1,47
HSDL2,29
HSF1,109
HSF2,30
HSF4,181
HSF5,44
HSP90AA1,66
HSP90AB1,109
HSP90B1,91
HSPA12A,37
HSPA12B,132
HSPA13,159
HSPA14,99
HSPA1L,145
HSPA2,190
HSPA4,109
HSPA4L,156
HSPA5,13
HSPA6,94
HSPA8,57
HSPA9,42
HSPB1,140
HSPB2,79
HSPB3,30
HSPB6,7
HSPB7,185
HSPB8,185
HSPB9,122
HSPBAP1,36
HSPBP1,58
HSPD1,101
HSPG2,167
HSPH1,37
HTN1,20
HTN3,94
HTR1A,142
HTR1B,124
HTR1D,55
HTR1E,35
HTR1F,157
HTR2A,124
HTR2B,46
HTR2C,70
HTR3A,79
HTR3B,79
HTR3C,98
HTR3D,132
HTR3E,26
HTR4,199
HTR5A,168
HTR6,175
HTR7,185
HTRA1,41
HTRA2,71
HTRA3,68
HTRA4,134
HUNK,189
HUS1,83
HUS1B,63
HUWE1,87
HVCN1,26
HYAL1,175
HYAL2,55
HYAL3,180
HYAL4,28
HYCC1,32
HYCC2,104
HYDIN,125
HYOU1,101
IAPP,21
IARS1,101
IARS2,101
ICA1,26
ICA1L,44
ICAM1,27
ICAM2,155
ICAM3,164
ICAM4,11
ICAM5,48
ICE1,13
ICOSLG,5
ID1,104
ID2,89
ID3,67
ID4,166
IDE,157
IDH1,143
IDH2,38
IDH3A,111
IDH3B,67
IDH3G,61
IDI1,172
IDI2,172
IDS,33
IER2,42
IER5,66
IER5L,191
IFFO1,172
IFFO2,89
IFI16,44
IFI27,179
IFI27L1,17
IFI27L2,67
IFI35,122
IFI44,157
IFI44L,155
IFI6,172
IFIH1,198
IFIT1,28
IFIT1B,143
IFIT2,170
IFIT3,5
IFIT5,67
IFITM1,200
IFITM10,63
IFITM2,183
IFITM3,183
IFITM5,118
IFNA1,93
IFNA10,93
IFNA14,93
IFNA16,93
IFNA17,93
IFNA2,93
IFNA21,93
IFNA4,93
IFNA5,93
IFNA6,93
IFNA7,93
IFNA8,93
IFNAR1,51
IFNAR2,51
IFNB1,93
IFNE,93
IFNGR1,47
IFNGR2,48
IFNK,96
IFNL1,120
IFNL2,53
IFNL3,53
IFNLR1,118
IFNW1,93
IFRD1,33
IFRD2,171
IFT140,179
IFT172,173
IFT27,180
IFT70A,174
IFT70B,40
IFT80,14
IFT88,27
IGBP1,13
IGDCC3,14
IGDCC4,169
IGF1,49
IGF1R,91
IGF2,170
IGF2BP1,34
IGF2BP2,17
IGF2BP3,141
IGFALS,61
IGFBP1,67
IGFBP2,41
IGFBP3,41
IGFBP4,200
IGFBP5,60
IGFBP6,136
IGFBP7,180
IGFBPL1,172
IGFL1,180
IGFL2,190
IGFL3,5
IGFL4,11
IGFN1,182
IGHMBP2,119
IGLL1,191
IGLL5,32
IGLON5,126
IGSF1,155
IGSF10,139
IGSF11,174
IGSF21,167
IGSF22,21
IGSF3,153
IGSF5,178
IGSF8,186
IGSF9,124
IGSF9B,79
IHH,168
IK,13
IKBKB,117
IKBKE,182
IKBKG,165
IKZF1,115
IKZF2,66
IKZF3,122
IKZF4,180
IKZF5,89
IL10,63
IL10RA,37
IL10RB,65
IL11RA,176
IL12RB1,135
IL12RB2,1
IL13RA1,1
IL13RA2,145
IL16,172
IL17A,178
IL17B,171
IL17C,179
IL17D,67
IL17F,127
IL17RA,163
IL17RB,39
IL17RC,57
IL17RD,30
IL17RE,168
IL18R1,42
IL18RAP,36
IL19,171
IL1B,68
IL1F10,189
IL1R1,165
IL1R2,188
IL1RAP,165
IL1RAPL1,94
IL1RAPL2,31
IL1RL1,155
IL1RL2,30
IL1RN,5
IL20,29
IL20RA,155
IL20RB,171
IL21R,145
IL22RA1,140
IL22RA2,70
IL23R,31
IL24,34
IL25,121
IL26,31
IL27RA,199
IL2RB,166
IL2RG,140
IL31RA,174
IL36A,30
IL36B,30
IL36G,155
IL36RN,155
IL37,30
IL4I1,66
IL4R,1
IL5RA,47
IL6R,129
IL6ST,53
IL7R,7
IL9R,78
ILDR1,177
ILDR2,178
ILF2,99
ILF3,99
ILK,152
ILKAP,78
ILVBL,138
IMMP1L,8
IMMP2L,33
IMP4,100
IMPA1,8
IMPA2,184
IMPDH1,185
IMPDH2,111
IMPG1,3
IMPG2,127
INA,69
INAVA,185
INF2,77
ING1,87
ING2,87
ING3,162
ING4,9
ING5,141
INHA,175
INHBA,10
INHBB,30
INHBC,195
INHBE,195
INKA1,127
INKA2,153
INMT,180
INO80,87
INPP1,155
INPP4A,189
INPP4B,199
INPP5B,191
INPP5E,62
INPP5F,57
INPP5J,67
INPP5K,150
INPPL1,130
INS,78
INSIG1,58
INSIG2,198
INSL4,62
INSL5,3
INSL6,62
INSM1,68
INSM2,132
INSR,91
INSRR,173
INSYN1,174
INSYN2A,9
INSYN2B,169
INTS11,7
INTS6,160
INTS6L,50
INTS9,162
IP6K1,66
IP6K2,171
IP6K3,5
IPCEF1,23
IPMK,115
IPO11,88
IPO13,141
IPO4,64
IPO5,64
IPO7,59
IPO8,89
IPO9,82
IPP,10
IQCA1,9
IQCE,74
IQCF1,136
IQCF2,189
IQCF3,50
IQCF5,127
IQCF6,177
IQCN,49
IQGAP1,105
IQGAP2,42
IQGAP3,48
IQSEC1,144
IQSEC2,180
IQSEC3,77
IRAG1,44
IRAG2,164
IRAK1,165
IRAK2,66
IRAK3,11
IRAK4,32
IREB2,172
IRF1,139
IRF2,62
IRF2BP1,108
IRF2BP2,108
IRF2BPL,108
IRF3,3
IRF4,117
IRF5,132
IRF6,158
IRF7,69
IRF8,115
IRF9,51
IRGC,67
IRGM,190
IRS1,91
IRS2,91
IRS4,26
IRX1,42
IRX2,4
IRX3,4
IRX4,4
IRX5,4
IRX6,49
ISCA1,72
ISCA2,72
ISG15,62
ISG20,60
ISG20L2,100
ISL1,92
ISL2,199
ISLR,171
ISLR2,17
ISM1,67
ISOC1,189
ISOC2,179
ISX,60
ITCH,30
ITGA1,30
ITGA10,65
ITGA11,18
ITGA2,128
ITGA2B,68
ITGA3,159
ITGA4,137
ITGA5,128
ITGA6,127
ITGA7,140
ITGA8,34
ITGA9,14
ITGAD,133
ITGAE,167
ITGAL,21
ITGAM,188
ITGAV,152
ITGAX,22
ITGB1,159
ITGB1BP2,145
ITGB2,168
ITGB3,19
ITGB4,58
ITGB5,152
ITGB6,49
ITGB7,170
ITGB8,26
ITGBL1,17
ITIH1,1
ITIH2,66
ITIH3,54
ITIH4,177
ITIH6,166
ITK,96
ITLN1,51
ITLN2,125
ITM2A,46
ITM2B,39
ITM2C,78
ITPKA,171
ITPKB,41
ITPKC,167
ITPR1,170
ITPR2,164
ITPR3,167
ITPRID1,11
ITPRID2,48
ITPRIP,18
ITPRIPL1,125
ITPRIPL2,48
ITSN1,29
ITSN2,113
IVD,180
IVNS1ABP,29
IWS1,82
JADE1,179
JADE2,90
JADE3,5
JAG1,11
JAG2,77
JAK1,53
JAK2,116
JAK3,140
JAKMIP1,70
JAKMIP2,5
JAKMIP3,41
JAM2,47
JAM3,79
JAML,34
JARID2,36
JDP2,96
JMJD1C,88
JMJD4,69
JMJD6,109
JMJD7,189
JMJD8,78
JMY,187
JOSD1,70
JOSD2,180
JPH1,144
JPH2,68
JPH3,41
JPH4,121
JRKL,47
JUN,152
JUNB,165
JUND,128
JUP,104
KALRN,4
KANK1,57
KANK2,145
KANK3,67
KANK4,23
KANSL1,87
KANSL1L,9
KANSL3,87
KARS1,101
KASH5,192
KAT2A,114
KAT2B,67
KAT5,70
KAT6A,90
KAT6B,90
KAT7,84
KAT8,6
KATNA1,155
KATNAL1,193
KATNAL2,24
KAZALD1,67
KBTBD11,61
KBTBD12,34
KBTBD13,189
KBTBD2,91
KBTBD3,6
KBTBD4,165
KBTBD6,10
KBTBD7,10
KBTBD8,48
KCNA1,190
KCNA10,153
KCNA2,154
KCNA3,68
KCNA4,28
KCNA5,167
KCNA6,167
KCNA7,68
KCNAB1,30
KCNAB2,75
KCNAB3,30
KCNB1,16
KCNB2,189
KCNC1,14
KCNC2,18
KCNC3,132
KCNC4,153
KCND1,171
KCND2,174
KCND3,153
KCNE1,170
KCNE2,5
KCNE3,49
KCNE5,175
KCNF1,168
KCNG1,187
KCNG2,169
KCNG3,4
KCNG4,18
KCNH1,96
KCNH2,167
KCNH3,55
KCNH4,189
KCNH5,48
KCNH6,182
KCNH7,2
KCNH8,192
KCNIP1,62
KCNIP2,193
KCNIP3,189
KCNIP4,26
KCNJ1,79
KCNJ10,178
KCNJ11,175
KCNJ13,78
KCNJ14,5
KCNJ15,3
KCNJ16,5
KCNJ2,189
KCNJ3,68
KCNJ4,168
KCNJ5,79
KCNJ6,181
KCNJ8,39
KCNJ9,169
KCNK1,179
KCNK10,23
KCNK12,18
KCNK13,21
KCNK15,166
KCNK16,11
KCNK17,78
KCNK18,171
KCNK2,50
KCNK3,174
KCNK4,16
KCNK5,111
KCNK6,184
KCNK7,119
KCNK9,60
KCNMA1,170
KCNMB1,179
KCNMB2,15
KCNMB3,175
KCNMB4,69
KCNN1,18
KCNN2,189
KCNN3,175
KCNN4,193
KCNQ1,170
KCNQ2,191
KCNQ3,132
KCNQ4,42
KCNQ5,113
KCNRG,192
KCNS1,67
KCNS2,185
KCNS3,90
KCNT1,174
KCNT2,3
KCNU1,134
KCNV1,173
KCNV2,57
KCTD1,139
KCTD10,159
KCTD11,132
KCTD12,186
KCTD13,105
KCTD14,130
KCTD15,192
KCTD16,23
KCTD17,186
KCTD18,8
KCTD19,177
KCTD2,182
KCTD20,20
KCTD21,130
KCTD3,11
KCTD4,2
KCTD5,105
KCTD6,51
KCTD7,126
KCTD8,171
KCTD9,105
KDELR1,39
KDELR2,37
KDELR3,38
KDM1A,116
KDM1B,23
KDM2A,87
KDM2B,90
KDM3A,68
KDM3B,88
KDM4A,34
KDM4B,180
KDM4C,26
KDM4D,143
KDM4E,143
KDM5A,62
KDM5B,186
KDM5C,116
KDM6A,88
KDM6B,174
KDM7A,97
KDM8,99
KDR,3
KDSR,85
KEAP1,105
KEL,190
KERA,28
KHDC1,125
KHDC1L,125
KHDC3L,125
KHDRBS1,44
KHDRBS2,3
KHDRBS3,164
KHK,182
KHNYN,192
KHSRP,110
KIAA0319,125
KIAA0319L,189
KIAA1210,3
KIAA1217,199
KIAA1549,166
KIAA1549L,155
KIAA1614,177
KIAA1671,35
KIAA1755,175
KIAA1958,192
KIF11,12
KIF12,65
KIF13A,41
KIF13B,5
KIF14,92
KIF15,82
KIF16B,1
KIF17,55
KIF18A,162
KIF18B,82
KIF19,19
KIF1A,41
KIF1B,170
KIF1C,68
KIF20A,165
KIF21A,43
KIF21B,4
KIF22,159
KIF23,102
KIF24,65
KIF25,199
KIF26A,77
KIF26B,58
KIF27,14
KIF2A,48
KIF2B,142
KIF2C,82
KIF3A,30
KIF3B,145
KIF3C,170
KIF4A,5
KIF4B,139
KIF5A,195
KIF5B,191
KIF6,14
KIF7,172
KIF9,1
KIFC1,162
KIFC2,61
KIFC3,167
KIR2DL1,59
KIR2DL3,59
KIR2DL4,190
KIR3DL1,59
KIR3DL2,39
KIR3DL3,59
KIRREL1,105
KIRREL2,189
KIRREL3,79
KISS1R,56
KIT,173
KL,68
KLB,28
KLC1,67
KLC2,119
KLC3,182
KLC4,127
KLF1,165
KLF10,82
KLF11,170
KLF12,37
KLF13,67
KLF14,193
KLF15,182
KLF16,162
KLF17,34
KLF2,67
KLF3,104
KLF4,177
KLF5,104
KLF6,94
KLF7,132
KLF8,184
KLF9,3
KLHDC1,11
KLHDC10,48
KLHDC2,20
KLHDC3,53
KLHDC4,88
KLHDC7A,167
KLHDC8A,182
KLHDC8B,171
KLHDC9,22
KLHL1,175
KLHL10,122
KLHL11,181
KLHL12,199
KLHL13,9
KLHL14,67
KLHL15,68
KLHL17,75
KLHL18,198
KLHL2,157
KLHL20,162
KLHL21,61
KLHL22,35
KLHL24,15
KLHL25,78
KLHL26,167
KLHL28,48
KLHL29,169
KLHL3,15
KLHL30,78
KLHL31,49
KLHL32,43
KLHL33,167
KLHL34,181
KLHL35,41
KLHL36,182
KLHL38,131
KLHL4,53
KLHL40,55
KLHL41,24
KLHL42,68
KLHL5,47
KLHL6,174
KLHL7,37
KLHL8,38
KLHL9,93
KLK1,60
KLK10,166
KLK11,171
KLK12,171
KLK13,11
KLK14,190
KLK15,22
KLK2,132
KLK3,132
KLK4,132
KLK5,141
KLK6,182
KLK7,171
KLK8,89
KLK9,141
KLKB1,98
KLRB1,145
KLRC1,28
KLRC2,41
KLRC3,41
KLRC4,48
KLRD1,28
KLRF1,42
KLRF2,11
KLRG1,144
KLRG2,61
KMO,31
KMT2A,90
KMT2B,120
KMT2C,109
KMT2D,88
KMT2E,109
KMT5B,15
KMT5C,170
KNG1,141
KPLCE,3
KPNA1,8
KPNA2,110
KPNA3,139
KPNA4,26
KPNA5,29
KPNA6,3
KPNA7,65
KPNB1,42
KPRP,1
KRAS,104
KRBOX1,143
KRBOX5,164
KRCC1,38
KREMEN1,42
KREMEN2,200
KRIT1,115
KRT1,29
KRT10,33
KRT12,28
KRT13,49
KRT14,1
KRT15,49
KRT18,194
KRT19,94
KRT2,190
KRT20,8
KRT222,122
KRT23,144
KRT24,38
KRT25,122
KRT26,122
KRT27,43
KRT28,122
KRT3,171
KRT31,94
KRT32,60
KRT33A,181
KRT33B,94
KRT34,16
KRT35,122
KRT36,94
KRT37,10
KRT38,11
KRT39,42
KRT4,137
KRT40,42
KRT5,137
KRT6A,94
KRT6B,94
KRT6C,41
KRT7,4
KRT71,21
KRT72,185
KRT73,170
KRT74,17
KRT75,96
KRT76,155
KRT77,171
KRT78,142
KRT79,181
KRT80,65
KRT81,8
KRT82,34
KRT83,96
KRT84,178
KRT85,174
KRT86,136
KRT9,122
KRTAP1-1,11
KRTAP1-4,94
KRTAP1-5,11
KRTAP10-1,141
KRTAP10-10,69
KRTAP10-11,141
KRTAP10-2,191
KRTAP10-3,141
KRTAP10-5,168
KRTAP10-8,141
KRTAP10-9,141
KRTAP11-1,48
KRTAP12-1,179
KRTAP12-2,69
KRTAP12-3,168
KRTAP13-1,139
KRTAP13-2,187
KRTAP13-3,185
KRTAP13-4,171
KRTAP15-1,34
KRTAP16-1,94
KRTAP24-1,43
KRTAP25-1,31
KRTAP26-1,138
KRTAP27-1,36
KRTAP3-1,94
KRTAP3-2,26
KRTAP3-3,94
KRTAP4-11,94
KRTAP4-2,94
KRTAP4-3,94
KRTAP4-4,94
KRTAP4-5,94
KRTAP4-6,191
KRTAP4-8,94
KRTAP4-9,26
KRTAP5-2,69
KRTAP5-3,200
KRTAP5-5,31
KRTAP5-6,40
KRTAP9-1,26
KRTAP9-6,94
KRTAP9-8,94
KRTAP9-9,94
KRTCAP3,166
KSR1,123
KSR2,63
KY,124
KYAT1,171
KYAT3,39
L1CAM,182
L2HGDH,20
L3MBTL1,14
L3MBTL2,164
L3MBTL3,90
L3MBTL4,3
LACRT,144
LACTB,10
LAG3,145
LAGE3,101
LAIR2,58
LALBA,138
LAMA1,68
LAMA2,54
LAMA3,182
LAMA4,68
LAMA5,169
LAMB1,173
LAMB2,187
LAMB3,58
LAMB4,173
LAMC1,198
LAMC2,4
LAMC3,61
LAMP1,166
LAMP2,46
LAMP5,68
LANCL1,139
LANCL2,138
LANCL3,41
LAP3,132
LAPTM4A,89
LAPTM4B,37
LAPTM5,168
LARGE1,15
LARGE2,128
LARP1,162
LARP1B,19
LARP4,162
LARP4B,162
LARP6,155
LARP7,109
LARS1,132
LARS2,72
LASP1,122
LATS1,14
LATS2,105
LAYN,30
LBH,157
LBHD1,37
LBP,182
LBR,58
LBX1,41
LBX2,169
LCA5,42
LCA5L,26
LCAT,128
LCE1B,179
LCE1D,2
LCE2A,52
LCE2B,166
LCE2D,94
LCE3A,172
LCE3B,159
LCE3C,159
LCE3D,59
LCE3E,59
LCE5A,50
LCK,198
LCLAT1,167
LCMT1,110
LCMT2,174
LCN10,78
LCN12,78
LCN15,78
LCN2,62
LCN6,78
LCN8,78
LCN9,191
LCNL1,170
LCOR,167
LCORL,33
LCP1,113
LCP2,173
LCT,189
LCTL,11
LDB1,92
LDB2,171
LDB3,125
LDHA,52
LDHAL6A,8
LDHAL6B,58
LDHB,32
LDHC,142
LDHD,173
LDLR,198
LDLRAD2,89
LDLRAD4,190
LDLRAP1,113
LDOC1,11
LEF1,174
LEFTY1,179
LEFTY2,60
LELP1,6
LEMD1,172
LEMD2,162
LEMD3,162
LENG8,86
LENG9,69
LEPR,48
LEPROT,32
LEPROTL1,36
LETM1,100
LETM2,134
LETMD1,127
LFNG,70
LGALS1,166
LGALS12,31
LGALS13,68
LGALS14,120
LGALS16,68
LGALS2,48
LGALS3,132
LGALS3BP,74
LGALS4,120
LGALS7,53
LGALS7B,120
LGALS8,31
LGALS9,123
LGALS9B,123
LGALS9C,124
LGALSL,198
LGI1,32
LGI2,36
LGI3,190
LGI4,120
LGMN,61
LGR4,69
LGR5,50
LGR6,175
LGSN,5
LHB,53
LHCGR,67
LHFPL1,44
LHFPL2,105
LHFPL4,44
LHFPL5,132
LHFPL6,196
LHFPL7,165
LHPP,78
LHX1,137
LHX2,175
LHX3,181
LHX4,37
LHX5,141
LHX6,191
LHX8,145
LHX9,9
LIFR,53
LIG1,83
LIG3,72
LIG4,83
LILRA1,58
LILRA2,166
LILRA4,8
LILRA5,200
LILRB1,58
LILRB2,58
LILRB3,2
LILRB4,5
LILRB5,58
LIM2,190
LIMCH1,21
LIMD1,187
LIMD2,182
LIME1,41
LIMK1,64
LIMK2,64
LIMS2,55
LIN28A,68
LIN28B,34
LIN54,127
LIN7A,44
LIN7B,132
LIN7C,165
LINGO1,60
LINGO2,67
LINGO3,172
LINGO4,189
LIPA,24
LIPC,22
LIPF,144
LIPG,21
LIPH,3
LIPI,155
LIPJ,28
LIPK,136
LIPM,14
LIPN,27
LITAF,26
LIX1,22
LIX1L,129
LLGL1,138
LLGL2,58
LMAN1,169
LMAN1L,187
LMAN2,184
LMAN2L,96
LMBR1,57
LMBR1L,136
LMCD1,66
LMF1,182
LMF2,63
LMNA,101
LMNB1,101
LMNB2,68
LMNTD1,164
LMO1,70
LMO2,116
LMO3,65
LMO4,90
LMO7,48
LMOD1,24
LMOD2,2
LMOD3,23
LMTK2,132
LMTK3,191
LMX1A,26
LMX1B,166
LNPEP,16
LNX1,171
LNX2,128
LONP1,99
LONP2,29
LONRF1,171
LONRF2,39
LONRF3,170
LOX,41
LOXHD1,193
LOXL1,67
LOXL2,190
LOXL3,177
LOXL4,132
LPA,95
LPAR1,152
LPAR3,32
LPAR4,189
LPAR5,170
LPAR6,31
LPCAT1,170
LPCAT2,24
LPCAT3,43
LPCAT4,180
LPGAT1,24
LPIN1,57
LPIN2,65
LPIN3,199
LPL,68
LPO,11
LPP,39
LPXN,39
LRAT,168
LRATD1,191
LRATD2,170
LRBA,57
LRCH1,200
LRCH2,66
LRCH3,172
LRCH4,126
LRFN1,120
LRFN2,124
LRFN3,35
LRFN4,119
LRFN5,44
LRG1,37
LRGUK,97
LRIG1,67
LRIG2,154
LRIG3,89
LRIT1,133
LRIT2,145
LRIT3,180
LRMDA,124
LRP1,191
LRP10,198
LRP11,186
LRP12,38
LRP1B,1
LRP2,68
LRP2BP,98
LRP3,140
LRP4,21
LRP5,58
LRP6,66
LRP8,113
LRRC1,6
LRRC10,175
LRRC10B,119
LRRC14,76
LRRC14B,78
LRRC15,125
LRRC17,5
LRRC18,137
LRRC19,28
LRRC2,193
LRRC23,179
LRRC24,78
LRRC26,67
LRRC27,30
LRRC28,47
LRRC3,68
LRRC30,174
LRRC32,182
LRRC36,26
LRRC37A2,59
LRRC37A3,181
LRRC37B,33
LRRC38,70
LRRC39,29
LRRC3B,139
LRRC3C,122
LRRC4,30
LRRC40,48
LRRC43,96
LRRC45,73
LRRC46,76
LRRC47,75
LRRC49,50
LRRC4B,132
LRRC4C,37
LRRC52,125
LRRC55,125
LRRC58,166
LRRC61,60
LRRC66,173
LRRC7,39
LRRC70,11
LRRC72,47
LRRC74A,197
LRRC8A,182
LRRC8B,153
LRRC8C,26
LRRC8D,22
LRRC8E,166
LRRCC1,190
LRRD1,29
LRRFIP1,170
LRRFIP2,108
LRRIQ3,32
LRRIQ4,132
LRRK1,187
LRRK2,174
LRRN1,30
LRRN2,182
LRRN3,1
LRRN4,166
LRRN4CL,119
LRRTM1,41
LRRTM2,174
LRRTM3,143
LRRTM4,32
LRTM1,30
LRTM2,118
LRWD1,126
LSAMP,193
LSG1,100
LSM1,171
LSM14A,49
LSM14B,74
LSM4,13
LSM6,29
LSM7,13
LSM8,162
LSP1,65
LSR,35
LTA,138
LTA4H,157
LTB,68
LTB4R,121
LTB4R2,67
LTBP1,70
LTBP2,193
LTBP3,119
LTBR,172
LTC4S,74
LTF,34
LTK,167
LUC7L,178
LUC7L2,157
LUC7L3,85
LUM,47
LURAP1,136
LURAP1L,62
LUZP1,108
LVRN,170
LXN,198
LY6D,190
LY6E,70
LY6H,182
LY6K,96
LY75,189
LY9,166
LYG1,144
LYG2,189
LYL1,116
LYN,138
LYPD1,196
LYPD2,76
LYPD3,67
LYPD4,30
LYPD5,186
LYPD6,14
LYPD6B,8
LYPLA1,65
LYPLA2,185
LYPLAL1,39
LYRM4,83
LYSMD1,129
LYSMD2,156
LYSMD3,27
LYSMD4,47
LYST,49
LYVE1,47
LYZ,36
LYZL4,178
LYZL6,11
LZIC,118
LZTR1,108
LZTS1,55
LZTS2,68
LZTS3,132
MAB21L1,43
MAB21L2,167
MAB21L3,154
MAB21L4,141
MACC1,9
MACF1,164
MACROD1,119
MACROD2,193
MACROH2A1,157
MACROH2A2,7
MAD2L1,15
MAD2L2,34
MAEA,161
MAF,117
MAFA,76
MAFB,169
MAFF,166
MAFG,73
MAFK,77
MAG,120
MAGEA1,200
MAGEA10,66
MAGEA11,179
MAGEA12,198
MAGEA4,184
MAGEA6,94
MAGEA8,179
MAGEB1,36
MAGEB10,38
MAGEB16,187
MAGEB17,51
MAGEB18,30
MAGEB2,200
MAGEB3,36
MAGEB4,139
MAGEB5,137
MAGEB6,142
MAGEC1,26
MAGEC2,96
MAGEC3,65
MAGED1,199
MAGED2,54
MAGEE1,89
MAGEE2,5
MAGEF1,197
MAGEH1,118
MAGI1,30
MAGI2,96
MAGI3,154
MAGIX,187
MAGOH,53
MAGOHB,46
MAGT1,198
MAK,28
MAL,133
MALL,190
MAMDC2,192
MAMDC4,89
MAML1,90
MAML2,172
MAML3,58
MAMSTR,9
MAN1A1,44
MAN1A2,154
MAN1B1,89
MAN1C1,34
MAN2A1,8
MAN2A2,175
MAN2B1,70
MAN2B2,166
MAN2C1,59
MANBA,55
MANEA,24
MANEAL,22
MANF,146
MANSC1,35
MANSC4,164
MAOA,187
MAOB,26
MAP1A,175
MAP1B,174
MAP1LC3A,180
MAP1LC3B,171
MAP1LC3B2,128
MAP1LC3C,60
MAP1S,49
MAP2,139
MAP2K1,81
MAP2K2,179
MAP2K3,118
MAP2K4,28
MAP2K5,104
MAP2K6,17
MAP2K7,64
MAP3K1,64
MAP3K10,167
MAP3K11,119
MAP3K12,144
MAP3K13,17
MAP3K19,136
MAP3K2,104
MAP3K20,49
MAP3K21,166
MAP3K3,140
MAP3K4,118
MAP3K5,192
MAP3K6,22
MAP3K7,165
MAP3K7CL,37
MAP3K8,15
MAP3K9,198
MAP4K1,120
MAP4K2,125
MAP4K3,1
MAP4K4,105
MAP6,41
MAP6D1,197
MAP7,70
MAP7D1,191
MAP7D2,48
MAP7D3,88
MAPDA,1
MAPK1,81
MAPK10,23
MAPK11,63
MAPK12,54
MAPK13,68
MAPK14,118
MAPK15,76
MAPK3,191
MAPK4,173
MAPK6,118
MAPK7,104
MAPK8,155
MAPK8IP1,49
MAPK8IP3,175
MAPK9,57
MAPKAPK2,182
MAPKAPK3,64
MAPKAPK5,118
MAPKBP1,65
MAPRE1,82
MAPRE2,24
MAPRE3,66
MAPT,132
MARCHF1,20
MARCHF10,48
MARCHF11,190
MARCHF2,7
MARCHF3,192
MARCHF4,60
MARCHF7,159
MARCHF8,178
MARCHF9,195
MARCKS,170
MARCKSL1,127
MARCO,138
MARK1,31
MARK2,152
MARK3,162
MARK4,68
MARS1,178
MARS2,72
MARVELD2,140
MARVELD3,3
MAS1,17
MAS1L,16
MASP1,89
MASP2,145
MAST1,165
MAST2,140
MAST3,177
MAST4,67
MASTL,102
MAT1A,139
MAT2A,111
MATCAP1,199
MATCAP2,180
MATK,171
MATN1,169
MATN2,21
MATN3,172
MATN4,67
MATR3,82
MAZ,180
MB,167
MB21D2,58
MBD1,68
MBD2,115
MBD3,90
MBD3L1,29
MBD4,26
MBD5,42
MBD6,48
MBIP,49
MBLAC2,68
MBNL1,113
MBNL2,1
MBNL3,42
MBOAT1,6
MBOAT2,57
MBOAT4,69
MBOAT7,84
MBTD1,200
MBTPS1,103
MC1R,78
MC2R,167
MC3R,132
MC4R,46
MC5R,64
MCAM,79
MCC,191
MCCC1,3
MCCC2,196
MCEE,164
MCF2,9
MCF2L,74
MCF2L2,36
MCFD2,33
MCHR1,33
MCHR2,43
MCIDAS,22
MCL1,85
MCM2,102
MCM3,194
MCM3AP,88
MCM4,102
MCM5,102
MCM6,194
MCM7,102
MCM8,83
MCM9,83
MCMDC2,23
MCOLN1,193
MCOLN2,189
MCOLN3,31
MCRIP1,73
MCRIP2,78
MCTP1,193
MCTP2,79
MCTS1,88
MCU,165
MCUB,197
MCUR1,170
MDC1,83
MDFI,174
MDFIC,38
MDGA1,175
MDGA2,29
MDH1,64
MDH1B,180
MDH2,112
MDK,67
MDM2,82
MDM4,82
MDN1,100
ME1,32
ME2,113
ME3,58
MEAK7,199
MECOM,159
MECP2,41
MECR,99
MED12,114
MED12L,175
MED13,114
MED13L,114
MED25,89
MED7,6
MEF2A,63
MEF2B,113
MEF2C,115
MEF2D,115
MEFV,50
MEGF10,196
MEGF11,182
MEGF6,75
MEGF8,168
MEGF9,196
MEI1,171
MEIS1,29
MEIS2,90
MEIS3,185
MELK,164
MELTF,77
MEOX1,198
MEOX2,44
MEP1A,156
MEP1B,53
MEPCE,87
MERTK,48
MESP1,60
MESP2,60
MEST,166
MET,159
METAP1,162
METAP1D,180
METAP2,162
METRN,60
METRNL,77
METTL13,46
METTL17,72
METTL21A,197
METTL21C,26
METTL23,58
METTL24,14
METTL25,165
METTL25B,180
METTL27,7
METTL2A,48
METTL2B,48
METTL6,28
METTL8,1
MEX3A,145
MEX3B,64
MEX3C,168
MEX3D,61
MFAP2,89
MFAP3,32
MFAP3L,74
MFAP4,138
MFAP5,190
MFF,199
MFGE8,17
MFHAS1,65
MFN1,42
MFN2,99
MFNG,3
MFRP,79
MFSD1,157
MFSD10,170
MFSD12,168
MFSD14A,141
MFSD14B,157
MFSD2A,128
MFSD2B,179
MFSD3,58
MFSD4A,182
MFSD4B,33
MFSD5,22
MFSD6,21
MFSD6L,178
MFSD8,192
MFSD9,189
MGA,164
MGAM,186
MGAT1,150
MGAT4A,24
MGAT4B,61
MGAT4C,47
MGAT4D,24
MGAT5,5
MGAT5B,74
MGRN1,152
MGST1,197
MGST2,165
MGST3,29
MIA,157
MIA2,28
MIA3,147
MIB1,38
MIB2,75
MICA,54
MICAL1,174
MICAL2,140
MICAL3,35
MICALL1,180
MICALL2,20
MICB,179
MICU1,115
MICU2,44
MICU3,53
MID1,167
MID1IP1,175
MID2,35
MIDEAS,64
MIEF1,199
MIEF2,138
MIEN1,122
MIER1,157
MIER2,56
MIER3,88
MIF,124
MIF4GD,175
MIGA1,49
MIGA2,182
MINAR1,49
MINAR2,174
MINDY1,129
MINDY2,178
MINDY3,37
MINDY4,5
MINK1,77
MIP,18
MIPEP,72
MIS18A,99
MISP,56
MITF,81
MIXL1,199
MKI67,59
MKKS,29
MKNK1,2
MKNK2,139
MKRN1,183
MKRN2,64
MKRN3,188
MKS1,136
MKX,67
MLF1,36
MLF2,155
MLH1,70
MLH3,8
MLKL,44
MLLT1,114
MLLT10,179
MLLT3,46
MLLT6,122
MLNR,169
MLPH,74
MLX,50
MLXIPL,126
MMAA,143
MMD,85
MMD2,74
MME,1
MMEL1,7
MMGT1,85
MMP1,36
MMP10,36
MMP11,191
MMP13,96
MMP14,175
MMP15,189
MMP16,36
MMP17,78
MMP19,137
MMP2,49
MMP20,29
MMP21,172
MMP23B,75
MMP24,49
MMP25,200
MMP26,64
MMP27,29
MMP28,123
MMP3,60
MMP7,29
MMP8,29
MMP9,174
MMRN1,5
MMRN2,177
MMUT,3
MNDA,191
MNT,116
MOAP1,47
MOB1A,48
MOB1B,52
MOB2,14
MOB3A,58
MOB3B,96
MOB3C,189
MOB4,152
MOBP,96
MOCOS,67
MOCS2,32
MOCS3,99
MOG,194
MOGAT1,172
MOGAT2,130
MOGAT3,126
MOK,6
MON1B,166
MON2,147
MORC1,8
MORC2,197
MORC3,157
MORC4,64
MORF4L1,62
MORF4L2,139
MORN1,75
MORN2,32
MORN3,18
MOS,137
MOV10,65
MOV10L1,98
MOXD1,155
MPC1,112
MPC2,112
MPDU1,146
MPDZ,88
MPHOSPH8,197
MPL,136
MPND,69
MPO,136
MPP1,62
MPP2,4
MPP3,124
MPP4,54
MPP7,50
MPPED1,63
MPPED2,32
MPRIP,159
MPST,190
MPV17,178
MPV17L,17
MPV17L2,199
MPZ,19
MPZL1,164
MPZL2,79
MPZL3,79
MR1,94
MRAS,167
MRC1,14
MRC2,140
MRFAP1,84
MRFAP1L1,74
MRGPRD,119
MRGPRE,179
MRGPRF,119
MRGPRG,55
MRGPRX1,33
MRGPRX2,186
MRGPRX3,181
MRGPRX4,48
MRI1,198
MRM1,122
MRM2,72
MRM3,72
MRO,26
MROH1,76
MROH2B,43
MROH6,76
MROH7,173
MROH9,24
MRPL11,71
MRPL13,72
MRPL14,72
MRPL2,72
MRPL38,72
MRPL39,72
MRPL58,72
MRPS11,72
MRPS12,72
MRPS5,72
MRPS7,72
MRPS9,72
MRTFA,70
MRTFB,189
MS4A1,32
MS4A10,188
MS4A12,24
MS4A13,31
MS4A14,32
MS4A15,125
MS4A2,24
MS4A3,24
MS4A4A,48
MS4A5,24
MS4A6A,24
MS4A6E,31
MS4A7,32
MS4A8,125
MSANTD2,79
MSC,55
MSGN1,174
MSH2,44
MSH3,67
MSH4,155
MSH5,125
MSH6,44
MSI1,142
MSI2,3
MSL3,63
MSLN,60
MSMB,155
MSMO1,38
MSMP,67
MSN,162
MSR1,39
MSRA,54
MSRB1,20
MSRB2,192
MSRB3,171
MSS51,171
MST1R,174
MSTN,5
MSX1,63
MSX2,190
MT1A,5
MT1B,52
MT1E,61
MT1F,96
MT1G,164
MT1H,55
MT1HL1,49
MT1M,67
MT1X,49
MT2A,164
MT3,10
MT4,36
MTA1,60
MTA2,115
MTA3,29
MTAP,57
MTARC1,191
MTARC2,62
MTCH1,187
MTCH2,71
MTCL1,22
MTCL2,135
MTCP1,69
MTDH,44
MTERF1,44
MTERF2,31
MTF1,113
MTF2,154
MTFR1,2
MTFR1L,175
MTFR2,66
MTG1,72
MTG2,72
MTHFD1,111
MTHFD1L,118
MTHFD2,118
MTHFD2L,155
MTHFR,190
MTHFS,44
MTIF2,72
MTM1,5
MTMR1,142
MTMR10,30
MTMR11,129
MTMR12,62
MTMR2,31
MTMR3,4
MTMR4,68
MTMR6,110
MTMR7,16
MTMR8,28
MTMR9,110
MTNR1A,98
MTNR1B,132
MTOR,149
MTPAP,72
MTPN,20
MTR,111
MTREX,101
MTRF1,6
MTRF1L,72
MTRR,111
MTSS1,131
MTSS2,171
MTUS1,7
MTUS2,167
MTX1,129
MTX2,71
MTX3,145
MUC12,70
MUC15,138
MUC17,55
MUC4,74
MUC5B,168
MUC6,169
MUSK,164
MUSTN1,189
MUTYH,136
MVK,111
MX1,157
MX2,182
MXD1,164
MXD3,74
MXD4,190
MXI1,196
MXRA5,74
MXRA8,75
MYADM,170
MYADML2,73
MYB,115
MYBL1,5
MYBL2,114
MYBPC1,166
MYBPC2,132
MYBPC3,177
MYBPH,182
MYBPHL,153
MYC,116
MYCBPAP,200
MYCL,128
MYCN,92
MYEF2,43
MYF5,142
MYF6,8
MYH1,5
MYH10,54
MYH11,144
MYH13,5
MYH14,104
MYH15,127
MYH2,125
MYH3,1
MYH4,1
MYH6,121
MYH7,167
MYH8,5
MYH9,108
MYL1,174
MYL10,140
MYL11,133
MYL12A,108
MYL12B,108
MYL2,193
MYL3,127
MYL4,70
MYL5,60
MYL6,108
MYL6B,157
MYL7,14
MYL9,14
MYLIP,103
MYLK,68
MYLK2,135
MYLK3,186
MYLK4,172
MYMK,174
MYNN,44
MYO10,152
MYO15A,138
MYO16,68
MYO18A,123
MYO18B,170
MYO19,122
MYO1A,124
MYO1B,171
MYO1C,64
MYO1D,38
MYO1E,166
MYO1F,54
MYO1G,21
MYO1H,181
MYO3A,2
MYO3B,143
MYO5A,192
MYO5B,196
MYO5C,42
MYO6,37
MYO7A,130
MYO7B,167
MYO9A,159
MYO9B,105
MYOC,96
MYOCD,43
MYOD1,182
MYOF,68
MYOG,182
MYOM1,132
MYOM2,61
MYOM3,96
MYOT,35
MYOZ1,138
MYOZ2,63
MYOZ3,18
MYPN,8
MYRF,159
MYRIP,170
MYSM1,82
MYT1,77
MYT1L,141
MYZAP,185
MZF1,60
MZT2A,181
MZT2B,141
N4BP1,107
N4BP2,138
N4BP2L1,193
N4BP2L2,157
NAA10,170
NAA11,136
NAA15,59
NAA16,37
NAA20,101
NAA25,101
NAA30,70
NAA50,102
NAAA,174
NAALAD2,164
NAALADL1,119
NAALADL2,186
NAB1,36
NAB2,65
NABP1,44
NABP2,37
NACA,200
NACA2,137
NACAD,66
NACC1,189
NACC2,168
NAE1,99
NAGA,132
NAGPA,96
NALCN,175
NALF1,170
NALF2,41
NAMPT,111
NANOGNB,26
NANOS1,55
NANOS2,4
NANOS3,166
NANP,23
NAP1L1,44
NAP1L2,44
NAP1L3,44
NAP1L4,28
NAP1L5,189
NAPA,13
NAPB,155
NAPG,150
NAPRT,76
NAPSA,145
NARF,47
NARS1,101
NARS2,72
NAT1,60
NAT14,190
NAT2,20
NAT8,125
NAT8L,65
NAV1,7
NAV2,66
NAV3,50
NAXE,171
NBEA,43
NBEAL1,194
NBEAL2,174
NBL1,175
NBPF3,33
NCALD,34
NCAM2,38
NCAN,157
NCAPD2,102
NCAPD3,102
NCBP2,101
NCCRP1,120
NCEH1,37
NCF1,164
NCF2,5
NCF4,5
NCK1,30
NCK2,189
NCKAP1,152
NCKAP1L,113
NCKAP5,15
NCKAP5L,30
NCL,100
NCOA1,29
NCOA2,49
NCOA3,48
NCOA7,192
NCOR1,109
NCOR2,89
NCR1,191
NCR2,138
NCR3,174
NCR3LG1,14
NCS1,68
NDE1,162
NDEL1,47
NDFIP1,48
NDFIP2,54
NDN,170
NDOR1,99
NDRG1,11
NDRG2,121
NDRG3,113
NDRG4,189
NDST1,151
NDST2,165
NDST3,9
NDST4,26
NDUFA10,72
NDUFA4,72
NDUFA4L2,16
NDUFAB1,101
NDUFAF6,72
NDUFS1,72
NDUFS4,128
NEB,174
NEBL,37
NECAB1,23
NECAB2,48
NECAB3,156
NECAP1,26
NECAP2,175
NECTIN1,79
NECTIN2,158
NECTIN3,48
NECTIN4,181
NEDD1,12
NEDD4,29
NEDD4L,64
NEDD8,102
NEDD9,172
NEFM,143
NEGR1,48
NEIL1,174
NEIL2,96
NEIL3,74
NEK1,48
NEK10,29
NEK11,132
NEK2,48
NEK3,155
NEK4,30
NEK5,24
NEK6,1
NEK7,31
NEK8,123
NEK9,44
NELL1,175
NELL2,189
NEMP1,84
NEMP2,28
NEO1,89
NES,173
NET1,173
NETO1,54
NETO2,1
NEU1,140
NEU2,168
NEU3,16
NEU4,78
NEURL1,78
NEURL1B,55
NEURL4,159
NEUROD1,181
NEUROD2,122
NEUROD4,175
NEUROD6,42
NEUROG1,10
NEUROG2,196
NEUROG3,132
NEXMIF,34
NEXN,34
NF1,108
NF2,105
NFASC,182
NFAT5,90
NFATC1,175
NFATC2,181
NFATC2IP,157
NFATC3,187
NFATC4,37
NFE2,125
NFE2L1,88
NFE2L2,150
NFE2L3,185
NFIA,37
NFIB,62
NFIC,166
NFIL3,43
NFIX,166
NFKB1,117
NFKB2,62
NFKBIA,132
NFKBIB,120
NFKBID,68
NFKBIE,164
NFKBIZ,174
NFS1,162
NFX1,38
NFXL1,38
NFYB,13
NFYC,13
NGDN,101
NGEF,199
NGF,154
NGFR,142
NHERF1,41
NHERF2,8
NHERF4,79
NHLH1,186
NHLH2,166
NHLRC4,78
NHP2,100
NHS,192
NHSL1,142
NHSL3,3
NIBAN1,26
NIBAN2,105
NIBAN3,74
NID1,58
NID2,140
NIM1K,18
NIN,132
NINJ1,174
NINJ2,77
NINL,190
NIP7,100
NIPA1,51
NIPA2,16
NIPAL1,139
NIPAL2,14
NIPAL3,175
NIPAL4,17
NIPSNAP1,144
NIPSNAP2,44
NIPSNAP3A,44
NIPSNAP3B,44
NISCH,174
NIT1,34
NIT2,28
NKAIN1,171
NKAIN2,124
NKAIN4,172
NKAP,13
NKAPL,96
NKD1,4
NKD2,58
NKG7,11
NKIRAS1,157
NKIRAS2,178
NKTR,110
NKX1-2,44
NKX2-1,128
NKX2-2,67
NKX2-3,155
NKX2-4,19
NKX2-5,96
NKX2-8,196
NKX3-1,67
NKX3-2,42
NKX6-1,69
NKX6-2,58
NKX6-3,134
NLGN1,26
NLGN2,9
NLGN3,181
NLGN4X,54
NLK,46
NLN,198
NLRC4,171
NLRC5,136
NLRP1,66
NLRP10,166
NLRP11,54
NLRP12,174
NLRP13,185
NLRP14,42
NLRP2,179
NLRP3,74
NLRP4,36
NLRP5,170
NLRP6,54
NLRP7,5
NLRP8,170
NLRP9,179
NLRX1,79
NMB,186
NMBR,189
NME1,200
NME2,200
NME3,193
NME4,78
NME5,31
NME6,72
NME7,11
NME8,36
NME9,5
NMI,28
NMNAT1,115
NMNAT2,177
NMNAT3,18
NMRK1,30
NMRK2,118
NMT1,114
NMT2,190
NMUR1,61
NMUR2,174
NNMT,79
NOA1,72
NOCT,49
NOD1,63
NOD2,4
NODAL,64
NOL3,67
NOL4,142
NOL4L,135
NOL9,100
NOM1,100
NOMO1,40
NOMO2,46
NONO,82
NOP2,100
NOP56,100
NOP58,100
NOS1,49
NOS1AP,178
NOS2,123
NOS3,168
NOSTRIN,32
NOTCH1,17
NOTCH2,174
NOTCH3,15
NOTCH4,177
NOTO,18
NOVA1,144
NOVA2,67
NOX1,132
NOX3,169
NOX4,143
NOX5,66
NOXA1,179
NOXO1,199
NOXRED1,139
NPAP1,166
NPAS1,186
NPAS2,68
NPAS3,30
NPAS4,119
NPB,73
NPBWR1,124
NPBWR2,77
NPC1,159
NPC1L1,18
NPEPL1,58
NPEPPS,125
NPFFR1,175
NPFFR2,43
NPHP3,167
NPHS1,120
NPHS2,44
NPL,197
NPM2,144
NPM3,174
NPNT,191
NPPA,145
NPPB,53
NPR1,175
NPR2,176
NPR3,188
NPTN,10
NPTX1,73
NPTX2,49
NPTXR,46
NPW,4
NPY,17
NPY1R,32
NPY2R,20
NPY5R,190
NQO1,54
NQO2,172
NR0B1,7
NR0B2,197
NR1D1,122
NR1D2,37
NR1H2,103
NR1H3,67
NR1H4,157
NR1I2,30
NR1I3,125
NR2C1,42
NR2C2,38
NR2E1,174
NR2F1,37
NR2F2,41
NR2F6,41
NR3C1,48
NR3C2,20
NR4A1,177
NR4A2,132
NR4A3,42
NR5A1,6
NR5A2,155
NRAP,193
NRARP,78
NRAS,149
NRBP1,148
NRBP2,78
NRCAM,32
NRDC,27
NRG1,198
NRG2,54
NRG3,70
NRG4,39
NRIP2,60
NRIP3,66
NRK,175
NRL,172
NRN1,5
NRN1L,65
NRP1,105
NRP2,53
NRROS,77
NRSN1,132
NRSN2,69
NRTN,63
NRXN1,142
NRXN2,119
NRXN3,166
NSD1,157
NSD2,199
NSD3,114
NSDHL,38
NSFL1C,37
NSG1,70
NSG2,171
NSMAF,49
NSMCE3,110
NSMCE4A,110
NSRP1,86
NSUN2,37
NSUN3,71
NSUN4,72
NSUN5,126
NSUN6,157
NT5C,182
NT5C1A,49
NT5C1B,167
NT5C2,11
NT5C3A,1
NT5C3B,139
NT5DC1,2
NT5DC2,174
NT5DC3,47
NT5M,3
NTF3,14
NTF4,118
NTHL1,5
NTM,79
NTMT1,193
NTMT2,30
NTN1,169
NTN3,171
NTN4,42
NTN5,60
NTNG1,154
NTNG2,178
NTRK1,173
NTRK2,33
NTRK3,175
NTSR1,69
NTSR2,169
NUAK1,21
NUAK2,108
NUBP1,101
NUBP2,99
NUBPL,72
NUCB1,175
NUCB2,28
NUCKS1,30
NUDC,86
NUDCD2,186
NUDCD3,89
NUDT1,60
NUDT10,59
NUDT11,187
NUDT12,164
NUDT14,47
NUDT16,69
NUDT16L1,67
NUDT17,11
NUDT3,167
NUDT5,187
NUF2,6
NUMA1,86
NUMB,127
NUMBL,18
NUP153,86
NUP210,167
NUP210L,89
NUP214,14
NUP42,37
NUP62,157
NUP62CL,191
NUPR1,138
NUPR2,138
NUTF2,6
NUTM1,185
NUTM2A,183
NUTM2F,48
NUTM2G,48
NVL,100
NWD1,14
NWD2,26
NXF1,13
NXF3,94
NXN,60
NXNL1,36
NXNL2,3
NXPE1,26
NXPE2,79
NXPE3,127
NXPE4,79
NXPH1,26
NXPH2,177
NXPH3,138
NXPH4,198
NXT1,89
NXT2,11
NYAP1,126
NYAP2,89
NYNRIN,5
NYX,74
OAS1,171
OAS2,175
OAS3,11
OASL,77
OAT,141
OAZ1,118
OAZ2,165
OAZ3,125
OBSCN,193
OBSL1,191
OC90,164
OCA2,137
OCEL1,10
OCIAD1,24
OCIAD2,31
OCLN,140
OCM,116
OCM2,116
OCRL,192
OCSTAMP,189
ODAD1,185
ODAD2,66
ODAD3,3
ODC1,118
ODF2,178
ODF2L,37
OGDH,111
OGDHL,137
OGFOD2,175
OGFR,76
OGFRL1,68
OGN,31
OGT,86
OIP5,99
OIT3,165
OLFM1,89
OLFM2,188
OLFM3,154
OLFM4,184
OLFML1,143
OLFML2A,175
OLFML2B,19
OLFML3,153
OLIG1,10
OLIG2,4
OLIG3,183
OLR1,36
OMD,24
OMG,47
ONECUT1,174
ONECUT2,68
ONECUT3,68
OOEP,34
OOSP2,32
OPA1,71
OPCML,79
OPHN1,1
OPN1LW,166
OPN1SW,175
OPN3,58
OPN4,136
OPN5,127
OPRD1,68
OPRK1,124
OPRL1,77
OPRM1,3
OPTC,3
OPTN,166
OR10A2,2
OR10A3,48
OR10A4,141
OR10A5,2
OR10A7,5
OR10AD1,171
OR10AG1,9
OR10C1,184
OR10G2,178
OR10G3,49
OR10G4,79
OR10G7,79
OR10G8,79
OR10G9,79
OR10H1,96
OR10H2,96
OR10H3,40
OR10H4,40
OR10H5,96
OR10J1,10
OR10J5,139
OR10K1,5
OR10K2,198
OR10P1,143
OR10Q1,155
OR10R2,164
OR10T2,144
OR10V1,189
OR10W1,43
OR10Z1,48
OR11A1,43
OR11H4,121
OR11H6,121
OR11L1,95
OR12D3,39
OR13A1,137
OR13C2,94
OR13C3,8
OR13C4,184
OR13C5,94
OR13C8,143
OR13C9,40
OR13D1,139
OR13F1,184
OR13G1,95
OR13H1,42
OR13J1,143
OR14A16,60
OR14C36,95
OR14I1,95
OR14J1,43
OR1A1,141
OR1A2,132
OR1C1,95
OR1D2,181
OR1D5,181
OR1E1,42
OR1E2,181
OR1F1,199
OR1G1,132
OR1I1,196
OR1J1,141
OR1J2,191
OR1J4,143
OR1K1,184
OR1L1,132
OR1L3,66
OR1L4,40
OR1L6,40
OR1L8,198
OR1M1,38
OR1N1,5
OR1N2,143
OR1Q1,132
OR2A12,164
OR2A14,3
OR2A2,97
OR2A25,97
OR2A5,97
OR2AE1,178
OR2AG1,7
OR2AG2,48
OR2AP1,143
OR2AT4,89
OR2B11,96
OR2B2,60
OR2B3,191
OR2B6,171
OR2C1,171
OR2C3,95
OR2D2,192
OR2D3,51
OR2F2,41
OR2G2,95
OR2G3,95
OR2G6,95
OR2H1,7
OR2H2,172
OR2J2,39
OR2J3,94
OR2K2,191
OR2L13,190
OR2L2,9
OR2L3,95
OR2L5,95
OR2M2,95
OR2M3,95
OR2M4,95
OR2M5,95
OR2M7,95
OR2S2,145
OR2T10,95
OR2T12,95
OR2T2,95
OR2T27,95
OR2T29,95
OR2T35,95
OR2T4,20
OR2T5,95
OR2T6,9
OR2T8,95
OR2V1,59
OR2V2,179
OR2W1,59
OR2W3,95
OR2Y1,179
OR2Z1,137
OR3A1,191
OR4A16,43
OR4A47,14
OR4A5,43
OR4B1,140
OR4C11,9
OR4C12,140
OR4C13,167
OR4C15,155
OR4C3,140
OR4C46,14
OR4C6,43
OR4D1,136
OR4D10,49
OR4D11,172
OR4D2,136
OR4D5,79
OR4D6,180
OR4D9,49
OR4E2,140
OR4F15,41
OR4F6,59
OR4K1,14
OR4K13,143
OR4K14,2
OR4K15,49
OR4K17,43
OR4K2,43
OR4K5,43
OR4L1,43
OR4M1,191
OR4N2,16
OR4N5,171
OR4P4,9
OR4S1,184
OR4S2,9
OR4X1,66
OR51A2,2
OR51A4,20
OR51A7,10
OR51B4,171
OR51B5,190
OR51B6,7
OR51D1,10
OR51E1,16
OR51E2,59
OR51F2,132
OR51G2,43
OR51I1,143
OR51I2,184
OR51L1,2
OR51M1,15
OR51Q1,10
OR51S1,178
OR51T1,5
OR51V1,5
OR52A1,15
OR52A5,15
OR52B2,197
OR52B6,94
OR52D1,2
OR52E2,59
OR52E4,199
OR52E6,40
OR52E8,40
OR52H1,16
OR52I1,40
OR52J3,40
OR52K1,5
OR52K2,94
OR52L1,15
OR52M1,60
OR52N1,199
OR52N2,190
OR52N4,51
OR52N5,171
OR52W1,15
OR56A1,15
OR56A3,191
OR56B1,48
OR56B4,2
OR5A1,171
OR5A2,7
OR5AC2,143
OR5AK2,143
OR5AN1,171
OR5AP2,43
OR5AS1,43
OR5AU1,143
OR5B12,43
OR5B17,2
OR5B2,43
OR5B21,43
OR5B3,15
OR5C1,171
OR5D14,180
OR5D16,43
OR5D18,9
OR5F1,9
OR5H14,167
OR5H15,10
OR5H2,143
OR5H6,191
OR5I1,9
OR5J2,43
OR5K1,167
OR5K3,143
OR5K4,59
OR5L2,43
OR5M1,9
OR5M10,9
OR5M11,9
OR5M3,9
OR5M8,41
OR5M9,9
OR5P2,94
OR5P3,40
OR5T1,9
OR5T2,9
OR5T3,9
OR5V1,59
OR5W2,9
OR6A2,89
OR6B1,190
OR6B2,84
OR6B3,84
OR6C1,172
OR6C2,137
OR6C3,156
OR6C4,143
OR6C6,60
OR6C65,9
OR6C68,94
OR6C70,2
OR6C74,9
OR6C75,198
OR6C76,1
OR6F1,190
OR6K2,143
OR6K3,49
OR6M1,79
OR6N1,43
OR6N2,190
OR6P1,10
OR6Q1,43
OR6S1,121
OR6T1,79
OR6V1,191
OR6X1,79
OR6Y1,2
OR7A10,194
OR7A17,181
OR7A5,94
OR7C1,132
OR7C2,132
OR7D2,42
OR7D4,140
OR7E24,15
OR7G1,164
OR7G2,4
OR7G3,164
OR8A1,181
OR8B12,79
OR8B2,79
OR8B3,79
OR8B4,79
OR8B8,79
OR8D1,79
OR8D4,79
OR8G5,79
OR8H1,43
OR8H2,43
OR8H3,43
OR8I2,49
OR8J1,43
OR8J3,43
OR8K1,10
OR8K5,9
OR8S1,5
OR8U1,2
OR9A2,184
OR9A4,97
OR9G1,180
OR9G4,49
OR9I1,42
OR9K2,94
OR9Q1,190
OR9Q2,188
ORAI2,139
ORAI3,180
ORC1,13
ORM1,59
ORM2,59
ORMDL1,198
ORMDL2,64
ORMDL3,122
OS9,195
OSBP,22
OSBP2,54
OSBPL10,47
OSBPL11,38
OSBPL1A,5
OSBPL2,77
OSBPL3,17
OSBPL5,55
OSBPL6,5
OSBPL7,124
OSBPL8,27
OSBPL9,38
OSCAR,62
OSGEP,99
OSGEPL1,5
OSGIN1,166
OSGIN2,2
OSMR,47
OSR1,169
OSR2,17
OTC,15
OTOA,128
OTOF,19
OTOG,175
OTOL1,155
OTOP1,183
OTOP2,182
OTOP3,53
OTOR,32
OTP,55
OTUB1,82
OTUB2,48
OTUD1,67
OTUD3,70
OTUD4,37
OTUD5,87
OTUD6A,16
OTUD6B,37
OTUD7A,166
OTUD7B,64
OTULIN,11
OTULINL,66
OTX1,181
OTX2,67
OVGP1,153
OVOL1,9
OVOL2,178
OXA1L,71
OXCT1,178
OXCT2,41
OXER1,180
OXGR1,35
OXNAD1,36
OXR1,43
OXSM,99
OXSR1,148
OXT,191
OXTR,55
P2RX1,66
P2RX2,78
P2RX3,139
P2RX4,41
P2RX5,67
P2RX6,163
P2RX7,16
P2RY1,190
P2RY10,42
P2RY11,180
P2RY12,6
P2RY13,157
P2RY14,166
P2RY2,130
P2RY4,186
P2RY6,130
P3H1,44
P3H2,17
P3H4,42
P4HA1,48
P4HA2,175
P4HA3,130
P4HB,73
P4HTM,54
PA2G4,185
PAAF1,130
PABIR1,162
PABIR2,139
PABIR3,198
PABPC1,89
PABPC1L,51
PABPC3,145
PABPC4,46
PABPC5,24
PABPN1,13
PABPN1L,51
PACRG,30
PACRGL,28
PACS1,119
PACS2,77
PACSIN1,3
PACSIN2,89
PACSIN3,177
PADI1,118
PADI2,8
PADI3,175
PADI4,175
PAEP,78
PAFAH1B1,162
PAFAH1B2,60
PAFAH1B3,10
PAFAH2,54
PAGE1,34
PAGE2,94
PAGE4,34
PAGE5,37
PAH,38
PAIP1,156
PAIP2,3
PAIP2B,199
PAK1,130
PAK1IP1,100
PAK2,152
PAK3,145
PAK4,152
PAK5,132
PAK6,140
PALD1,173
PALLD,35
PALM,56
PALM3,177
PALMD,154
PALS1,88
PALS2,46
PAMR1,140
PANK1,44
PANK2,31
PANK3,96
PANK4,75
PANX1,174
PANX2,55
PANX3,79
PAOX,20
PAPLN,48
PAPOLA,84
PAPOLG,37
PAPPA,30
PAPPA2,169
PAPSS1,140
PAPSS2,199
PAQR3,198
PAQR4,200
PAQR5,68
PAQR6,129
PAQR7,118
PAQR8,29
PAQR9,55
PARD3,158
PARD3B,16
PARD6A,64
PARD6B,158
PARD6G,78
PARL,33
PARN,99
PARP1,83
PARP10,76
PARP11,27
PARP12,174
PARP14,177
PARP15,18
PARP16,36
PARP2,121
PARP3,191
PARP4,21
PARP6,199
PARP8,28
PARP9,171
PARS2,72
PARVB,98
PARVG,179
PASD1,38
PATE1,79
PATE2,79
PATE3,79
PATE4,79
PATJ,88
PATL1,171
PATL2,5
PATZ1,89
PAX1,5
PAX2,65
PAX3,182
PAX4,191
PAX5,113
PAX6,42
PAX7,171
PAX8,158
PAX9,128
PAXBP1,16
PAXIP1,115
PBX1,90
PBX2,142
PBX3,33
PBX4,36
PC,119
PCBD1,38
PCBD2,157
PCBP1,87
PCBP2,88
PCBP3,193
PCBP4,127
PCCA,96
PCCB,16
PCDH1,188
PCDH10,169
PCDH11X,139
PCDH12,42
PCDH15,155
PCDH17,190
PCDH18,65
PCDH19,173
PCDH20,49
PCDH7,177
PCDH8,132
PCDH9,186
PCDHA1,191
PCDHA10,65
PCDHA11,4
PCDHA12,32
PCDHA13,96
PCDHA2,29
PCDHA3,6
PCDHA4,96
PCDHA5,61
PCDHA6,59
PCDHA7,94
PCDHA8,31
PCDHA9,94
PCDHAC1,55
PCDHAC2,170
PCDHB1,142
PCDHB10,9
PCDHB11,98
PCDHB12,94
PCDHB13,69
PCDHB14,35
PCDHB15,6
PCDHB16,94
PCDHB2,96
PCDHB3,15
PCDHB4,199
PCDHB5,18
PCDHB6,8
PCDHB7,191
PCDHB8,193
PCDHGA1,7
PCDHGA10,55
PCDHGA11,192
PCDHGA12,14
PCDHGA2,36
PCDHGA3,66
PCDHGA4,17
PCDHGA5,17
PCDHGA6,192
PCDHGA7,15
PCDHGA8,94
PCDHGA9,1
PCDHGB1,23
PCDHGB2,124
PCDHGB3,17
PCDHGB4,132
PCDHGB6,55
PCDHGB7,55
PCDHGC3,170
PCDHGC4,142
PCDHGC5,26
PCED1A,55
PCED1B,137
PCGF1,90
PCGF2,122
PCGF3,89
PCGF5,30
PCGF6,164
PCK1,132
PCK2,121
PCLO,20
PCMT1,164
PCMTD1,157
PCMTD2,77
PCNT,83
PCNX1,17
PCNX2,191
PCNX3,119
PCOLCE,126
PCOLCE2,192
PCP4,7
PCP4L1,22
PCSK1,189
PCSK2,5
PCSK4,61
PCSK5,30
PCSK7,170
PCSK9,136
PCTP,136
PCYOX1,67
PCYOX1L,171
PCYT1A,116
PCYT1B,65
PCYT2,113
PDC,44
PDCD1LG2,174
PDCD2,99
PDCD2L,192
PDCD6,61
PDCD7,67
PDCL,149
PDCL2,24
PDCL3,133
PDE10A,78
PDE11A,35
PDE12,72
PDE1A,42
PDE1B,166
PDE1C,14
PDE2A,130
PDE3A,54
PDE3B,48
PDE4A,164
PDE4B,30
PDE4C,138
PDE4D,155
PDE4DIP,129
PDE5A,29
PDE6A,191
PDE6B,89
PDE6C,26
PDE6G,84
PDE6H,37
PDE7A,36
PDE7B,171
PDE8A,60
PDE8B,189
PDE9A,191
PDGFA,182
PDGFB,53
PDGFC,37
PDGFD,29
PDGFRA,171
PDGFRB,190
PDHA1,112
PDHA2,14
PDHB,112
PDHX,140
PDIA2,191
PDIA3,200
PDIA4,97
PDIA5,42
PDIA6,57
PDIK1L,15
PDILT,188
PDK1,36
PDK2,124
PDK3,170
PDK4,26
PDLIM1,108
PDLIM2,199
PDLIM3,74
PDLIM4,178
PDLIM5,198
PDLIM7,61
PDP1,68
PDP2,165
PDPK1,149
PDPR,94
PDS5A,200
PDS5B,200
PDSS1,72
PDSS2,72
PDX1,164
PDXDC1,164
PDXP,67
PDYN,63
PDZD11,124
PDZD2,177
PDZD4,4
PDZD7,173
PDZK1,129
PDZK1IP1,136
PDZRN3,54
PDZRN4,30
PEAK1,30
PEAK3,58
PEAR1,61
PEBP1,180
PEBP4,26
PEDS1,113
PEF1,127
PEG10,138
PEG3,45
PELI1,31
PELI2,124
PELI3,119
PENK,34
PEPD,173
PER1,66
PER2,61
PER3,75
PERP,185
PEX1,103
PEX11A,60
PEX11B,124
PEX5,103
PEX5L,139
PEX6,103
PEX7,113
PF4,181
PF4V1,191
PFKFB1,5
PFKFB2,14
PFKFB3,64
PFKFB4,124
PFKL,180
PFKM,68
PFKP,166
PFN1,116
PFN2,198
PFN3,170
PGAM2,175
PGAM4,191
PGAP1,156
PGAP6,4
PGBD1,36
PGC,138
PGF,171
PGGT1B,101
PGK1,99
PGK2,8
PGLYRP1,182
PGLYRP2,138
PGLYRP3,173
PGLYRP4,186
PGM1,67
PGM2,2
PGM2L1,26
PGM3,111
PGM5,66
PGP,118
PGPEP1,132
PGPEP1L,63
PGR,2
PGRMC1,5
PGRMC2,113
PHACTR2,26
PHACTR3,197
PHACTR4,164
PHAF1,145
PHB1,53
PHB2,53
PHC1,184
PHC2,5
PHC3,64
PHETA1,175
PHETA2,19
PHEX,20
PHF1,139
PHF10,143
PHF11,140
PHF12,62
PHF13,75
PHF14,87
PHF19,139
PHF2,137
PHF20,3
PHF20L1,30
PHF21A,68
PHF21B,18
PHF23,83
PHF24,176
PHF3,44
PHF6,88
PHF7,187
PHF8,192
PHGDH,153
PHIP,88
PHKA1,171
PHKA2,29
PHKB,9
PHKG1,138
PHKG2,133
PHLDA1,197
PHLDA2,78
PHLDA3,198
PHLDB1,79
PHLDB2,157
PHLDB3,132
PHLPP1,170
PHLPP2,48
PHOSPHO1,132
PHOSPHO2,32
PHOX2A,92
PHOX2B,92
PHRF1,61
PHTF1,154
PHTF2,24
PHYHIP,180
PHYHIPL,37
PHYKPL,74
PI15,32
PI3,1
PI4K2A,68
PI4K2B,42
PI4KA,163
PI4KB,149
PIAS1,59
PIAS2,144
PIAS3,37
PIAS4,84
PICALM,113
PICK1,23
PIDD1,185
PIERCE1,20
PIERCE2,9
PIEZO1,175
PIGA,23
PIGB,128
PIGK,44
PIGR,61
PIH1D1,99
PIH1D2,79
PIK3AP1,113
PIK3C2A,38
PIK3C2B,181
PIK3C2G,128
PIK3C3,110
PIK3CA,160
PIK3CB,149
PIK3CD,113
PIK3CG,115
PIK3IP1,199
PIK3R1,113
PIK3R2,189
PIK3R3,28
PIK3R5,115
PIKFYVE,39
PILRA,166
PILRB,166
PIM1,57
PIM2,117
PIM3,98
PIN1,193
PIN4,185
PINK1,145
PINLYP,172
PINX1,99
PIP4K2A,29
PIP4K2B,122
PIP4K2C,29
PIP4P1,5
PIP4P2,30
PIP5K1A,129
PIP5K1B,34
PIP5K1C,58
PIP5KL1,197
PIRT,5
PITPNA,172
PITPNB,48
PITPNC1,39
PITPNM1,119
PITPNM2,175
PITPNM3,199
PITRM1,99
PITX1,175
PITX2,4
PITX3,11
PIWIL1,32
PIWIL2,55
PIWIL3,145
PIWIL4,29
PJA1,138
PJA2,31
PJVK,66
PKD1L1,185
PKD2,21
PKD2L1,143
PKD2L2,139
PKDCC,170
PKDREJ,17
PKHD1,173
PKHD1L1,177
PKIA,47
PKIB,19
PKIG,166
PKLR,173
PKM,99
PKMYT1,104
PKN1,49
PKN2,152
PKN3,132
PKNOX1,104
PKNOX2,79
PKP1,11
PKP2,178
PKP3,78
PKP4,21
PLA1A,42
PLA2G12A,185
PLA2G12B,165
PLA2G15,20
PLA2G1B,69
PLA2G2A,191
PLA2G2D,89
PLA2G2E,17
PLA2G2F,89
PLA2G3,125
PLA2G4A,42
PLA2G4B,68
PLA2G4C,27
PLA2G4D,143
PLA2G4E,177
PLA2G4F,137
PLA2G5,26
PLA2G6,4
PLA2G7,24
PLA2R1,189
PLAAT2,26
PLAAT3,34
PLAAT4,180
PLAAT5,137
PLAC1,191
PLAC8,185
PLAC8L1,124
PLAG1,48
PLAGL1,178
PLAGL2,179
PLAT,134
PLAU,36
PLAUR,200
PLBD1,67
PLBD2,175
PLCB1,41
PLCB2,140
PLCB3,149
PLCB4,46
PLCD1,177
PLCD4,172
PLCE1,142
PLCG1,187
PLCG2,113
PLCH1,68
PLCH2,75
PLCL1,53
PLCL2,28
PLCXD2,136
PLCXD3,42
PLCZ1,42
PLD1,132
PLD2,184
PLD3,63
PLD4,190
PLD5,96
PLEC,78
PLEK,34
PLEK2,132
PLEKHA1,108
PLEKHA3,164
PLEKHA4,185
PLEKHA5,196
PLEKHA6,3
PLEKHA7,193
PLEKHA8,156
PLEKHB1,130
PLEKHB2,33
PLEKHD1,44
PLEKHF1,120
PLEKHF2,155
PLEKHG1,173
PLEKHG2,120
PLEKHG4,145
PLEKHG4B,78
PLEKHG5,168
PLEKHG6,60
PLEKHG7,8
PLEKHH1,42
PLEKHH2,54
PLEKHJ1,58
PLEKHM1,182
PLEKHM2,175
PLEKHM3,175
PLEKHN1,179
PLEKHO1,42
PLEKHO2,186
PLEKHS1,179
PLG,181
PLIN1,74
PLIN2,187
PLIN3,185
PLIN4,89
PLIN5,68
PLK1,13
PLK2,128
PLK3,21
PLK4,83
PLK5,69
PLLP,180
PLOD1,61
PLOD2,157
PLOD3,142
PLP1,180
PLP2,3
PLPP1,96
PLPP2,56
PLPP3,156
PLPP4,141
PLPP5,134
PLPP6,62
PLPP7,174
PLPPR1,24
PLPPR2,125
PLPPR3,56
PLPPR4,47
PLPPR5,32
PLS1,46
PLS3,8
PLSCR1,44
PLSCR2,94
PLSCR3,197
PLSCR4,188
PLSCR5,16
PLTP,124
PLXDC1,1
PLXDC2,44
PLXNA1,105
PLXNA2,125
PLXNA3,190
PLXNA4,55
PLXNB1,54
PLXNB2,98
PLXNB3,182
PLXNC1,61
PLXND1,55
PM20D1,143
PMEL,180
PMEPA1,181
PML,61
PMM1,171
PMM2,111
PMP2,30
PMP22,127
PMPCA,42
PMPCB,101
PMS1,26
PMS2,39
PNCK,180
PNKD,193
PNLDC1,175
PNLIP,2
PNLIPRP1,26
PNLIPRP3,50
PNMA1,41
PNMA2,44
PNMA3,65
PNMA5,187
PNMA6A,118
PNMA8A,178
PNMA8B,61
PNMT,122
PNOC,139
PNP,121
PNPLA1,21
PNPLA2,78
PNPLA3,198
PNPLA4,7
PNPLA5,98
PNPLA6,11
PNPLA7,54
PNRC1,180
PNRC2,125
POC1A,11
POC1B,11
PODN,18
PODNL1,164
POGK,190
POGLUT1,136
POGLUT2,157
POGLUT3,32
POGZ,197
POLA1,13
POLB,46
POLD1,113
POLDIP3,37
POLE4,83
POLG2,72
POLH,165
POLI,64
POLK,32
POLL,139
POLM,74
POLQ,200
POLR1A,100
POLR1B,100
POLR1C,101
POLR1D,101
POLR1F,127
POLR1H,100
POLR2B,35
POLR2C,13
POLR2G,13
POLR2I,194
POLR2L,194
POLR2M,162
POLR3A,101
POLR3B,101
POLR3H,101
POLR3K,101
POM121,126
POM121C,126
POM121L12,124
POM121L2,44
POMGNT1,189
POMGNT2,171
POMT1,15
POMT2,60
PON1,49
PON2,29
PON3,157
POP1,101
POPDC1,34
POPDC2,19
POPDC3,36
POR,67
PORCN,128
POSTN,164
POTEC,198
POTED,166
POTEE,40
POTEF,198
POTEG,194
POTEH,198
POTEI,30
POTEM,198
POU1F1,164
POU2F1,88
POU2F2,113
POU2F3,190
POU3F1,67
POU3F2,41
POU3F3,7
POU3F4,167
POU4F1,55
POU4F2,41
POU4F3,68
POU5F1,164
POU5F2,18
POU6F1,136
POU6F2,5
PP2D1,41
PPA1,99
PPA2,99
PPARA,3
PPARD,175
PPARG,104
PPARGC1A,48
PPARGC1B,194
PPBP,68
PPCS,113
PPDPF,77
PPDPFL,124
PPEF1,178
PPEF2,171
PPFIA1,30
PPFIA2,9
PPFIA3,189
PPFIBP1,31
PPFIBP2,26
PPIA,33
PPIAL4G,41
PPIB,127
PPIC,10
PPID,44
PPIE,109
PPIF,74
PPIG,109
PPIH,99
PPIL1,109
PPIL2,87
PPIL3,157
PPIL4,194
PPIL6,65
PPIP5K1,64
PPIP5K2,37
PPL,26
PPM1A,110
PPM1B,125
PPM1D,82
PPM1E,68
PPM1F,105
PPM1G,82
PPM1H,196
PPM1J,153
PPM1K,33
PPM1L,157
PPM1M,157
PPM1N,7
PPOX,110
PPP1CA,162
PPP1CB,159
PPP1CC,162
PPP1R10,88
PPP1R12A,159
PPP1R12B,7
PPP1R12C,61
PPP1R13B,77
PPP1R14A,120
PPP1R14B,185
PPP1R14C,88
PPP1R14D,177
PPP1R15A,157
PPP1R15B,160
PPP1R16A,61
PPP1R16B,4
PPP1R18,44
PPP1R1A,136
PPP1R1B,122
PPP1R1C,15
PPP1R2,162
PPP1R27,73
PPP1R37,7
PPP1R3A,16
PPP1R3B,61
PPP1R3C,48
PPP1R3D,69
PPP1R3E,121
PPP1R3F,188
PPP1R3G,17
PPP1R42,31
PPP1R7,162
PPP1R8,16
PPP1R9A,38
PPP2CA,110
PPP2CB,31
PPP2R1A,162
PPP2R1B,32
PPP2R2A,110
PPP2R2B,199
PPP2R2C,20
PPP2R3A,172
PPP2R5A,11
PPP2R5B,119
PPP2R5C,162
PPP2R5D,127
PPP2R5E,162
PPP3CA,108
PPP3CB,28
PPP3CC,140
PPP3R1,30
PPP3R2,137
PPP4C,99
PPP4R1,192
PPP4R3A,109
PPP4R3B,109
PPP5C,188
PPP6C,110
PPP6R1,192
PPP6R2,63
PPP6R3,110
PPRC1,101
PPT1,128
PPT2,14
PPWD1,99
PPY,184
PQBP1,110
PRAF2,189
PRAG1,115
PRAM1,145
PRAME,28
PRAMEF1,59
PRAMEF11,59
PRAMEF12,118
PRAMEF14,59
PRAMEF18,41
PRAMEF2,59
PRAMEF20,118
PRAMEF4,2
PRB2,185
PRCP,66
PRDM1,117
PRDM10,101
PRDM11,137
PRDM12,132
PRDM13,68
PRDM14,170
PRDM15,198
PRDM16,75
PRDM2,190
PRDM4,186
PRDM5,199
PRDM6,68
PRDM7,78
PRDM8,173
PRDM9,5
PRDX1,192
PRDX2,164
PRDX3,35
PRDX4,11
PRDX6,113
PRELID1,42
PRELID2,23
PRELID3A,172
PRELID3B,71
PRELP,181
PREP,191
PREPL,44
PREX1,115
PREX2,167
PRF1,173
PRG2,155
PRG3,184
PRG4,132
PRICKLE1,128
PRICKLE2,49
PRICKLE3,68
PRICKLE4,138
PRKAA1,116
PRKAA2,125
PRKAB1,69
PRKAB2,64
PRKACA,37
PRKACB,47
PRKACG,30
PRKAG1,165
PRKAG2,28
PRKAG3,68
PRKAR1A,152
PRKAR1B,61
PRKAR2A,164
PRKAR2B,37
PRKCA,27
PRKCB,157
PRKCD,48
PRKCE,149
PRKCG,58
PRKCH,22
PRKCI,158
PRKCQ,132
PRKCSH,150
PRKCZ,75
PRKD1,172
PRKD2,3
PRKD3,37
PRKG1,38
PRKG2,170
PRKN,199
PRKRA,62
PRKX,70
PRL,199
PRLHR,5
PRLR,145
PRMT1,99
PRMT2,78
PRMT3,192
PRMT6,48
PRMT7,159
PRMT8,167
PRMT9,8
PROC,174
PROCA1,123
PRODH,163
PRODH2,120
PROK1,154
PROK2,44
PROKR1,34
PROKR2,96
PROM1,172
PROM2,189
PROP1,185
PROS1,127
PROSER2,168
PROX1,60
PROX2,139
PROZ,77
PRP4K,88
PRPF19,16
PRPF40A,12
PRPF40B,53
PRPF6,13
PRPH,68
PRPH2,177
PRPS1,96
PRPS1L1,8
PRPS2,37
PRPSAP1,3
PRPSAP2,38
PRR11,164
PRR12,114
PRR14,133
PRR14L,23
PRR15,35
PRR15L,14
PRR16,143
PRR18,54
PRR23A,4
PRR23B,166
PRR23C,132
PRR3,26
PRR35,185
PRR4,198
PRR5,98
PRR5L,145
PRR7,74
PRR9,34
PRRC2A,88
PRRC2B,42
PRRC2C,88
PRRG1,157
PRRG2,178
PRRG3,191
PRRG4,145
PRRT1,191
PRRT2,36
PRRT3,74
PRRX1,48
PRRX2,41
PRSS1,178
PRSS12,186
PRSS16,41
PRSS21,124
PRSS22,145
PRSS23,130
PRSS27,159
PRSS3,141
PRSS33,191
PRSS35,189
PRSS36,125
PRSS37,171
PRSS38,17
PRSS48,4
PRSS50,184
PRSS53,167
PRSS54,144
PRSS55,60
PRSS57,56
PRSS58,51
PRTFDC1,5
PRTG,29
PRTN3,56
PRUNE2,132
PRX,18
PSAP,159
PSAPL1,174
PSAT1,14
PSCA,76
PSD,168
PSD2,180
PSD3,44
PSD4,143
PSEN1,29
PSEN2,58
PSG1,94
PSG11,94
PSG2,94
PSG3,94
PSG4,94
PSG5,94
PSG6,94
PSG8,94
PSG9,94
PSIP1,90
PSKH1,70
PSKH2,182
PSMA1,6
PSMA2,6
PSMA3,12
PSMA4,6
PSMA5,6
PSMA6,12
PSMA7,194
PSMA8,3
PSMB1,13
PSMB10,175
PSMB11,137
PSMB2,6
PSMB3,12
PSMB4,12
PSMB5,87
PSMB6,87
PSMB7,162
PSMB8,180
PSMB9,46
PSMC1,13
PSMC2,13
PSMC3,13
PSMC4,13
PSMC5,13
PSMC6,13
PSMD1,13
PSMD10,199
PSMD11,13
PSMD12,13
PSMD14,12
PSMD2,13
PSMD3,13
PSMD6,13
PSMD7,157
PSME1,184
PSME2,125
PSME3,82
PSPC1,143
PSPN,124
PSRC1,153
PSTPIP1,185
PSTPIP2,180
PTAFR,24
PTAR1,150
PTBP1,89
PTBP2,48
PTBP3,155
PTCD1,72
PTCH1,28
PTCH2,189
PTCHD1,22
PTCHD4,41
PTDSS1,113
PTDSS2,170
PTEN,108
PTF1A,61
PTGDR,132
PTGDR2,190
PTGDS,58
PTGER1,10
PTGER2,188
PTGER3,174
PTGER4,174
PTGES,19
PTGES3,26
PTGFR,1
PTGFRN,154
PTGIR,68
PTGIS,18
PTGR1,32
PTGR2,39
PTGR3,141
PTGS1,144
PTGS2,164
PTH1R,68
PTH2R,143
PTK2,152
PTK2B,189
PTK6,55
PTN,34
PTOV1,125
PTP4A1,81
PTP4A2,118
PTP4A3,61
PTPDC1,38
PTPMT1,99
PTPN1,62
PTPN11,159
PTPN12,9
PTPN13,170
PTPN14,105
PTPN18,174
PTPN2,62
PTPN20,183
PTPN21,70
PTPN22,154
PTPN23,107
PTPN3,39
PTPN4,28
PTPN5,132
PTPN6,173
PTPN7,115
PTPN9,186
PTPRA,139
PTPRB,39
PTPRD,62
PTPRE,78
PTPRF,189
PTPRG,132
PTPRH,179
PTPRJ,165
PTPRK,167
PTPRM,29
PTPRN,182
PTPRN2,97
PTPRO,1
PTPRR,174
PTPRS,174
PTPRT,70
PTPRU,173
PTPRZ1,139
PTRHD1,89
PTTG1,102
PTTG1IP,89
PTTG2,34
PTX3,175
PTX4,178
PUF60,6
PUM1,53
PUM2,96
PURA,186
PURB,67
PURG,191
PUS1,99
PUS3,99
PUS7,99
PUS7L,48
PUSL1,75
PVALB,26
PVR,16
PWWP2A,193
PWWP2B,78
PWWP3A,197
PWWP3B,44
PXDN,96
PXDNL,48
PXK,39
PXMP2,78
PXN,152
PXYLP1,3
PYCARD,180
PYCR1,73
PYCR2,29
PYCR3,61
PYDC1,133
PYGB,185
PYGL,128
PYGM,119
PYGO1,28
PYGO2,90
PYHIN1,11
PYROXD1,162
PYROXD2,60
PYY,198
PZP,17
QARS1,108
QKI,85
QPCT,5
QPCTL,128
QRFPR,5
QRICH1,82
QRICH2,166
QRSL1,72
QSER1,192
QSOX1,63
QSOX2,78
QTRT1,164
QTRT2,157
R3HCC1,198
R3HCC1L,32
R3HDM1,124
R3HDM2,195
R3HDML,42
RAB10,104
RAB11A,6
RAB11B,190
RAB11FIP1,192
RAB11FIP2,29
RAB11FIP3,78
RAB11FIP4,123
RAB11FIP5,68
RAB12,23
RAB13,144
RAB14,148
RAB15,11
RAB17,78
RAB18,150
RAB19,193
RAB1A,147
RAB1B,119
RAB20,193
RAB21,150
RAB22A,59
RAB23,6
RAB24,74
RAB25,129
RAB26,197
RAB27A,7
RAB27B,192
RAB28,31
RAB29,125
RAB2A,48
RAB2B,121
RAB30,132
RAB31,96
RAB32,65
RAB33A,19
RAB33B,196
RAB34,123
RAB35,109
RAB37,182
RAB38,47
RAB39A,79
RAB39B,62
RAB3A,14
RAB3B,173
RAB3C,128
RAB3D,61
RAB3IL1,125
RAB3IP,9
RAB40A,139
RAB40AL,139
RAB40B,73
RAB40C,61
RAB41,36
RAB42,185
RAB43,61
RAB4A,6
RAB4B,142
RAB5A,26
RAB5B,3
RAB5C,107
RAB6A,104
RAB6B,5
RAB7A,150
RAB8A,109
RAB8B,127
RAB9A,48
RAB9B,36
RABEP1,24
RABEP2,65
RABEPK,178
RABGAP1,11
RABGAP1L,155
RABGGTA,101
RABGGTB,101
RABL2A,14
RABL2B,78
RAC1,152
RAC2,113
RAC3,73
RAD21,29
RAD21L1,32
RAD23A,165
RAD23B,20
RAD51,83
RAD51AP1,37
RAD51B,83
RAD51C,83
RAD51D,83
RAD54B,139
RAD54L,127
RAD54L2,3
RAD9A,83
RAD9B,32
RADIL,185
RAE1,16
RAET1E,175
RAET1G,62
RAET1L,62
RAF1,149
RAI1,138
RAI2,190
RALA,3
RALB,32
RALGAPA1,132
RALGAPA2,28
RALGDS,54
RALGPS1,28
RALGPS2,48
RALY,48
RALYL,15
RAMP1,78
RAMP2,34
RAMP3,180
RANBP1,113
RANBP10,65
RANBP17,7
RANBP2,13
RANBP3,149
RANBP3L,51
RANBP6,62
RANBP9,161
RAP1A,164
RAP1B,52
RAP1GAP,70
RAP1GAP2,167
RAP2A,74
RAP2B,74
RAP2C,108
RAPGEF1,152
RAPGEF2,152
RAPGEF3,5
RAPGEF4,173
RAPGEF5,7
RAPGEF6,152
RAPGEFL1,122
RAPH1,152
RAPSN,177
RARA,63
RARB,9
RARG,104
RARRES1,32
RARS1,101
RARS2,72
RASA1,115
RASA2,108
RASA3,189
RASA4,94
RASA4B,94
RASAL1,70
RASAL2,105
RASAL3,37
RASD1,10
RASD2,15
RASEF,3
RASGEF1A,180
RASGEF1B,175
RASGEF1C,168
RASGRF1,29
RASGRF2,189
RASGRP1,137
RASGRP2,119
RASGRP3,149
RASGRP4,120
RASIP1,190
RASL10A,70
RASL10B,123
RASL11A,48
RASL11B,174
RASL12,138
RASSF1,54
RASSF2,138
RASSF3,37
RASSF4,188
RASSF5,61
RASSF6,42
RASSF7,78
RASSF8,164
RASSF9,47
RAVER1,3
RAVER2,164
RAX,67
RAX2,199
RB1,159
RBAK,32
RBBP4,99
RBBP5,101
RBBP6,194
RBBP7,162
RBBP8,86
RBBP8NL,77
RBCK1,182
RBFOX1,142
RBFOX2,44
RBFOX3,36
RBKS,173
RBL1,87
RBL2,87
RBM10,88
RBM11,26
RBM12,116
RBM12B,31
RBM14,116
RBM15,110
RBM15B,43
RBM19,100
RBM20,29
RBM23,121
RBM24,3
RBM26,110
RBM27,110
RBM28,100
RBM3,186
RBM34,74
RBM38,58
RBM39,13
RBM41,53
RBM43,44
RBM45,27
RBM46,49
RBM47,159
RBM5,110
RBM6,64
RBM7,37
RBMS1,28
RBMS2,55
RBMS3,186
RBMX,86
RBMX2,13
RBMXL1,183
RBMXL2,186
RBMXL3,53
RBP1,132
RBP2,191
RBP5,180
RBP7,7
RBPJ,113
RBPJL,188
RBPMS,37
RBPMS2,198
RBX1,13
RC3H1,162
RC3H2,162
RCAN1,164
RCAN2,24
RCAN3,96
RCBTB1,139
RCBTB2,143
RCC1,102
RCC1L,72
RCC2,179
RCCD1,179
RCL1,100
RCN1,157
RCN2,44
RCN3,169
RCOR1,116
RCOR2,125
RCOR3,42
RCSD1,125
RCVRN,193
RD3,68
RD3L,47
RDH10,49
RDH11,46
RDH12,37
RDH13,179
RDH14,57
RDH16,200
RDH5,165
RDH8,26
RDX,32
REC8,121
RECQL,2
RECQL5,35
REEP1,127
REEP2,173
REEP3,48
REEP4,179
REEP5,196
REEP6,172
REG1A,2
REG1B,49
REG3A,32
REG3G,192
REG4,154
REL,113
RELA,165
RELB,117
RELT,130
REM1,156
REM2,67
REN,175
REPS1,68
REPS2,94
RERE,179
RERG,14
RERGL,54
REST,48
RET,137
RETN,140
RETNLB,125
RETSAT,127
REV1,21
REV3L,34
REXO1,70
REXO4,187
REXO5,164
RFC2,102
RFC3,102
RFC4,102
RFC5,102
RFFL,185
RFLNA,61
RFNG,77
RFPL1,38
RFPL2,20
RFPL3,178
RFPL4B,136
RFTN1,23
RFTN2,24
RFX1,182
RFX2,191
RFX3,57
RFX4,8
RFX5,129
RFX6,136
RFX8,133
RFXANK,135
RGL1,197
RGL2,51
RGL3,180
RGL4,30
RGMA,63
RGMB,89
RGPD4,191
RGR,132
RGS1,11
RGS10,132
RGS11,31
RGS12,166
RGS13,28
RGS14,70
RGS16,41
RGS17,46
RGS18,164
RGS19,58
RGS2,157
RGS20,44
RGS21,44
RGS22,178
RGS3,157
RGS4,31
RGS5,2
RGS6,21
RGS7,31
RGS7BP,24
RGS8,189
RGS9,20
RGS9BP,166
RGSL1,142
RHAG,156
RHBDD1,141
RHBDD2,190
RHBDD3,66
RHBDF1,78
RHBDF2,142
RHBDL1,78
RHBDL2,128
RHBDL3,142
RHCE,69
RHCG,6
RHD,69
RHEB,149
RHEBL1,165
RHO,138
RHOA,149
RHOB,62
RHOBTB1,140
RHOBTB2,175
RHOBTB3,44
RHOC,153
RHOD,119
RHOF,7
RHOG,78
RHOH,190
RHOJ,132
RHOQ,183
RHOT1,123
RHOT2,191
RHOU,179
RHOV,68
RHOXF1,170
RHOXF2,118
RHOXF2B,118
RHPN1,76
RHPN2,1
RIBC1,2
RIC8A,149
RIC8B,70
RIGI,171
RIIAD1,30
RILP,41
RILPL1,167
RILPL2,77
RIMBP2,167
RIMBP3,163
RIMKLA,170
RIMKLB,187
RIMS1,43
RIMS2,189
RIMS3,128
RIMS4,167
RIN1,119
RIN2,34
RIN3,19
RING1,90
RINL,68
RIOK1,100
RIOK2,194
RIOK3,31
RIOX2,33
RIPK1,197
RIPK2,187
RIPK3,121
RIPK4,158
RIPOR1,196
RIPOR2,23
RIPOR3,19
RIPPLY1,193
RIPPLY2,186
RIPPLY3,67
RIT1,129
RIT2,143
RLBP1,60
RLF,88
RLIM,192
RLN1,10
RLN2,10
RLN3,138
RMDN1,37
RMDN2,31
RMDN3,177
RMND5A,161
RMND5B,74
RNASE1,121
RNASE10,121
RNASE11,121
RNASE12,121
RNASE13,121
RNASE2,44
RNASE3,5
RNASE4,121
RNASE6,121
RNASE7,180
RNASE8,121
RNASE9,121
RND1,68
RND2,122
RND3,178
RNF11,199
RNF111,171
RNF112,19
RNF113A,13
RNF113B,179
RNF114,162
RNF115,140
RNF121,145
RNF122,48
RNF123,124
RNF125,68
RNF126,193
RNF128,29
RNF13,200
RNF130,61
RNF133,156
RNF135,9
RNF138,33
RNF139,131
RNF14,194
RNF144A,57
RNF144B,172
RNF148,38
RNF149,189
RNF150,64
RNF151,15
RNF152,168
RNF157,68
RNF166,187
RNF167,37
RNF168,83
RNF169,164
RNF175,61
RNF180,44
RNF181,127
RNF182,36
RNF183,50
RNF185,70
RNF19A,57
RNF19B,174
RNF2,5
RNF20,110
RNF208,78
RNF212,96
RNF212B,121
RNF215,19
RNF216,159
RNF217,157
RNF223,75
RNF224,78
RNF24,24
RNF34,44
RNF38,37
RNF39,64
RNF40,110
RNF41,136
RNF43,65
RNF44,74
RNF5,185
RNF6,33
RNF7,108
RNFT1,164
RNFT2,60
RNGTT,191
RNH1,69
RNPC3,194
RNPEP,182
ROBO1,167
ROBO2,68
ROBO3,79
ROBO4,172
ROCK1,108
ROCK2,108
ROM1,67
ROPN1,59
ROPN1B,167
ROPN1L,78
ROR1,67
ROR2,42
RORA,143
RORB,138
RORC,129
ROS1,42
RP1,144
RP1L1,14
RPA2,13
RPA4,26
RPAP3,162
RPE,111
RPE65,136
RPEL1,42
RPF1,100
RPGR,42
RPGRIP1,121
RPGRIP1L,11
RPH3A,193
RPH3AL,175
RPL10,194
RPL10A,84
RPL10L,44
RPL12,99
RPL22,140
RPL22L1,143
RPL24,84
RPL26,84
RPL26L1,183
RPL3,84
RPL32,84
RPL35,84
RPL36AL,183
RPL39,48
RPL39L,139
RPL3L,67
RPL7,84
RPL7A,34
RPL8,84
RPLP0,194
RPLP1,52
RPLP2,194
RPP25,64
RPP25L,85
RPRD1A,30
RPRD1B,116
RPRD2,116
RPRM,175
RPRML,55
RPS14,84
RPS16,100
RPS23,84
RPS27A,84
RPS27L,1
RPS3,84
RPS4X,165
RPS5,84
RPS6KA1,115
RPS6KA2,17
RPS6KA3,6
RPS6KA4,36
RPS6KA5,178
RPS6KA6,35
RPS6KB1,26
RPS6KB2,175
RPS6KC1,96
RPS6KL1,185
RPTN,166
RPUSD1,70
RPUSD2,177
RPUSD3,72
RPUSD4,72
RRAD,171
RRAGA,148
RRAGB,31
RRAGC,148
RRAGD,178
RRAS,20
RRAS2,26
RREB1,172
RRH,28
RRM2,13
RRM2B,181
RRP1,100
RRP1B,44
RS1,96
RSBN1,154
RSBN1L,37
RSF1,98
RSL1D1,100
RSL24D1,84
RSPH1,1
RSPH4A,171
RSPH6A,124
RSPO1,128
RSPO2,34
RSPO3,49
RSPO4,63
RSPRY1,139
RSRC2,143
RSRP1,64
RTBDN,16
RTCA,154
RTEL1,113
RTKN,187
RTKN2,37
RTL1,74
RTL10,163
RTL3,20
RTL4,155
RTL5,49
RTL6,98
RTL8A,67
RTL8B,67
RTL8C,169
RTL9,68
RTN1,1
RTN2,67
RTN3,125
RTN4,167
RTN4IP1,72
RTN4R,22
RTN4RL1,185
RTN4RL2,188
RTP1,184
RTP2,179
RTP3,15
RTP4,64
RTP5,179
RUBCN,64
RUBCNL,23
RUFY1,74
RUFY2,67
RUFY3,144
RUNDC3A,48
RUNDC3B,24
RUNX1,115
RUNX1T1,5
RUNX2,9
RUNX3,113
RUSC1,129
RUSC2,176
RUVBL1,194
RUVBL2,194
RWDD2A,137
RWDD2B,44
RXFP1,48
RXFP2,192
RXFP3,68
RXFP4,129
RXRA,104
RXRB,128
RXRG,138
RYR1,120
RYR2,58
RYR3,174
S100A1,64
S100A10,28
S100A11,185
S100A12,23
S100A13,188
S100A14,174
S100A16,48
S100A2,145
S100A3,22
S100A4,22
S100A5,144
S100A6,64
S100A8,129
S100A9,34
S100B,23
S100G,38
S100P,36
S100Z,67
S1PR1,42
S1PR2,17
S1PR3,167
S1PR4,168
S1PR5,140
SAA4,28
SAAL1,44
SAC3D1,166
SACM1L,102
SAE1,59
SAFB,89
SAFB2,89
SAG,70
SAGE1,44
SALL1,142
SALL2,121
SALL3,66
SALL4,142
SAMD10,77
SAMD11,75
SAMD12,88
SAMD13,154
SAMD14,180
SAMD15,199
SAMD3,49
SAMD4A,23
SAMD4B,160
SAMD7,124
SAMD8,34
SAMD9,196
SAMD9L,31
SAMSN1,49
SAP30,200
SAP30L,186
SAPCD1,34
SAPCD2,78
SAR1A,147
SAR1B,9
SARDH,182
SARS1,12
SARS2,72
SASH1,70
SASH3,61
SAT1,37
SAT2,155
SATB1,57
SATB2,104
SATL1,39
SAV1,105
SAXO1,6
SAXO2,32
SBF1,109
SBF2,109
SBK1,133
SBK2,190
SBNO1,12
SBNO2,56
SC5D,38
SCAF1,82
SCAF11,157
SCAF4,110
SCAF8,116
SCAMP2,15
SCAMP3,129
SCAMP4,58
SCAMP5,186
SCAND1,132
SCAND3,28
SCAP,103
SCARA3,143
SCARA5,169
SCARB1,175
SCARB2,127
SCARF1,41
SCARF2,163
SCD,103
SCD5,127
SCEL,28
SCFD1,13
SCFD2,171
SCGB1A1,138
SCGB1D1,125
SCGB1D2,188
SCGB1D4,188
SCGB2A1,24
SCGB2A2,155
SCGB3A1,57
SCGB3A2,96
SCGN,144
SCIMP,132
SCIN,23
SCLY,113
SCMH1,173
SCML1,156
SCML2,7
SCML4,21
SCN10A,136
SCN11A,174
SCN1A,43
SCN1B,120
SCN2A,138
SCN2B,19
SCN3A,28
SCN3B,79
SCN4A,10
SCN4B,79
SCN5A,181
SCN7A,28
SCN8A,137
SCN9A,2
SCNN1A,35
SCNN1B,144
SCNN1D,75
SCNN1G,36
SCO1,72
SCO2,72
SCP2,29
SCP2D1,42
SCPEP1,136
SCRIB,76
SCRN1,67
SCRN2,200
SCRN3,30
SCRT1,75
SCRT2,175
SCTR,65
SCUBE1,172
SCUBE2,196
SCUBE3,77
SCX,192
SCYL1,150
SCYL2,157
SCYL3,11
SDC1,180
SDC2,193
SDC3,55
SDC4,48
SDCBP,37
SDCBP2,170
SDE2,12
SDF2,123
SDF2L1,163
SDF4,75
SDHAF1,167
SDK1,14
SDK2,169
SDR16C5,21
SDR42E1,67
SDR9C7,68
SDS,155
SDSL,139
SEBOX,185
SEC11A,59
SEC11C,196
SEC13,102
SEC14L1,113
SEC14L2,28
SEC14L3,15
SEC14L4,66
SEC14L5,69
SEC14L6,145
SEC16A,13
SEC16B,164
SEC22A,28
SEC22C,31
SEC23A,147
SEC23B,116
SEC23IP,147
SEC24A,9
SEC24B,42
SEC24D,188
SEC31A,116
SEC31B,42
SEC61A1,13
SEC61A2,50
SECISBP2,85
SECISBP2L,157
SEH1L,148
SEL1L,146
SEL1L2,1
SEL1L3,65
SELE,48
SELENOI,113
SELENOM,132
SELENON,142
SELENOV,120
SELENOW,6
SELL,96
SELP,136
SEMA3A,6
SEMA3C,32
SEMA3D,29
SEMA3E,11
SEMA3F,4
SEMA3G,177
SEMA4A,173
SEMA4B,60
SEMA4C,133
SEMA4D,186
SEMA4F,11
SEMA4G,143
SEMA5A,169
SEMA5B,181
SEMA6A,167
SEMA6B,172
SEMA6C,129
SEMA6D,31
SEMA7A,15
SEMG1,31
SEMG2,8
SENP1,35
SENP2,62
SENP5,77
SENP6,128
SENP7,127
SENP8,15
SEPHS1,82
SEPHS2,85
SEPTIN10,6
SEPTIN11,162
SEPTIN12,172
SEPTIN14,143
SEPTIN2,162
SEPTIN3,66
SEPTIN5,163
SEPTIN6,7
SEPTIN8,132
SEPTIN9,152
SERAC1,4
SERBP1,185
SERGEF,68
SERHL2,64
SERINC1,192
SERINC2,174
SERINC3,157
SERINC4,127
SERINC5,68
SERP1,155
SERP2,189
SERPINA1,94
SERPINA10,55
SERPINA11,36
SERPINA12,96
SERPINA3,60
SERPINA4,60
SERPINA5,184
SERPINA6,32
SERPINA7,172
SERPINA9,63
SERPINB1,31
SERPINB10,7
SERPINB12,38
SERPINB13,96
SERPINB2,68
SERPINB3,46
SERPINB4,11
SERPINB5,1
SERPINB6,30
SERPINB7,1
SERPINB8,26
SERPINB9,39
SERPINC1,37
SERPIND1,163
SERPINE1,170
SERPINE2,182
SERPINE3,128
SERPINF1,65
SERPINF2,172
SERPING1,5
SERPINH1,167
SERPINI1,139
SERPINI2,155
SERTAD1,64
SERTAD2,115
SERTAD3,26
SESN1,16
SESN2,108
SESN3,1
SESTD1,38
SET,82
SETBP1,26
SETD1A,87
SETD1B,110
SETD2,104
SETD3,77
SETD4,36
SETD5,162
SETD6,191
SETD7,174
SETDB1,197
SETDB2,28
SETMAR,32
SETX,96
SEZ6,123
SEZ6L,166
SEZ6L2,133
SF1,39
SF3A3,12
SF3B3,12
SF3B4,194
SFI1,38
SFMBT1,90
SFMBT2,63
SFN,167
SFPQ,13
SFRP1,178
SFRP2,66
SFRP4,188
SFRP5,68
SFSWAP,86
SFT2D1,57
SFT2D2,11
SFT2D3,68
SFTPA1,94
SFTPA2,94
SFTPB,127
SFTPD,185
SFXN1,88
SFXN2,66
SFXN3,199
SFXN4,70
SFXN5,136
SGCA,166
SGCD,28
SGCE,49
SGCG,30
SGCZ,39
SGIP1,34
SGK1,30
SGK2,4
SGK3,22
SGMS1,189
SGMS2,29
SGO1,162
SGO2,162
SGPL1,33
SGPP1,185
SGPP2,15
SGSH,54
SGSM1,132
SGSM2,166
SGSM3,10
SGTA,96
SGTB,128
SH2B1,164
SH2B3,167
SH2D1A,37
SH2D1B,32
SH2D2A,68
SH2D3A,8
SH2D3C,182
SH2D4A,44
SH2D4B,172
SH2D5,89
SH2D7,174
SH3BGR,128
SH3BGRL,44
SH3BGRL2,36
SH3BGRL3,173
SH3BP1,64
SH3BP4,168
SH3BP5,199
SH3BP5L,78
SH3D19,89
SH3D21,184
SH3GL1,113
SH3GL2,28
SH3GL3,32
SH3GLB1,9
SH3GLB2,171
SH3KBP1,167
SH3PXD2A,70
SH3PXD2B,168
SH3RF1,48
SH3RF2,180
SH3TC1,189
SH3TC2,124
SHANK1,53
SHARPIN,76
SHB,115
SHBG,187
SHC1,159
SHC3,30
SHC4,5
SHCBP1,189
SHCBP1L,11
SHD,157
SHE,34
SHF,128
SHH,61
SHISA2,189
SHISA3,196
SHISA4,62
SHISA5,168
SHISA6,169
SHISA7,179
SHISA9,49
SHISAL1,98
SHISAL2A,3
SHISAL2B,11
SHKBP1,68
SHMT1,128
SHMT2,118
SHOC2,149
SHOX2,4
SHPK,156
SHPRH,142
SHROOM1,4
SHROOM2,174
SHROOM3,35
SHROOM4,140
SHTN1,30
SI,17
SIAH1,90
SIAH2,90
SIAH3,178
SIDT1,196
SIDT2,132
SIGIRR,60
SIGLEC1,18
SIGLEC10,132
SIGLEC11,175
SIGLEC12,145
SIGLEC15,61
SIGLEC5,180
SIGLEC6,9
SIGLEC7,39
SIGLEC8,185
SIGLEC9,190
SIGLECL1,186
SIK1,5
SIK2,116
SIK3,115
SIKE1,154
SIL1,125
SIM1,189
SIM2,4
SIMC1,74
SIN3A,87
SIN3B,62
SIPA1,119
SIPA1L1,189
SIPA1L2,193
SIPA1L3,53
SIRPB1,18
SIRPB2,141
SIRPD,32
SIRPG,187
SIRT1,88
SIRT2,120
SIRT3,70
SIRT4,36
SIRT5,70
SIRT6,186
SIRT7,73
SIX1,162
SIX2,68
SIX3,171
SIX4,42
SIX5,42
SIX6,124
SKAP1,49
SKAP2,28
SKI,89
SKIC2,110
SKIC8,99
SKIDA1,189
SKIL,142
SKOR1,5
SKOR2,172
SKP2,161
SLA,170
SLA2,48
SLAIN1,171
SLAIN2,157
SLAMF1,28
SLAMF6,9
SLAMF7,125
SLAMF8,34
SLAMF9,125
SLC10A1,175
SLC10A2,167
SLC10A3,3
SLC10A4,177
SLC10A5,31
SLC10A6,132
SLC11A1,182
SLC11A2,172
SLC12A1,14
SLC12A2,67
SLC12A3,191
SLC12A4,173
SLC12A5,48
SLC12A6,38
SLC12A7,111
SLC12A8,145
SLC12A9,126
SLC13A1,22
SLC13A2,123
SLC13A3,145
SLC13A4,189
SLC13A5,5
SLC14A1,144
SLC14A2,186
SLC15A1,5
SLC15A2,49
SLC15A3,170
SLC15A4,69
SLC16A1,118
SLC16A10,68
SLC16A11,3
SLC16A12,145
SLC16A13,11
SLC16A14,179
SLC16A2,137
SLC16A3,73
SLC16A4,154
SLC16A5,178
SLC16A6,141
SLC16A7,142
SLC16A8,53
SLC16A9,143
SLC17A1,31
SLC17A2,141
SLC17A3,198
SLC17A4,199
SLC17A5,166
SLC17A6,199
SLC17A7,65
SLC17A8,145
SLC17A9,77
SLC18A1,65
SLC18A2,199
SLC18A3,137
SLC18B1,54
SLC19A1,168
SLC19A2,26
SLC19A3,170
SLC1A1,17
SLC1A2,140
SLC1A3,138
SLC1A4,5
SLC1A5,108
SLC1A6,189
SLC1A7,173
SLC20A1,115
SLC20A2,134
SLC22A1,41
SLC22A10,28
SLC22A11,119
SLC22A12,140
SLC22A13,3
SLC22A14,180
SLC22A15,154
SLC22A16,178
SLC22A17,121
SLC22A2,70
SLC22A23,172
SLC22A25,125
SLC22A3,169
SLC22A4,187
SLC22A5,132
SLC22A6,49
SLC22A7,196
SLC22A8,125
SLC22A9,125
SLC23A1,179
SLC23A2,17
SLC23A3,60
SLC24A1,145
SLC24A2,20
SLC24A3,67
SLC24A4,61
SLC24A5,27
SLC25A1,112
SLC25A10,73
SLC25A11,64
SLC25A12,68
SLC25A13,1
SLC25A14,65
SLC25A15,178
SLC25A16,37
SLC25A17,165
SLC25A18,163
SLC25A19,113
SLC25A2,14
SLC25A20,132
SLC25A21,28
SLC25A22,78
SLC25A23,191
SLC25A24,47
SLC25A25,178
SLC25A26,72
SLC25A27,5
SLC25A28,83
SLC25A29,77
SLC25A3,111
SLC25A30,186
SLC25A31,35
SLC25A32,118
SLC25A33,200
SLC25A34,199
SLC25A35,191
SLC25A36,41
SLC25A37,83
SLC25A38,52
SLC25A39,19
SLC25A4,98
SLC25A40,28
SLC25A41,172
SLC25A42,165
SLC25A43,54
SLC25A44,173
SLC25A45,119
SLC25A47,61
SLC25A48,178
SLC25A5,183
SLC25A51,72
SLC25A52,156
SLC25A53,94
SLC26A1,199
SLC26A11,73
SLC26A2,167
SLC26A3,173
SLC26A4,10
SLC26A5,126
SLC26A6,196
SLC26A7,138
SLC26A8,143
SLC26A9,68
SLC27A1,167
SLC27A2,7
SLC27A3,167
SLC27A4,200
SLC27A5,60
SLC27A6,138
SLC28A1,185
SLC28A2,32
SLC28A3,137
SLC29A1,138
SLC29A2,119
SLC29A3,189
SLC29A4,61
SLC2A1,118
SLC2A10,172
SLC2A11,191
SLC2A12,54
SLC2A13,188
SLC2A14,26
SLC2A2,132
SLC2A3,88
SLC2A4,138
SLC2A4RG,77
SLC2A5,68
SLC2A6,175
SLC2A7,75
SLC2A8,179
SLC2A9,167
SLC30A1,113
SLC30A10,41
SLC30A2,168
SLC30A3,179
SLC30A4,198
SLC30A5,125
SLC30A6,31
SLC30A7,7
SLC30A8,173
SLC31A1,72
SLC31A2,39
SLC32A1,137
SLC33A1,150
SLC34A1,191
SLC34A2,199
SLC34A3,78
SLC35A1,5
SLC35A2,150
SLC35A3,29
SLC35A4,22
SLC35A5,132
SLC35B1,101
SLC35B2,151
SLC35B3,42
SLC35B4,27
SLC35C1,67
SLC35C2,55
SLC35D1,29
SLC35D2,164
SLC35D3,175
SLC35E1,48
SLC35E2B,75
SLC35E3,36
SLC35E4,68
SLC35F1,137
SLC35F2,79
SLC35F3,58
SLC35G1,191
SLC35G2,156
SLC35G3,171
SLC35G5,185
SLC35G6,184
SLC36A1,4
SLC36A2,171
SLC36A3,68
SLC36A4,38
SLC37A1,17
SLC37A2,79
SLC37A3,41
SLC38A1,113
SLC38A10,73
SLC38A11,1
SLC38A2,90
SLC38A4,171
SLC38A5,55
SLC38A6,28
SLC38A7,132
SLC38A8,168
SLC38A9,128
SLC39A1,200
SLC39A10,15
SLC39A12,32
SLC39A13,177
SLC39A14,156
SLC39A2,121
SLC39A3,58
SLC39A4,76
SLC39A5,186
SLC39A6,15
SLC39A7,101
SLC39A8,31
SLC3A1,7
SLC3A2,111
SLC41A1,186
SLC41A2,44
SLC41A3,142
SLC43A1,139
SLC43A2,65
SLC44A1,167
SLC44A2,55
SLC44A3,154
SLC44A4,124
SLC44A5,43
SLC45A1,75
SLC45A2,189
SLC45A3,182
SLC45A4,69
SLC46A2,1
SLC46A3,32
SLC47A1,138
SLC47A2,138
SLC49A3,179
SLC49A4,30
SLC4A1,174
SLC4A10,43
SLC4A11,77
SLC4A1AP,199
SLC4A2,199
SLC4A3,18
SLC4A4,188
SLC4A5,183
SLC4A7,111
SLC4A8,156
SLC4A9,132
SLC51A,77
SLC52A1,185
SLC52A2,84
SLC52A3,182
SLC5A1,140
SLC5A10,42
SLC5A11,7
SLC5A12,68
SLC5A2,133
SLC5A3,115
SLC5A4,137
SLC5A5,14
SLC5A6,18
SLC5A7,7
SLC5A8,173
SLC5A9,173
SLC66A1,200
SLC66A3,64
SLC6A1,74
SLC6A11,5
SLC6A12,77
SLC6A13,60
SLC6A14,175
SLC6A15,155
SLC6A16,143
SLC6A17,153
SLC6A18,61
SLC6A19,61
SLC6A2,49
SLC6A20,193
SLC6A3,63
SLC6A4,32
SLC6A5,156
SLC6A6,185
SLC6A7,124
SLC6A8,199
SLC6A9,191
SLC7A1,111
SLC7A10,120
SLC7A11,113
SLC7A13,24
SLC7A14,132
SLC7A2,193
SLC7A3,175
SLC7A4,163
SLC7A5,111
SLC7A6,127
SLC7A7,4
SLC7A8,121
SLC7A9,120
SLC8A1,54
SLC8A2,188
SLC8A3,188
SLC9A1,167
SLC9A2,175
SLC9A3,61
SLC9A4,189
SLC9A5,193
SLC9A6,3
SLC9A7,51
SLC9A8,197
SLC9A9,28
SLC9B1,8
SLC9B2,188
SLC9C1,144
SLC9C2,24
SLCO1A2,21
SLCO1B1,30
SLCO1B3,41
SLCO1C1,128
SLCO2A1,143
SLCO2B1,198
SLCO3A1,17
SLCO4A1,61
SLCO4C1,192
SLCO5A1,140
SLCO6A1,30
SLF1,110
SLF2,11
SLFN11,144
SLFN12,54
SLFN12L,28
SLFN13,27
SLFN14,67
SLFN5,24
SLFNL1,166
SLIT1,193
SLIT2,96
SLIT3,169
SLITRK1,198
SLITRK2,44
SLITRK3,190
SLITRK4,43
SLITRK5,167
SLITRK6,26
SLK,162
SLMAP,152
SLPI,200
SLTM,155
SLURP1,76
SMAD1,187
SMAD2,36
SMAD3,65
SMAD4,89
SMAD6,189
SMAD7,38
SMAD9,1
SMAGP,136
SMAP1,124
SMAP2,155
SMARCA1,8
SMARCA2,192
SMARCA4,90
SMARCA5,116
SMARCAD1,42
SMARCAL1,83
SMARCC1,90
SMARCC2,42
SMARCD1,114
SMARCD2,54
SMARCD3,61
SMARCE1,90
SMC1A,115
SMC1B,67
SMC2,102
SMC3,115
SMC4,102
SMC5,110
SMC6,110
SMCO2,11
SMG5,13
SMG7,110
SMIM10,41
SMIM24,128
SMIM29,64
SMNDC1,13
SMO,140
SMOC1,175
SMOC2,55
SMOX,141
SMPD1,4
SMPDL3A,2
SMPDL3B,15
SMS,185
SMTNL2,7
SMURF1,7
SMURF2,162
SMYD1,15
SMYD2,42
SMYD3,169
SMYD4,141
SMYD5,165
SNAI1,180
SNAI2,159
SNAI3,179
SNAP23,104
SNAP25,142
SNAP29,163
SNAP47,58
SNAP91,137
SNAPC4,194
SNCA,36
SNCB,84
SNCG,180
SND1,200
SNED1,78
SNIP1,13
SNPH,3
SNRK,162
SNRNP200,13
SNRNP35,6
SNRNP40,109
SNRNP48,88
SNRNP70,16
SNRPA,110
SNRPA1,13
SNRPB,13
SNRPB2,162
SNRPD1,12
SNRPF,12
SNRPG,88
SNRPN,46
SNTA1,28
SNTB1,173
SNTB2,191
SNTG1,32
SNTG2,169
SNTN,30
SNX1,44
SNX10,127
SNX11,180
SNX12,5
SNX13,48
SNX14,37
SNX15,119
SNX16,28
SNX17,159
SNX18,174
SNX19,79
SNX2,8
SNX20,68
SNX21,68
SNX22,127
SNX24,9
SNX25,145
SNX27,38
SNX29,177
SNX3,198
SNX30,23
SNX31,185
SNX32,119
SNX33,64
SNX4,178
SNX5,192
SNX6,28
SNX7,154
SNX8,74
SNX9,74
SOAT1,38
SOAT2,68
SOBP,170
SOCS1,48
SOCS2,35
SOCS3,200
SOCS4,157
SOCS5,34
SOCS6,18
SOCS7,67
SOD1,99
SOD3,170
SOHLH1,159
SOHLH2,156
SORBS1,70
SORBS2,98
SORBS3,132
SORCS1,174
SORCS2,21
SORCS3,61
SORD,44
SORL1,79
SORT1,189
SOS1,159
SOS2,11
SOST,140
SOSTDC1,172
SOWAHA,54
SOWAHB,124
SOWAHC,16
SOWAHD,191
SOX1,42
SOX10,81
SOX11,92
SOX12,62
SOX13,85
SOX14,169
SOX15,159
SOX17,159
SOX18,199
SOX2,22
SOX21,166
SOX3,172
SOX30,98
SOX4,62
SOX5,181
SOX6,5
SOX7,65
SOX8,57
SOX9,104
SP1,116
SP100,128
SP110,62
SP140,43
SP140L,170
SP2,104
SP3,116
SP4,5
SP5,170
SP6,19
SP7,171
SP8,14
SP9,68
SPA17,79
SPACA3,188
SPAG1,42
SPAG4,3
SPAG9,157
SPAM1,28
SPANXB1,94
SPANXN1,139
SPANXN2,28
SPANXN3,65
SPANXN4,27
SPANXN5,178
SPARC,132
SPARCL1,35
SPAST,9
SPATA13,139
SPATA16,3
SPATA2,38
SPATA21,175
SPATA2L,69
SPATA31A1,167
SPATA31A3,66
SPATA31A6,194
SPATA31A7,66
SPATA31E1,192
SPATA31F1,176
SPATA4,47
SPATA6,43
SPATA6L,62
SPATC1,58
SPATC1L,168
SPATS2,180
SPATS2L,197
SPDEF,160
SPDL1,162
SPDYA,9
SPDYE1,183
SPDYE4,185
SPECC1,167
SPECC1L,159
SPEF1,132
SPEG,74
SPEN,89
SPG7,180
SPHK1,41
SPHK2,185
SPHKAP,156
SPI1,115
SPIB,36
SPIC,139
SPIN1,198
SPIN3,155
SPIN4,21
SPINK13,15
SPINK14,28
SPINK2,167
SPINK5,47
SPINK6,171
SPINK7,178
SPINK8,132
SPINK9,32
SPINT1,177
SPINT2,180
SPINT4,28
SPIRE1,51
SPIRE2,77
SPMAP2,168
SPMAP2L,136
SPNS1,44
SPNS2,53
SPNS3,185
SPOCD1,127
SPOCK1,171
SPOCK2,67
SPOCK3,37
SPOP,31
SPOPL,26
SPPL2A,51
SPPL2C,132
SPPL3,198
SPRED1,108
SPRED2,108
SPRED3,120
SPRR2G,50
SPRR3,5
SPRR4,29
SPRY1,42
SPRY2,58
SPRY3,190
SPRY4,132
SPRYD3,49
SPRYD4,164
SPSB1,75
SPSB2,175
SPSB3,76
SPSB4,17
SPTA1,48
SPTAN1,105
SPTB,132
SPTBN1,105
SPTBN2,124
SPTBN4,18
SPTBN5,189
SPTLC1,183
SPTLC2,149
SPTLC3,47
SPTSSA,149
SPTSSB,15
SPTY2D1,115
SPZ1,24
SRC,159
SRCAP,87
SRCIN1,169
SRD5A1,170
SREBF1,103
SREBF2,113
SREK1,89
SRF,152
SRGAP1,9
SRGAP3,70
SRI,33
SRL,54
SRM,118
SRMS,58
SRP54,13
SRPK1,113
SRPK2,19
SRPK3,182
SRPRA,87
SRPRB,101
SRPX,172
SRPX2,35
SRR,165
SRRM2,86
SRSF1,36
SRSF10,36
SRSF11,88
SRSF12,35
SRSF2,194
SRSF3,191
SRSF4,3
SRSF5,26
SRSF6,89
SRSF7,87
SRSF9,132
SS18,90
SS18L1,172
SS18L2,104
SSB,99
SSBP2,5
SSBP3,183
SSBP4,135
SSC4D,185
SSC5D,141
SSH1,7
SSH2,105
SSH3,197
SSRP1,100
SSTR1,137
SSTR2,132
SSTR3,10
SSTR4,67
SSTR5,57
SSU72,89
SSX1,118
SSX3,43
SSX5,118
SSX7,53
ST14,79
ST18,2
ST3GAL1,185
ST3GAL2,65
ST3GAL3,36
ST3GAL4,79
ST3GAL5,140
ST3GAL6,24
ST6GAL1,191
ST6GAL2,14
ST6GALNAC1,3
ST6GALNAC2,3
ST6GALNAC3,186
ST6GALNAC4,185
ST6GALNAC5,166
ST6GALNAC6,66
ST7,16
ST7L,23
ST8SIA1,3
ST8SIA2,63
ST8SIA3,70
ST8SIA4,142
ST8SIA5,193
ST8SIA6,8
STAB1,196
STAB2,174
STAC,65
STAC2,42
STAC3,195
STAG1,85
STAG2,115
STAG3,126
STAM,190
STAM2,23
STAMBP,107
STAMBPL1,187
STAP1,65
STAP2,29
STAR,134
STARD10,21
STARD13,190
STARD3,122
STARD3NL,1
STARD4,1
STARD5,164
STARD6,32
STARD7,189
STARD8,138
STAT1,39
STAT2,51
STAT3,53
STAT4,30
STAT5A,137
STAT5B,116
STAT6,184
STATH,48
STAU1,38
STAU2,39
STC1,191
STC2,170
STEAP1,40
STEAP1B,166
STEAP2,32
STEAP3,170
STEAP4,27
STIM1,145
STIM2,32
STIMATE,180
STIP1,109
STK10,68
STK11,116
STK11IP,192
STK16,39
STK17A,35
STK17B,32
STK24,68
STK25,78
STK26,44
STK3,6
STK31,191
STK32A,29
STK32B,178
STK32C,41
STK33,155
STK35,41
STK36,60
STK38,49
STK38L,36
STK39,1
STK4,29
STK40,108
STMN1,118
STMN2,26
STMN3,77
STMN4,49
STMND1,179
STN1,99
STOM,96
STOML1,172
STOML2,83
STOML3,42
STON1,51
STON2,175
STOX1,11
STOX2,61
STPG1,7
STPG2,27
STRA6,189
STRADA,116
STRADB,191
STRBP,1
STRC,64
STRIP1,159
STRIP2,170
STRN,178
STRN3,157
STRN4,171
STS,1
STT3A,91
STT3B,150
STUB1,4
STX10,165
STX11,61
STX12,89
STX16,58
STX17,9
STX19,127
STX1A,140
STX1B,133
STX2,95
STX3,28
STX4,104
STX5,6
STX6,48
STX7,44
STX8,24
STXBP1,180
STXBP2,48
STXBP3,104
STXBP4,5
STXBP5,5
STXBP5L,156
STXBP6,121
STYK1,65
STYX,37
STYXL1,9
STYXL2,19
SUCLA2,156
SUCLG2,175
SUCNR1,24
SUDS3,87
SUGCT,155
SUGP1,88
SUGP2,157
SUGT1,162
SULF1,139
SULF2,172
SULT1A1,166
SULT1A2,41
SULT1B1,136
SULT1C2,30
SULT1C3,39
SULT1C4,137
SULT1E1,32
SULT2A1,36
SULT2B1,173
SULT4A1,98
SULT6B1,32
SUMF1,57
SUMF2,138
SUMO3,60
SUN1,20
SUN2,175
SUN3,7
SUN5,177
SUPT20H,114
SUPT3H,99
SURF1,72
SURF4,147
SUSD2,18
SUSD3,167
SUSD4,96
SUSD6,198
SUV39H1,34
SUV39H2,156
SV2A,129
SV2B,78
SV2C,137
SVEP1,43
SVIL,138
SVOPL,7
SWAP70,28
SYAP1,139
SYBU,164
SYCE1,78
SYCE1L,38
SYCP2,46
SYCP2L,44
SYCP3,26
SYDE1,10
SYDE2,48
SYK,113
SYN1,66
SYN3,132
SYNCRIP,141
SYNDIG1,177
SYNDIG1L,184
SYNE1,142
SYNE2,88
SYNE3,54
SYNGAP1,175
SYNGR1,4
SYNGR2,3
SYNGR3,169
SYNGR4,188
SYNJ1,41
SYNJ2,61
SYNJ2BP,192
SYNPO,18
SYNPO2,21
SYNPO2L,165
SYNPR,5
SYP,191
SYPL1,26
SYPL2,153
SYS1,147
SYT1,144
SYT10,164
SYT11,129
SYT12,119
SYT13,137
SYT14,29
SYT16,174
SYT17,189
SYT2,36
SYT3,132
SYT4,23
SYT5,179
SYT6,153
SYT7,125
SYT8,1
SYT9,145
SYTL1,198
SYTL2,30
SYTL3,68
SYTL4,22
SYTL5,144
SYVN1,146
TAAR1,30
TAAR2,47
TAAR5,170
TAAR6,142
TAAR8,124
TAB1,11
TAB2,165
TAB3,66
TACC1,134
TACC2,70
TACC3,107
TACR1,136
TACR2,188
TACR3,174
TACSTD2,4
TADA2A,161
TADA2B,114
TAF1,13
TAF11,84
TAF13,84
TAF15,122
TAF1L,54
TAF3,84
TAF4,84
TAF4B,44
TAF5,84
TAF5L,114
TAF6,84
TAF6L,114
TAF7,86
TAF7L,24
TAF9,52
TAF9B,192
TAFA1,7
TAFA2,2
TAFA3,153
TAFA4,124
TAGAP,63
TAGLN,53
TAGLN2,35
TAGLN3,34
TAL1,41
TAL2,127
TAMALIN,137
TANC1,196
TANC2,156
TAOK1,105
TAOK2,48
TAOK3,41
TAP1,7
TAP2,139
TAPBP,198
TAPBPL,171
TARBP1,41
TARBP2,122
TARDBP,113
TARM1,58
TARS1,101
TARS2,72
TARS3,172
TAS1R1,75
TAS1R2,89
TAS1R3,75
TAS2R1,143
TAS2R10,32
TAS2R13,47
TAS2R14,31
TAS2R16,2
TAS2R19,29
TAS2R20,32
TAS2R3,193
TAS2R30,31
TAS2R31,11
TAS2R38,50
TAS2R39,28
TAS2R4,143
TAS2R40,66
TAS2R41,97
TAS2R42,23
TAS2R43,32
TAS2R46,31
TAS2R5,23
TAS2R50,29
TAS2R60,61
TAS2R7,37
TAS2R8,32
TAS2R9,54
TASOR,197
TASOR2,3
TASP1,33
TAT,155
TATDN1,31
TATDN2,200
TATDN3,96
TAX1BP1,38
TBC1D1,43
TBC1D10A,37
TBC1D10B,41
TBC1D10C,119
TBC1D12,67
TBC1D13,200
TBC1D14,113
TBC1D15,190
TBC1D16,70
TBC1D17,36
TBC1D2,137
TBC1D21,132
TBC1D22A,98
TBC1D22B,88
TBC1D25,177
TBC1D26,10
TBC1D28,138
TBC1D2B,42
TBC1D30,164
TBC1D31,89
TBC1D32,44
TBC1D4,21
TBC1D5,148
TBC1D8,133
TBC1D8B,31
TBC1D9,36
TBC1D9B,167
TBCE,101
TBCEL,79
TBCK,113
TBK1,27
TBKBP1,132
TBL1X,64
TBL1XR1,109
TBL2,126
TBL3,100
TBP,86
TBPL1,2
TBR1,68
TBRG4,72
TBX1,22
TBX10,119
TBX15,154
TBX18,191
TBX19,196
TBX2,54
TBX20,175
TBX21,124
TBX22,5
TBX3,7
TBX4,55
TBX5,155
TBX6,180
TBXA2R,170
TBXT,199
TC2N,164
TCAF1,94
TCEA1,34
TCEA2,58
TCEA3,184
TCEAL1,26
TCEAL2,192
TCEAL3,50
TCEAL4,53
TCEAL5,139
TCEAL7,31
TCEAL8,11
TCEAL9,194
TCEANC,26
TCERG1,70
TCERG1L,59
TCF12,115
TCF15,69
TCF20,87
TCF21,132
TCF23,175
TCF24,69
TCF3,115
TCF4,187
TCF7,53
TCF7L1,67
TCF7L2,104
TCHHL1,189
TCIRG1,66
TCL1A,89
TCL1B,60
TCN1,5
TCN2,132
TCP1,162
TCP10L,125
TCP11,16
TCP11L1,140
TCP11L2,44
TCTN1,178
TCTN2,68
TCTN3,178
TDRD1,193
TDRD10,24
TDRD12,26
TDRD5,11
TDRD6,136
TDRD7,22
TDRD9,64
TDRKH,1
TEAD1,152
TEAD2,132
TEAD3,152
TEAD4,125
TEC,164
TECPR2,77
TECR,99
TECRL,11
TECTA,79
TECTB,171
TEDDM1,47
TEF,23
TEK,96
TEKT1,143
TEKT2,3
TEKT3,136
TEKT4,133
TEKT5,137
TENM1,170
TENM3,170
TENM4,142
TENT2,23
TENT4A,132
TENT4B,159
TENT5A,67
TENT5B,68
TENT5C,154
TENT5D,9
TEP1,121
TERF2,164
TES,16
TESC,61
TESK1,176
TESK2,27
TESMIN,119
TESPA1,42
TET1,48
TET2,175
TET3,140
TEX10,100
TEX101,26
TEX13B,67
TEX30,46
TEX55,42
TF,70
TFAM,72
TFAP2A,81
TFAP2B,92
TFAP2C,96
TFAP2D,22
TFAP2E,70
TFAP4,116
TFB1M,72
TFB2M,72
TFCP2,157
TFCP2L1,137
TFDP1,161
TFDP2,2
TFDP3,70
TFE3,35
TFEB,138
TFEC,11
TFF1,62
TFF2,54
TFF3,50
TFIP11,13
TFPI,28
TFPI2,42
TFR2,174
TFRC,106
TG,197
TGDS,98
TGFA,138
TGFB1,3
TGFB1I1,42
TGFB2,29
TGFB3,67
TGFBI,22
TGFBR1,162
TGFBR2,162
TGFBR3,154
TGFBR3L,11
TGFBRAP1,107
TGIF1,37
TGIF2,34
TGIF2LX,2
TGM1,121
TGM2,21
TGM3,175
TGM4,171
TGM5,189
TGM6,169
TGM7,166
TH,199
THAP1,87
THAP10,61
THAP12,96
THAP2,31
THAP3,85
THAP6,38
THAP7,167
THAP8,48
THBS1,169
THBS2,179
THBS3,129
THBS4,18
THEM4,49
THEM5,189
THEMIS,196
THEMIS2,166
THNSL1,30
THNSL2,127
THOP1,96
THRA,122
THRAP3,110
THRB,3
THRSP,130
THSD4,29
THSD7A,166
THUMPD2,29
THUMPD3,66
TIA1,165
TIAL1,162
TIAM1,171
TIAM2,190
TIE1,136
TIFA,3
TIFAB,180
TIGD2,48
TIGD3,119
TIGD4,30
TIGD5,78
TIGD6,144
TIGD7,159
TIGIT,68
TIMD4,26
TIMM17A,159
TIMM17B,139
TIMM23,13
TIMM8A,194
TIMP1,189
TIMP2,73
TIMP3,191
TIMP4,35
TINAG,28
TINAGL1,85
TIPARP,162
TJP1,158
TJP2,3
TJP3,172
TK2,191
TKT,111
TKTL1,190
TKTL2,61
TLCD1,123
TLCD2,172
TLCD3A,64
TLCD3B,180
TLCD4,14
TLDC2,65
TLE1,183
TLE2,16
TLE3,116
TLE4,9
TLE5,96
TLE6,172
TLK1,23
TLK2,164
TLL1,17
TLL2,22
TLN1,152
TLN2,188
TLNRD1,115
TLR1,191
TLR10,24
TLR2,94
TLR3,98
TLR4,23
TLR5,36
TLR6,24
TLR7,30
TLR8,172
TLR9,171
TLX1,199
TLX2,136
TLX3,172
TM2D1,159
TM2D2,159
TM2D3,159
TM4SF1,3
TM4SF18,3
TM4SF19,77
TM4SF20,1
TM4SF4,3
TM4SF5,66
TM6SF1,181
TM6SF2,135
TM7SF2,127
TM9SF1,121
TM9SF2,151
TM9SF3,147
TM9SF4,145
TMA7,53
TMBIM1,64
TMBIM4,31
TMBIM6,166
TMC1,49
TMC2,26
TMC3,42
TMC4,58
TMC5,32
TMC6,3
TMC7,188
TMC8,199
TMCC1,175
TMCC2,182
TMCC3,41
TMCO5A,137
TMED1,164
TMED10,147
TMED2,147
TMED3,78
TMED4,35
TMED5,154
TMED6,36
TMED7,147
TMED8,175
TMED9,147
TMEFF1,37
TMEFF2,35
TMEM100,5
TMEM102,167
TMEM116,186
TMEM120B,175
TMEM121B,163
TMEM123,36
TMEM126A,71
TMEM126B,71
TMEM130,178
TMEM131,170
TMEM131L,157
TMEM132A,19
TMEM132B,36
TMEM132D,170
TMEM132E,123
TMEM141,58
TMEM143,14
TMEM145,53
TMEM14A,132
TMEM14B,37
TMEM14C,197
TMEM150A,180
TMEM150B,170
TMEM150C,189
TMEM151A,68
TMEM151B,169
TMEM161A,135
TMEM161B,113
TMEM167A,150
TMEM167B,29
TMEM17,47
TMEM170A,198
TMEM170B,172
TMEM176A,96
TMEM176B,14
TMEM178A,8
TMEM178B,70
TMEM184A,74
TMEM184B,70
TMEM184C,28
TMEM185A,70
TMEM185B,16
TMEM200A,47
TMEM200B,178
TMEM200C,174
TMEM202,42
TMEM212,3
TMEM216,119
TMEM217,164
TMEM219,192
TMEM229A,180
TMEM229B,171
TMEM233,182
TMEM235,74
TMEM241,198
TMEM244,31
TMEM248,126
TMEM25,170
TMEM250,175
TMEM256,26
TMEM259,56
TMEM266,196
TMEM30A,198
TMEM30B,4
TMEM35A,19
TMEM35B,190
TMEM38A,39
TMEM38B,9
TMEM39A,157
TMEM39B,127
TMEM41A,103
TMEM41B,146
TMEM44,77
TMEM45A,32
TMEM45B,47
TMEM47,199
TMEM50A,11
TMEM50B,23
TMEM54,190
TMEM59,22
TMEM59L,180
TMEM60,157
TMEM63A,70
TMEM63B,174
TMEM63C,67
TMEM64,185
TMEM74,172
TMEM74B,63
TMEM80,44
TMEM86A,136
TMEM86B,179
TMEM87A,33
TMEM87B,198
TMEM8B,176
TMEM9,2
TMEM91,49
TMEM9B,157
TMF1,192
TMIGD3,153
TMLHE,57
TMOD1,37
TMOD2,49
TMOD3,108
TMOD4,129
TMPO,101
TMPRSS11A,48
TMPRSS11B,127
TMPRSS11D,42
TMPRSS11E,43
TMPRSS11F,29
TMPRSS12,137
TMPRSS13,128
TMPRSS15,11
TMPRSS2,4
TMPRSS3,18
TMPRSS4,79
TMPRSS5,79
TMPRSS6,26
TMPRSS7,127
TMPRSS9,58
TMSB15A,198
TMSB4X,63
TMT1A,136
TMT1B,136
TMTC1,164
TMTC2,1
TMTC3,157
TMTC4,61
TMUB1,97
TMUB2,139
TMX1,26
TMX3,3
TMX4,5
TNC,68
TNF,180
TNFAIP1,123
TNFAIP2,174
TNFAIP3,107
TNFAIP6,44
TNFAIP8,171
TNFAIP8L1,178
TNFAIP8L2,129
TNFAIP8L3,62
TNFRSF10A,144
TNFRSF10B,144
TNFRSF10C,198
TNFRSF10D,60
TNFRSF11A,38
TNFRSF11B,55
TNFRSF13C,67
TNFRSF14,168
TNFRSF17,14
TNFRSF18,75
TNFRSF19,21
TNFRSF1A,197
TNFRSF1B,145
TNFRSF21,166
TNFRSF25,75
TNFRSF4,75
TNFRSF6B,55
TNFRSF8,52
TNFRSF9,60
TNFSF10,132
TNFSF11,43
TNFSF12,26
TNFSF13,27
TNFSF13B,76
TNFSF14,34
TNFSF15,1
TNIK,58
TNIP1,107
TNIP2,199
TNIP3,36
TNK1,174
TNK2,179
TNKS,190
TNKS1BP1,67
TNKS2,152
TNMD,44
TNN,142
TNNC1,174
TNNC2,68
TNNI1,182
TNNI2,197
TNNI3,145
TNNI3K,10
TNNT1,43
TNNT2,184
TNNT3,63
TNPO1,37
TNPO2,70
TNPO3,6
TNR,67
TNRC18,70
TNRC6A,7
TNRC6B,165
TNRC6C,132
TNS1,60
TNS2,3
TNS3,152
TNS4,122
TNXB,181
TOB1,36
TOB2,18
TOE1,99
TOGARAM1,48
TOGARAM2,96
TOM1,38
TOM1L1,157
TOM1L2,155
TOMM20,53
TOMM20L,6
TOMM34,167
TOMM40,34
TOMM40L,164
TOMM70,99
TONSL,102
TOP1,100
TOP1MT,76
TOP2A,102
TOP2B,88
TOP3A,99
TOP3B,163
TOPBP1,88
TOR1A,198
TOR1AIP1,40
TOR1AIP2,48
TOR1B,144
TOR2A,200
TOR3A,124
TOR4A,69
TOX,5
TOX2,49
TOX3,68
TOX4,88
TP53,140
TP53BP2,152
TP53I3,185
TP53INP1,31
TP53INP2,169
TP63,159
TP73,75
TPBGL,174
TPCN1,172
TPCN2,196
TPD52,155
TPD52L1,36
TPD52L2,77
TPD52L3,197
TPH1,28
TPH2,136
TPM1,193
TPM2,178
TPM3,185
TPM4,183
TPO,61
TPP2,3
TPPP,61
TPPP2,121
TPPP3,177
TPRG1,39
TPRG1L,75
TPRN,41
TPRX1,48
TPSAB1,78
TPSD1,57
TPSG1,179
TPST1,126
TPST2,22
TPTE2,143
TRA2A,26
TRA2B,89
TRABD2A,192
TRABD2B,124
TRAF1,68
TRAF2,107
TRAF3,107
TRAF3IP3,182
TRAF4,123
TRAF5,172
TRAF6,165
TRAF7,104
TRAFD1,51
TRAK1,15
TRAK2,186
TRAM1,51
TRAM1L1,20
TRAM2,67
TRANK1,132
TRAP1,200
TRAPPC1,147
TRAPPC2L,147
TRAPPC3,147
TRAPPC3L,51
TRAPPC4,147
TRAPPC6A,124
TRAPPC6B,34
TRARG1,53
TRDMT1,172
TREM2,138
TREML1,187
TREML2,141
TREML4,41
TRERF1,180
TREX1,7
TREX2,61
TRHDE,166
TRHR,139
TRIB1,108
TRIB2,57
TRIB3,41
TRIM10,36
TRIM11,179
TRIM13,192
TRIM14,26
TRIM15,141
TRIM16,124
TRIM17,142
TRIM2,58
TRIM21,139
TRIM22,190
TRIM23,128
TRIM24,41
TRIM25,169
TRIM26,48
TRIM27,42
TRIM28,179
TRIM29,199
TRIM3,21
TRIM31,27
TRIM32,11
TRIM33,157
TRIM34,188
TRIM35,42
TRIM36,31
TRIM37,162
TRIM38,39
TRIM39,179
TRIM4,69
TRIM40,185
TRIM41,74
TRIM42,21
TRIM43,183
TRIM44,37
TRIM45,153
TRIM46,129
TRIM47,55
TRIM49B,8
TRIM49D1,53
TRIM5,42
TRIM50,126
TRIM52,74
TRIM54,182
TRIM55,178
TRIM56,67
TRIM58,58
TRIM59,156
TRIM6,29
TRIM60,48
TRIM61,179
TRIM62,167
TRIM63,2
TRIM65,58
TRIM67,55
TRIM68,172
TRIM69,171
TRIM7,53
TRIM71,14
TRIM72,142
TRIM77,2
TRIM8,85
TRIM9,3
TRIML1,58
TRIML2,95
TRIO,152
TRIOBP,200
TRIP10,29
TRIP12,87
TRIP6,126
TRMT1,99
TRMT10A,159
TRMT10B,5
TRMT10C,72
TRMT12,131
TRMT1L,197
TRMT2A,178
TRMT2B,68
TRMT5,101
TRMT61A,99
TRMT61B,199
TRMT9B,185
TRNAU1AP,110
TRO,132
TRPC1,5
TRPC3,166
TRPC4,164
TRPC5,186
TRPC6,7
TRPC7,18
TRPM1,35
TRPM2,21
TRPM3,34
TRPM4,3
TRPM5,78
TRPM6,39
TRPM7,111
TRPM8,78
TRPS1,160
TRPV1,49
TRPV2,138
TRPV3,21
TRPV4,193
TRPV5,61
TRPV6,178
TRRAP,114
TSC2,108
TSC22D1,67
TSC22D2,148
TSC22D3,184
TSC22D4,53
TSG101,107
TSGA10,42
TSHB,14
TSHR,200
TSHZ1,55
TSHZ2,21
TSHZ3,144
TSKU,130
TSN,200
TSNARE1,182
TSNAX,3
TSPAN1,127
TSPAN11,183
TSPAN12,27
TSPAN13,193
TSPAN14,34
TSPAN15,50
TSPAN16,66
TSPAN17,175
TSPAN18,138
TSPAN19,47
TSPAN2,154
TSPAN3,157
TSPAN31,195
TSPAN32,55
TSPAN33,3
TSPAN4,78
TSPAN5,65
TSPAN6,172
TSPAN7,42
TSPAN8,166
TSPAN9,187
TSPO,98
TSPO2,50
TSPOAP1,181
TSPYL1,53
TSPYL2,188
TSPYL4,44
TSPYL5,194
TSPYL6,4
TSR1,100
TSSK1B,23
TSSK2,49
TSSK3,127
TSSK4,121
TSSK6,135
TST,171
TSTD1,157
TTBK1,196
TTBK2,166
TTC1,86
TTC12,79
TTC13,49
TTC16,175
TTC21A,193
TTC21B,88
TTC23,63
TTC23L,23
TTC24,129
TTC28,136
TTC29,66
TTC31,178
TTC32,90
TTC34,75
TTC39A,68
TTC39B,196
TTC39C,139
TTC4,99
TTC7A,104
TTC7B,89
TTC8,30
TTC9,199
TTC9B,120
TTC9C,119
TTF1,86
TTF2,84
TTK,8
TTLL1,44
TTLL10,75
TTLL11,178
TTLL12,98
TTLL2,47
TTLL4,98
TTLL6,14
TTLL7,154
TTLL9,166
TTPA,2
TTPAL,22
TTR,186
TTYH1,58
TTYH2,53
TTYH3,197
TUB,156
TUBA1A,49
TUBA1B,85
TUBA1C,162
TUBA3C,18
TUBA3D,178
TUBA3E,178
TUBA4A,171
TUBA8,163
TUBAL3,19
TUBB,85
TUBB1,58
TUBB2A,179
TUBB2B,141
TUBB3,116
TUBB4A,49
TUBB4B,159
TUBB6,68
TUBD1,83
TUBE1,83
TUBG1,114
TUBG2,137
TUBGCP2,199
TUBGCP3,86
TUBGCP4,86
TUBGCP5,86
TUBGCP6,86
TUFM,71
TUFT1,124
TULP1,132
TULP2,37
TULP3,128
TULP4,152
TUSC3,1
TUT1,12
TUT4,48
TUT7,37
TVP23A,128
TWF1,123
TWF2,16
TWIST1,190
TWIST2,199
TXK,164
TXLNA,64
TXLNB,142
TXLNG,89
TXN,99
TXN2,72
TXNDC11,15
TXNDC12,37
TXNDC2,166
TXNDC5,74
TXNDC8,143
TXNDC9,133
TXNIP,198
TXNL1,37
TXNL4A,194
TXNL4B,99
TXNRD1,99
TXNRD2,185
TYK2,51
TYMS,111
TYR,4
TYRO3,185
TYRP1,62
TYW1,126
TYW3,44
TYW5,157
U2AF1,194
U2AF1L4,120
U2AF2,13
UACA,3
UAP1,111
UAP1L1,78
UBA1,157
UBA2,59
UBA3,99
UBA5,150
UBA52,197
UBA6,160
UBA7,171
UBAC1,197
UBAC2,46
UBALD1,149
UBALD2,149
UBAP1,107
UBAP1L,41
UBAP2,34
UBAP2L,84
UBASH3A,182
UBASH3B,142
UBB,139
UBD,46
UBE2A,110
UBE2B,37
UBE2C,162
UBE2D1,27
UBE2D2,82
UBE2D3,82
UBE2D4,191
UBE2E1,171
UBE2E2,26
UBE2E3,26
UBE2F,108
UBE2G1,6
UBE2G2,146
UBE2H,161
UBE2I,59
UBE2J1,146
UBE2J2,85
UBE2K,116
UBE2L3,15
UBE2L6,49
UBE2N,99
UBE2O,78
UBE2Q1,88
UBE2Q2,172
UBE2QL1,193
UBE2R2,88
UBE2S,162
UBE2T,83
UBE2U,32
UBE2V1,26
UBE2V2,157
UBE2Z,104
UBE3A,53
UBE3B,96
UBE3C,132
UBE4A,79
UBE4B,162
UBL4A,190
UBL4B,153
UBL7,162
UBN1,4
UBN2,17
UBP1,157
UBQLN1,128
UBQLN2,192
UBQLN3,171
UBQLN4,129
UBQLNL,14
UBR1,176
UBR2,37
UBR3,42
UBR5,87
UBTD1,68
UBTD2,190
UBTF,99
UBXN1,67
UBXN10,155
UBXN11,171
UBXN2A,8
UBXN2B,155
UBXN4,192
UBXN6,157
UBXN7,3
UCHL1,188
UCHL3,200
UCHL5,87
UCK1,144
UCK2,36
UCKL1,77
UCN,66
UCN2,179
UCN3,50
UCP1,141
UCP2,130
UCP3,130
UEVLD,27
UFSP1,126
UFSP2,150
UGGT1,150
UGGT2,3
UGP2,111
UGT1A1,78
UGT1A10,29
UGT1A3,94
UGT1A4,59
UGT1A5,32
UGT1A7,94
UGT1A8,59
UGT1A9,51
UGT2A1,64
UGT2A3,197
UGT2B11,141
UGT2B15,24
UGT2B17,44
UGT2B28,39
UGT2B4,24
UGT2B7,34
UGT3A1,1
UGT3A2,23
UGT8,174
UHMK1,192
UHRF2,50
ULBP1,157
ULBP2,62
ULBP3,164
ULK1,58
ULK2,30
ULK3,9
ULK4,46
UMOD,170
UMODL1,63
UNC119,123
UNC119B,164
UNC13A,14
UNC13B,176
UNC13C,139
UNC13D,58
UNC45A,99
UNC45B,123
UNC5A,74
UNC5B,7
UNC5C,68
UNC5CL,138
UNC5D,68
UNC93A,168
UNCX,61
UNK,58
UNKL,61
UPB1,191
UPF1,13
UPF3A,77
UPF3B,110
UPK1A,120
UPK1B,174
UPK3A,98
UPK3B,177
UPP1,67
UPP2,7
UPRT,44
UQCRC1,72
UQCRC2,72
URAD,180
UROD,111
USF1,199
USF2,199
USH1C,37
USH1G,78
USH2A,8
USHBP1,138
USP1,88
USP10,191
USP11,170
USP12,139
USP13,67
USP14,110
USP15,110
USP16,37
USP17L10,68
USP17L13,89
USP18,62
USP19,165
USP2,79
USP20,16
USP21,187
USP22,114
USP24,136
USP25,5
USP26,19
USP27X,189
USP28,140
USP29,45
USP3,127
USP30,26
USP31,27
USP32,3
USP33,157
USP34,42
USP35,130
USP36,100
USP37,88
USP38,200
USP39,13
USP4,26
USP40,28
USP42,82
USP43,169
USP44,49
USP45,8
USP46,28
USP47,157
USP48,83
USP49,4
USP5,86
USP50,143
USP51,155
USP53,11
USP54,173
USP6,15
USP6NL,4
USP7,82
USP8,107
USP9X,132
UST,70
UTF1,10
UTP14A,100
UTP14C,24
UTP23,100
UTP3,86
UTP4,100
UTRN,191
UTS2R,73
UXS1,111
VAMP1,175
VAMP2,89
VAMP3,75
VAMP4,47
VAMP5,180
VAMP7,62
VAMP8,37
VANGL1,154
VANGL2,174
VAPA,118
VAPB,59
VARS1,7
VARS2,72
VASH1,145
VASH2,96
VASN,19
VASP,104
VAT1,122
VAT1L,142
VAV1,42
VAV2,170
VAV3,154
VAX1,28
VAX2,2
VCAM1,65
VCAN,49
VCL,152
VCP,6
VCPKMT,165
VDAC1,185
VDAC2,43
VDAC3,134
VDR,177
VEGFA,196
VEGFB,119
VEGFC,98
VEGFD,70
VENTX,125
VEZF1,36
VGLL1,3
VGLL2,36
VGLL3,28
VHL,200
VIL1,182
VILL,180
VIM,167
VIP,49
VIPR1,132
VIPR2,5
VIT,132
VKORC1,68
VKORC1L1,126
VLDLR,60
VMP1,146
VN1R1,24
VN1R2,26
VN1R4,139
VNN1,48
VNN2,26
VPREB1,42
VPREB3,68
VPS13A,29
VPS13C,42
VPS13D,86
VPS18,148
VPS26A,148
VPS26B,79
VPS26C,150
VPS33A,148
VPS33B,148
VPS37A,107
VPS37B,77
VPS37C,138
VPS37D,140
VPS39,148
VPS45,107
VPS4A,104
VPS4B,104
VPS8,107
VPS9D1,78
VRK1,162
VRK2,42
VRK3,48
VSIG1,186
VSIG10,70
VSIG10L,132
VSIG2,79
VSIG8,171
VSIR,170
VSNL1,70
VSTM1,58
VSTM2A,137
VSTM2B,68
VSTM2L,18
VSTM4,42
VSTM5,143
VSX2,63
VTCN1,153
VTI1A,37
VTI1B,183
VTN,123
VWA1,75
VWA2,185
VWA3A,4
VWA3B,189
VWA5A,79
VWA5B2,4
VWC2,124
VWC2L,32
VWCE,119
VWDE,2
VWF,167
WARS1,101
WARS2,72
WAS,113
WASF1,64
WASF2,104
WASF3,137
WASHC2A,41
WASHC2C,183
WASL,38
WBP1,183
WBP1L,194
WBP2,58
WBP2NL,172
WDFY1,44
WDFY2,48
WDFY3,88
WDFY4,68
WDR12,100
WDR13,174
WDR17,15
WDR20,115
WDR24,148
WDR25,87
WDR26,161
WDR27,70
WDR3,100
WDR35,54
WDR37,115
WDR38,197
WDR43,100
WDR45,136
WDR45B,73
WDR5,101
WDR54,136
WDR55,100
WDR59,148
WDR5B,24
WDR62,200
WDR7,106
WDR72,172
WDR73,162
WDR75,100
WDR77,99
WDR81,98
WDR86,190
WDR87,120
WDR88,120
WDR90,60
WDR93,65
WDTC1,70
WEE1,88
WEE2,171
WFDC10A,28
WFDC10B,48
WFDC11,143
WFDC12,138
WFDC13,47
WFDC3,164
WFDC5,155
WFDC6,29
WFDC8,51
WFDC9,49
WFIKKN1,60
WFIKKN2,171
WHAMM,141
WHRN,189
WIF1,7
WIPF1,113
WIPF2,9
WIPF3,18
WIPI1,174
WIPI2,58
WIZ,114
WNK1,148
WNK3,16
WNK4,55
WNT1,68
WNT10A,175
WNT10B,167
WNT11,169
WNT16,61
WNT2,16
WNT2B,189
WNT3,124
WNT3A,179
WNT4,197
WNT5A,48
WNT5B,77
WNT6,41
WNT7A,60
WNT7B,58
WNT8A,49
WNT8B,166
WNT9A,166
WNT9B,68
WRN,143
WSB1,90
WSB2,85
WSCD1,55
WSCD2,174
WT1,159
WTIP,67
WWC1,74
WWC2,70
WWOX,44
WWP1,39
WWP2,67
WWTR1,152
XAB2,12
XAF1,185
XAGE2,139
XAGE3,52
XAGE5,143
XCL1,66
XCL2,41
XCR1,18
XDH,74
XIAP,68
XIRP1,175
XIRP2,1
XK,187
XKR3,28
XKR4,188
XKR6,175
XKR7,135
XKR8,166
XKR9,32
XKRX,188
XPNPEP1,189
XPNPEP2,21
XPNPEP3,199
XPO1,5
XPO4,110
XPO5,107
XPO7,140
XRCC1,83
XRCC2,83
XRCC3,83
XRCC5,102
XRCC6,102
XRN1,62
XRN2,99
XXYLT1,77
XYLB,191
XYLT1,37
XYLT2,151
YAF2,33
YAP1,152
YBEY,72
YBX1,185
YBX2,26
YBX3,4
YEATS2,161
YES1,46
YIF1A,119
YIF1B,53
YIPF1,28
YIPF2,190
YIPF3,196
YIPF4,28
YIPF5,150
YIPF6,150
YIPF7,48
YJEFN3,135
YJU2,13
YJU2B,109
YKT6,13
YME1L1,71
YPEL1,133
YPEL2,34
YPEL3,133
YPEL4,188
YPEL5,161
YTHDC1,13
YTHDC2,67
YTHDF1,168
YTHDF2,110
YWHAB,200
YWHAE,200
YWHAG,64
YWHAH,198
YWHAQ,62
YY1,182
YY1AP1,129
YY2,4
ZACN,74
ZAP70,189
ZAR1,177
ZAR1L,156
ZBED4,64
ZBED6,64
ZBTB1,109
ZBTB10,142
ZBTB11,38
ZBTB12,136
ZBTB14,44
ZBTB16,58
ZBTB17,89
ZBTB18,182
ZBTB20,169
ZBTB21,49
ZBTB22,54
ZBTB24,42
ZBTB25,178
ZBTB26,2
ZBTB3,119
ZBTB32,120
ZBTB33,88
ZBTB34,178
ZBTB37,44
ZBTB38,117
ZBTB39,177
ZBTB4,171
ZBTB41,31
ZBTB42,77
ZBTB43,68
ZBTB44,79
ZBTB45,60
ZBTB46,17
ZBTB47,61
ZBTB48,75
ZBTB49,191
ZBTB5,64
ZBTB6,127
ZBTB7A,89
ZBTB7B,200
ZBTB7C,144
ZBTB8A,32
ZBTB8B,3
ZBTB9,191
ZC2HC1A,32
ZC2HC1B,9
ZC3H10,86
ZC3H12A,166
ZC3H12B,138
ZC3H12C,79
ZC3H18,48
ZC3H3,76
ZC3H4,116
ZC3H6,49
ZC3H7A,172
ZC3H7B,68
ZC3H8,13
ZC3HAV1,197
ZC3HAV1L,35
ZCCHC12,171
ZCCHC13,132
ZCCHC14,42
ZCCHC18,155
ZCCHC2,184
ZCCHC24,54
ZCCHC7,159
ZCCHC9,194
ZCRB1,99
ZCWPW1,11
ZCWPW2,38
ZDHHC1,7
ZDHHC11,7
ZDHHC12,186
ZDHHC13,155
ZDHHC14,14
ZDHHC15,1
ZDHHC17,37
ZDHHC18,26
ZDHHC19,77
ZDHHC2,44
ZDHHC20,191
ZDHHC21,62
ZDHHC22,185
ZDHHC23,37
ZDHHC3,11
ZDHHC4,37
ZDHHC5,108
ZDHHC6,35
ZDHHC7,47
ZDHHC8,163
ZDHHC9,5
ZEB1,116
ZEB2,85
ZER1,53
ZFAND1,28
ZFAND2A,31
ZFAND2B,64
ZFAND3,49
ZFAND4,39
ZFAND5,33
ZFAND6,33
ZFAT,113
ZFHX2,192
ZFHX3,186
ZFHX4,143
ZFP1,29
ZFP14,44
ZFP2,42
ZFP28,45
ZFP3,155
ZFP30,25
ZFP36,197
ZFP36L1,152
ZFP36L2,191
ZFP37,1
ZFP41,76
ZFP42,197
ZFP57,38
ZFP62,31
ZFP64,90
ZFP69,24
ZFP69B,128
ZFP82,25
ZFP90,3
ZFP91,124
ZFP92,178
ZFPM1,116
ZFPM2,186
ZFR,86
ZFR2,3
ZFX,165
ZFYVE1,66
ZFYVE16,36
ZFYVE19,184
ZFYVE26,66
ZFYVE28,61
ZGLP1,186
ZGPAT,77
ZHX1,131
ZHX2,132
ZHX3,191
ZIC1,41
ZIC2,90
ZIC3,172
ZIC4,166
ZIC5,17
ZIK1,3
ZIM2,5
ZIM3,45
ZKSCAN1,126
ZKSCAN2,34
ZKSCAN3,6
ZKSCAN4,42
ZKSCAN5,171
ZKSCAN7,190
ZKSCAN8,51
ZMAT1,15
ZMAT2,53
ZMAT3,37
ZMAT4,155
ZMIZ1,90
ZMIZ2,139
ZMYM1,28
ZMYM2,128
ZMYM3,128
ZMYM4,197
ZMYM5,128
ZMYM6,38
ZMYND10,4
ZMYND11,172
ZMYND12,1
ZMYND15,125
ZMYND19,172
ZMYND8,116
ZNF10,78
ZNF100,25
ZNF101,24
ZNF107,24
ZNF112,47
ZNF114,1
ZNF12,164
ZNF121,127
ZNF124,95
ZNF131,69
ZNF132,60
ZNF133,34
ZNF134,3
ZNF135,60
ZNF136,42
ZNF138,126
ZNF14,24
ZNF140,78
ZNF141,59
ZNF142,184
ZNF143,110
ZNF146,32
ZNF148,11
ZNF154,45
ZNF155,33
ZNF157,49
ZNF16,200
ZNF160,47
ZNF165,28
ZNF169,178
ZNF17,185
ZNF174,3
ZNF175,28
ZNF177,157
ZNF18,67
ZNF180,26
ZNF181,9
ZNF182,32
ZNF184,155
ZNF185,78
ZNF189,24
ZNF19,24
ZNF195,32
ZNF2,155
ZNF20,182
ZNF200,171
ZNF202,23
ZNF205,96
ZNF208,25
ZNF211,45
ZNF212,36
ZNF213,159
ZNF214,139
ZNF215,36
ZNF217,116
ZNF219,67
ZNF22,37
ZNF221,31
ZNF222,26
ZNF223,31
ZNF224,44
ZNF225,143
ZNF226,128
ZNF227,51
ZNF229,155
ZNF23,38
ZNF230,30
ZNF232,33
ZNF233,67
ZNF234,11
ZNF235,2
ZNF239,137
ZNF24,197
ZNF248,24
ZNF25,143
ZNF250,76
ZNF251,58
ZNF253,139
ZNF256,45
ZNF257,157
ZNF26,95
ZNF260,5
ZNF263,159
ZNF264,45
ZNF266,25
ZNF267,32
ZNF268,95
ZNF273,194
ZNF276,78
ZNF28,45
ZNF280A,189
ZNF280B,144
ZNF280C,35
ZNF280D,28
ZNF281,197
ZNF282,97
ZNF283,23
ZNF284,139
ZNF285,52
ZNF286A,155
ZNF287,42
ZNF292,37
ZNF296,62
ZNF3,185
ZNF30,25
ZNF300,128
ZNF302,25
ZNF304,60
ZNF311,47
ZNF317,177
ZNF319,14
ZNF32,156
ZNF320,45
ZNF322,52
ZNF324,60
ZNF324B,60
ZNF326,48
ZNF329,60
ZNF331,29
ZNF333,180
ZNF334,9
ZNF335,13
ZNF337,127
ZNF33A,33
ZNF33B,33
ZNF34,60
ZNF343,26
ZNF345,32
ZNF346,74
ZNF347,32
ZNF35,191
ZNF350,145
ZNF354A,29
ZNF354B,29
ZNF354C,42
ZNF358,67
ZNF362,96
ZNF366,35
ZNF367,171
ZNF37A,33
ZNF382,47
ZNF383,28
ZNF384,199
ZNF385A,127
ZNF385B,67
ZNF385D,23
ZNF391,31
ZNF394,126
ZNF395,199
ZNF396,178
ZNF397,199
ZNF398,187
ZNF404,31
ZNF407,16
ZNF408,177
ZNF41,49
ZNF410,90
ZNF415,7
ZNF416,45
ZNF417,59
ZNF418,45
ZNF419,40
ZNF420,25
ZNF423,42
ZNF425,97
ZNF426,28
ZNF429,25
ZNF43,24
ZNF430,25
ZNF432,33
ZNF433,32
ZNF436,118
ZNF438,199
ZNF439,29
ZNF44,9
ZNF440,40
ZNF441,24
ZNF442,32
ZNF443,41
ZNF444,190
ZNF445,39
ZNF446,84
ZNF449,192
ZNF45,165
ZNF451,49
ZNF454,42
ZNF460,179
ZNF461,25
ZNF462,142
ZNF467,169
ZNF468,172
ZNF470,171
ZNF471,29
ZNF473,64
ZNF474,165
ZNF479,41
ZNF48,21
ZNF480,47
ZNF483,37
ZNF484,32
ZNF485,137
ZNF486,25
ZNF488,137
ZNF490,33
ZNF491,1
ZNF492,25
ZNF493,25
ZNF496,60
ZNF497,179
ZNF500,139
ZNF501,28
ZNF502,32
ZNF503,196
ZNF506,194
ZNF507,5
ZNF510,24
ZNF512,199
ZNF512B,77
ZNF513,58
ZNF514,155
ZNF517,58
ZNF518B,29
ZNF519,155
ZNF521,191
ZNF524,179
ZNF526,198
ZNF527,25
ZNF528,45
ZNF529,25
ZNF530,45
ZNF532,168
ZNF534,45
ZNF536,21
ZNF540,30
ZNF541,21
ZNF543,45
ZNF544,60
ZNF546,145
ZNF547,45
ZNF548,45
ZNF549,45
ZNF550,193
ZNF551,44
ZNF552,45
ZNF554,96
ZNF555,96
ZNF556,8
ZNF557,29
ZNF558,3
ZNF559,194
ZNF560,32
ZNF561,38
ZNF562,11
ZNF563,32
ZNF564,24
ZNF565,46
ZNF566,25
ZNF567,31
ZNF568,25
ZNF569,25
ZNF57,47
ZNF570,44
ZNF571,30
ZNF572,131
ZNF573,1
ZNF574,84
ZNF575,169
ZNF576,68
ZNF577,184
ZNF578,45
ZNF579,58
ZNF580,54
ZNF581,179
ZNF582,44
ZNF583,45
ZNF584,74
ZNF585A,31
ZNF585B,25
ZNF586,45
ZNF587,59
ZNF587B,45
ZNF589,172
ZNF592,116
ZNF593,136
ZNF594,23
ZNF596,141
ZNF597,24
ZNF599,120
ZNF600,39
ZNF605,96
ZNF606,45
ZNF607,25
ZNF608,199
ZNF609,89
ZNF610,45
ZNF611,197
ZNF613,23
ZNF614,45
ZNF615,33
ZNF616,45
ZNF618,167
ZNF619,34
ZNF620,29
ZNF621,192
ZNF623,58
ZNF624,42
ZNF625,143
ZNF627,143
ZNF628,58
ZNF629,53
ZNF630,190
ZNF638,150
ZNF639,36
ZNF641,34
ZNF644,114
ZNF646,133
ZNF648,142
ZNF649,70
ZNF652,145
ZNF653,132
ZNF654,23
ZNF655,182
ZNF658,66
ZNF660,31
ZNF662,66
ZNF664,95
ZNF665,32
ZNF667,45
ZNF668,170
ZNF669,95
ZNF670,11
ZNF671,67
ZNF672,78
ZNF674,184
ZNF675,25
ZNF677,29
ZNF679,143
ZNF680,26
ZNF681,25
ZNF682,25
ZNF683,61
ZNF684,128
ZNF687,129
ZNF688,133
ZNF689,35
ZNF69,155
ZNF691,136
ZNF692,78
ZNF695,96
ZNF696,76
ZNF697,174
ZNF699,33
ZNF7,78
ZNF70,191
ZNF700,37
ZNF701,45
ZNF703,188
ZNF704,166
ZNF705B,185
ZNF705G,198
ZNF707,58
ZNF708,9
ZNF709,47
ZNF71,139
ZNF710,85
ZNF711,24
ZNF713,44
ZNF714,25
ZNF721,11
ZNF726,44
ZNF727,29
ZNF728,29
ZNF729,11
ZNF730,25
ZNF736,143
ZNF737,25
ZNF74,163
ZNF740,31
ZNF746,61
ZNF747,94
ZNF749,45
ZNF750,73
ZNF75A,23
ZNF75D,1
ZNF76,16
ZNF763,191
ZNF764,55
ZNF765,45
ZNF766,45
ZNF768,5
ZNF77,4
ZNF770,11
ZNF771,178
ZNF772,27
ZNF773,45
ZNF774,60
ZNF775,168
ZNF776,45
ZNF777,97
ZNF778,39
ZNF780A,48
ZNF780B,25
ZNF782,24
ZNF783,97
ZNF784,190
ZNF785,133
ZNF786,97
ZNF787,64
ZNF789,126
ZNF79,50
ZNF790,28
ZNF791,42
ZNF792,120
ZNF793,120
ZNF799,40
ZNF8,60
ZNF80,127
ZNF804A,49
ZNF804B,11
ZNF805,45
ZNF808,45
ZNF81,24
ZNF813,62
ZNF814,32
ZNF816,6
ZNF821,182
ZNF823,28
ZNF827,54
ZNF829,41
ZNF83,31
ZNF831,58
ZNF835,177
ZNF836,38
ZNF837,66
ZNF84,78
ZNF841,45
ZNF844,30
ZNF845,8
ZNF846,2
ZNF850,42
ZNF853,166
ZNF860,60
ZNF862,97
ZNF865,58
ZNF875,25
ZNF878,155
ZNF879,141
ZNF880,47
ZNF891,78
ZNF90,25
ZNF91,25
ZNF92,49
ZNF93,25
ZNF98,25
ZNF99,32
ZNFX1,62
ZNG1A,11
ZNG1B,14
ZNRF1,166
ZNRF2,26
ZNRF3,90
ZNRF4,16
ZP1,188
ZP2,144
ZP3,126
ZP4,58
ZPBP,30
ZPBP2,24
ZPLD1,24
ZRANB3,128
ZRSR2,37
ZSCAN1,45
ZSCAN10,20
ZSCAN16,48
ZSCAN18,45
ZSCAN2,181
ZSCAN20,36
ZSCAN21,126
ZSCAN22,193
ZSCAN23,31
ZSCAN25,126
ZSCAN29,37
ZSCAN30,66
ZSCAN31,155
ZSCAN32,3
ZSCAN4,45
ZSCAN5A,98
ZSCAN9,39
ZSWIM1,164
ZSWIM3,20
ZSWIM4,21
ZSWIM5,177
ZSWIM6,88
ZSWIM8,68
ZUP1,157
ZXDA,69
ZXDB,48
ZXDC,166
ZYG11A,22
ZYG11B,21
ZYX,191
