{
  "A graph_walk only": {
    "mean": 0.6437694982049337,
    "std": 0.0029212344640629057
  },
  "B graph + clinical": {
    "mean": 0.6606559827947496,
    "std": 0.0035753809036862204
  },
  "C graph + channel_feats": {
    "mean": 0.6583002428365342,
    "std": 0.0037950158946434154
  },
  "D graph + ch + tier": {
    "mean": 0.6584099380799223,
    "std": 0.003977648078255043
  },
  "E graph + ch + tier + clin": {
    "mean": 0.6672868862980791,
    "std": 0.003914558826379132
  },
  "F ch + tier + clin (no graph)": {
    "mean": 0.624244717219826,
    "std": 0.004726593464966037
  }
}