gene,channel,species,divergence_mya,has_ortholog,ortholog_type,target_gene,target_symbol,identity,source_identity
CCND1,CellCycle,saccharomyces_cerevisiae,1000,True,ortholog_many2many,YGR109C,YGR109C,15.2632,19.661
CCND1,CellCycle,drosophila_melanogaster,600,True,ortholog_many2many,FBgn0010315,FBpp0289622,23.6897,38.3051
CCND1,CellCycle,caenorhabditis_elegans,600,True,ortholog_many2many,WBGene00000864,F59H6.7.1,23.5772,9.83051
CCND1,CellCycle,danio_rerio,450,True,ortholog_one2one,ENSDARG00000101637,ENSDARP00000140550,76.6323,75.5932
CCND1,CellCycle,xenopus_tropicalis,350,True,ortholog_one2one,ENSXETG00000045695,ENSXETP00000103153,79.0378,77.9661
CCND1,CellCycle,gallus_gallus,300,True,ortholog_one2one,ENSGALG00010025419,ENSGALP00010038337,77.2036,86.1017
CCND1,CellCycle,monodelphis_domestica,180,True,ortholog_one2many,ENSMODG00000038046,ENSMODP00000049050,86.5672,19.661
CCND1,CellCycle,mus_musculus,90,True,ortholog_one2one,ENSMUSG00000070348,ENSMUSP00000091495,93.8983,93.8983
CCND1,CellCycle,canis_lupus_familiaris,85,True,ortholog_one2one,ENSCAFG00845015348,ENSCAFP00845021554,58.2463,94.5763
CCND1,CellCycle,homo_sapiens,0,True,self,CCND1,,100.0,0
CCNE1,CellCycle,saccharomyces_cerevisiae,1000,True,ortholog_many2many,YGR109C,YGR109C,17.1053,15.8537
CCNE1,CellCycle,drosophila_melanogaster,600,True,ortholog_many2many,FBgn0010382,FBpp0294012,24.4382,42.439
CCNE1,CellCycle,caenorhabditis_elegans,600,True,ortholog_many2many,WBGene00000866,Y43E12A.1.1,23.6593,18.2927
CCNE1,CellCycle,danio_rerio,450,True,ortholog_one2one,ENSDARG00000098622,ENSDARP00000141259,58.0488,58.0488
CCNE1,CellCycle,xenopus_tropicalis,350,True,ortholog_one2one,ENSXETG00000012929,ENSXETP00000028300,60.2941,60
CCNE1,CellCycle,gallus_gallus,300,True,ortholog_one2one,ENSGALG00010024008,ENSGALP00010035531,67.8899,72.1951
CCNE1,CellCycle,monodelphis_domestica,180,True,ortholog_one2one,ENSMODG00000012680,ENSMODP00000057168,35.5191,63.4146
CCNE1,CellCycle,mus_musculus,90,True,ortholog_one2one,ENSMUSG00000002068,ENSMUSP00000103658,79.1667,78.7805
CCNE1,CellCycle,canis_lupus_familiaris,85,True,ortholog_one2one,ENSCAFG00845001129,ENSCAFP00845001515,85.3659,85.3659
CCNE1,CellCycle,homo_sapiens,0,True,self,CCNE1,,100.0,0
CDK4,CellCycle,saccharomyces_cerevisiae,1000,False,none,,,0,0
CDK4,CellCycle,drosophila_melanogaster,600,False,none,,,0,0
CDK4,CellCycle,caenorhabditis_elegans,600,False,none,,,0,0
CDK4,CellCycle,danio_rerio,450,True,ortholog_one2one,ENSDARG00000087937,ENSDARP00000087219,71.3805,69.967
CDK4,CellCycle,xenopus_tropicalis,350,True,ortholog_one2one,ENSXETG00000035239,ENSXETP00000063005,71.1599,74.9175
CDK4,CellCycle,gallus_gallus,300,False,none,,,0,0
CDK4,CellCycle,monodelphis_domestica,180,False,none,,,0,0
CDK4,CellCycle,mus_musculus,90,True,ortholog_one2one,ENSMUSG00000006728,ENSMUSP00000006911,94.7195,94.7195
CDK4,CellCycle,canis_lupus_familiaris,85,True,ortholog_one2one,ENSCAFG00845009098,ENSCAFP00845012474,87.6238,58.4158
CDK4,CellCycle,homo_sapiens,0,True,self,CDK4,,100.0,0
CDK6,CellCycle,saccharomyces_cerevisiae,1000,False,none,,,0,0
CDK6,CellCycle,drosophila_melanogaster,600,False,none,,,0,0
CDK6,CellCycle,caenorhabditis_elegans,600,False,none,,,0,0
CDK6,CellCycle,danio_rerio,450,True,ortholog_one2one,ENSDARG00000070228,ENSDARP00000126132,79.6296,79.1411
CDK6,CellCycle,xenopus_tropicalis,350,True,ortholog_one2one,ENSXETG00000018529,ENSXETP00000040108,84.6847,86.5031
CDK6,CellCycle,gallus_gallus,300,True,ortholog_one2one,ENSGALG00010005004,ENSGALP00010006583,91.1043,91.1043
CDK6,CellCycle,monodelphis_domestica,180,True,ortholog_one2one,ENSMODG00000010772,ENSMODP00000048851,70.7692,84.6626
CDK6,CellCycle,mus_musculus,90,True,ortholog_one2one,ENSMUSG00000040274,ENSMUSP00000126024,96.319,96.319
CDK6,CellCycle,canis_lupus_familiaris,85,True,ortholog_one2one,ENSCAFG00845013226,ENSCAFP00845018501,98.1595,98.1595
CDK6,CellCycle,homo_sapiens,0,True,self,CDK6,,100.0,0
CDKN1A,CellCycle,saccharomyces_cerevisiae,1000,False,none,,,0,0
CDKN1A,CellCycle,drosophila_melanogaster,600,True,ortholog_one2one,FBgn0037611,FBpp0307997,24.026,30.0813
CDKN1A,CellCycle,caenorhabditis_elegans,600,False,none,,,0,0
CDKN1A,CellCycle,danio_rerio,450,True,ortholog_one2one,ENSDARG00000076554,ENSDARP00000114199,31.1688,29.2683
CDKN1A,CellCycle,xenopus_tropicalis,350,True,ortholog_one2one,ENSXETG00000024887,ENSXETP00000098441,29.5597,28.6585
CDKN1A,CellCycle,gallus_gallus,300,True,ortholog_one2one,ENSGALG00010025613,ENSGALP00010038658,27.6995,35.9756
CDKN1A,CellCycle,monodelphis_domestica,180,True,ortholog_one2one,ENSMODG00000013527,ENSMODP00000016922,65.8537,65.8537
CDKN1A,CellCycle,mus_musculus,90,True,ortholog_one2one,ENSMUSG00000023067,ENSMUSP00000156559,79.2453,76.8293
CDKN1A,CellCycle,canis_lupus_familiaris,85,True,ortholog_one2one,ENSCAFG00845010320,ENSCAFP00845014150,28.2192,83.7398
CDKN1A,CellCycle,homo_sapiens,0,True,self,CDKN1A,,100.0,0
CDKN1B,CellCycle,saccharomyces_cerevisiae,1000,False,none,,,0,0
CDKN1B,CellCycle,drosophila_melanogaster,600,False,none,,,0,0
CDKN1B,CellCycle,caenorhabditis_elegans,600,False,none,,,0,0
CDKN1B,CellCycle,danio_rerio,450,True,ortholog_one2many,ENSDARG00000054271,ENSDARP00000070891,42.4581,38.3838
CDKN1B,CellCycle,xenopus_tropicalis,350,False,none,,,0,0
CDKN1B,CellCycle,gallus_gallus,300,True,ortholog_one2one,ENSGALG00010021960,ENSGALP00010032184,54.1833,68.6869
CDKN1B,CellCycle,monodelphis_domestica,180,True,ortholog_one2one,ENSMODG00000018225,ENSMODP00000022723,71.3568,71.7172
CDKN1B,CellCycle,mus_musculus,90,True,ortholog_one2one,ENSMUSG00000003031,ENSMUSP00000065832,87.3096,86.8687
CDKN1B,CellCycle,canis_lupus_familiaris,85,True,ortholog_one2one,ENSCAFG00845023770,ENSCAFP00845032915,93.4343,93.4343
CDKN1B,CellCycle,homo_sapiens,0,True,self,CDKN1B,,100.0,0
CDKN2A,CellCycle,saccharomyces_cerevisiae,1000,False,none,,,0,0
CDKN2A,CellCycle,drosophila_melanogaster,600,False,none,,,0,0
CDKN2A,CellCycle,caenorhabditis_elegans,600,False,none,,,0,0
CDKN2A,CellCycle,danio_rerio,450,False,none,,,0,0
CDKN2A,CellCycle,xenopus_tropicalis,350,True,ortholog_one2one,ENSXETG00000005465,ENSXETP00000012023,50.4,40.3846
CDKN2A,CellCycle,gallus_gallus,300,True,ortholog_one2one,ENSGALG00010001144,ENSGALP00010001152,56.1151,50
CDKN2A,CellCycle,monodelphis_domestica,180,False,none,,,0,0
CDKN2A,CellCycle,mus_musculus,90,True,ortholog_one2one,ENSMUSG00000044303,ENSMUSP00000061847,57.7381,62.1795
CDKN2A,CellCycle,canis_lupus_familiaris,85,False,none,,,0,0
CDKN2A,CellCycle,homo_sapiens,0,True,self,CDKN2A,,100.0,0
CDKN2B,CellCycle,saccharomyces_cerevisiae,1000,False,none,,,0,0
CDKN2B,CellCycle,drosophila_melanogaster,600,False,none,,,0,0
CDKN2B,CellCycle,caenorhabditis_elegans,600,False,none,,,0,0
CDKN2B,CellCycle,danio_rerio,450,False,none,,,0,0
CDKN2B,CellCycle,xenopus_tropicalis,350,False,none,,,0,0
CDKN2B,CellCycle,gallus_gallus,300,False,none,,,0,0
CDKN2B,CellCycle,monodelphis_domestica,180,True,ortholog_one2one,ENSMODG00000040122,ENSMODP00000046687,63.0435,63.0435
CDKN2B,CellCycle,mus_musculus,90,True,ortholog_one2one,ENSMUSG00000073802,ENSMUSP00000095595,86.9231,81.8841
CDKN2B,CellCycle,canis_lupus_familiaris,85,True,ortholog_one2one,ENSCAFG00845016466,ENSCAFP00845022974,63.8418,81.8841
CDKN2B,CellCycle,homo_sapiens,0,True,self,CDKN2B,,100.0,0
MDM2,CellCycle,saccharomyces_cerevisiae,1000,False,none,,,0,0
MDM2,CellCycle,drosophila_melanogaster,600,False,none,,,0,0
MDM2,CellCycle,caenorhabditis_elegans,600,False,none,,,0,0
MDM2,CellCycle,danio_rerio,450,True,ortholog_one2one,ENSDARG00000033443,ENSDARP00000072320,47.1579,45.0704
MDM2,CellCycle,xenopus_tropicalis,350,True,ortholog_one2one,ENSXETG00000001434,ENSXETP00000113763,35.2645,56.338
MDM2,CellCycle,gallus_gallus,300,True,ortholog_one2one,ENSGALG00010012683,ENSGALP00010017604,68.9441,67.002
MDM2,CellCycle,monodelphis_domestica,180,True,ortholog_one2one,ENSMODG00000007219,ENSMODP00000008947,76.4463,74.4467
MDM2,CellCycle,mus_musculus,90,True,ortholog_one2one,ENSMUSG00000020184,ENSMUSP00000020408,81.7996,80.4829
MDM2,CellCycle,canis_lupus_familiaris,85,True,ortholog_one2one,ENSCAFG00845016387,ENSCAFP00845022883,64.6199,88.9336
MDM2,CellCycle,homo_sapiens,0,True,self,MDM2,,100.0,0
MDM4,CellCycle,saccharomyces_cerevisiae,1000,False,none,,,0,0
MDM4,CellCycle,drosophila_melanogaster,600,False,none,,,0,0
MDM4,CellCycle,caenorhabditis_elegans,600,False,none,,,0,0
MDM4,CellCycle,danio_rerio,450,True,ortholog_one2one,ENSDARG00000057513,ENSDARP00000074651,48.7903,49.3878
MDM4,CellCycle,xenopus_tropicalis,350,True,ortholog_one2one,ENSXETG00000000035,ENSXETP00000000049,47.4227,46.9388
MDM4,CellCycle,gallus_gallus,300,True,ortholog_one2one,ENSGALG00010027229,ENSGALP00010040278,54.2805,60.8163
MDM4,CellCycle,monodelphis_domestica,180,True,ortholog_one2one,ENSMODG00000001605,ENSMODP00000001964,77.2541,76.9388
MDM4,CellCycle,mus_musculus,90,True,ortholog_one2one,ENSMUSG00000054387,ENSMUSP00000068661,84.0816,84.0816
MDM4,CellCycle,canis_lupus_familiaris,85,True,ortholog_one2one,ENSCAFG00845023369,ENSCAFP00845032370,93.4959,93.8775
MDM4,CellCycle,homo_sapiens,0,True,self,MDM4,,100.0,0
MYC,CellCycle,saccharomyces_cerevisiae,1000,False,none,,,0,0
MYC,CellCycle,drosophila_melanogaster,600,False,none,,,0,0
MYC,CellCycle,caenorhabditis_elegans,600,False,none,,,0,0
MYC,CellCycle,danio_rerio,450,True,ortholog_one2many,ENSDARG00000007241,ENSDARP00000010970,61.3636,53.5242
MYC,CellCycle,xenopus_tropicalis,350,True,ortholog_one2one,ENSXETG00000025372,ENSXETP00000105231,58.7473,59.9119
MYC,CellCycle,gallus_gallus,300,True,ortholog_one2one,ENSGALG00010007986,ENSGALP00010010581,69.2308,63.4361
MYC,CellCycle,monodelphis_domestica,180,True,ortholog_one2one,ENSMODG00000001735,ENSMODP00000002125,77.2414,74.0088
MYC,CellCycle,mus_musculus,90,True,ortholog_one2one,ENSMUSG00000022346,ENSMUSP00000022971,90.0881,90.0881
MYC,CellCycle,canis_lupus_familiaris,85,True,ortholog_one2one,ENSCAFG00845012475,ENSCAFP00845017481,92.2566,91.8502
MYC,CellCycle,homo_sapiens,0,True,self,MYC,,100.0,0
MYCN,CellCycle,saccharomyces_cerevisiae,1000,False,none,,,0,0
MYCN,CellCycle,drosophila_melanogaster,600,False,none,,,0,0
MYCN,CellCycle,caenorhabditis_elegans,600,False,none,,,0,0
MYCN,CellCycle,danio_rerio,450,True,ortholog_one2one,ENSDARG00000006837,ENSDARP00000026640,44.5328,48.2759
MYCN,CellCycle,xenopus_tropicalis,350,True,ortholog_one2one,ENSXETG00000015485,ENSXETP00000033800,57.9775,55.6034
MYCN,CellCycle,gallus_gallus,300,True,ortholog_one2one,ENSGALG00010003652,ENSGALP00010004966,67.5737,64.2241
MYCN,CellCycle,monodelphis_domestica,180,False,none,,,0,0
MYCN,CellCycle,mus_musculus,90,True,ortholog_one2many,ENSMUSG00000037169,ENSMUSP00000045993,84.8485,84.4828
MYCN,CellCycle,canis_lupus_familiaris,85,True,ortholog_one2one,ENSCAFG00845016124,ENSCAFP00845022573,89.9787,90.9483
MYCN,CellCycle,homo_sapiens,0,True,self,MYCN,,100.0,0
RB1,CellCycle,saccharomyces_cerevisiae,1000,False,none,,,0,0
RB1,CellCycle,drosophila_melanogaster,600,True,ortholog_many2many,FBgn0015799,FBpp0070141,21.0651,19.181
RB1,CellCycle,caenorhabditis_elegans,600,True,ortholog_one2many,WBGene00003020,C32F10.2.1,17.4818,18.1034
RB1,CellCycle,danio_rerio,450,True,ortholog_one2one,ENSDARG00000006782,ENSDARP00000021737,54.5958,53.125
RB1,CellCycle,xenopus_tropicalis,350,True,ortholog_one2one,ENSXETG00000031493,ENSXETP00000066108,60.5993,58.8362
RB1,CellCycle,gallus_gallus,300,True,ortholog_one2one,ENSGALG00010003900,ENSGALP00010005343,68.8008,72.9526
RB1,CellCycle,monodelphis_domestica,180,True,ortholog_one2one,ENSMODG00000011168,ENSMODP00000013976,81.857,82.6509
RB1,CellCycle,mus_musculus,90,True,ortholog_one2one,ENSMUSG00000022105,ENSMUSP00000022701,91.2052,90.5172
RB1,CellCycle,canis_lupus_familiaris,85,True,ortholog_one2one,ENSCAFG00845025645,ENSCAFP00845036721,91.5164,92.9957
RB1,CellCycle,homo_sapiens,0,True,self,RB1,,100.0,0
TP53,CellCycle,saccharomyces_cerevisiae,1000,False,none,,,0,0
TP53,CellCycle,drosophila_melanogaster,600,True,ortholog_one2many,FBgn0039044,FBpp0083753,15.1515,19.084
TP53,CellCycle,caenorhabditis_elegans,600,False,none,,,0,0
TP53,CellCycle,danio_rerio,450,True,ortholog_one2one,ENSDARG00000035559,ENSDARP00000116736,50.9485,47.8372
TP53,CellCycle,xenopus_tropicalis,350,True,ortholog_one2one,ENSXETG00000025055,ENSXETP00000053759,51.9337,47.8372
TP53,CellCycle,gallus_gallus,300,True,ortholog_one2one,ENSGALG00010000434,ENSGALP00010000467,59.4872,29.5165
TP53,CellCycle,monodelphis_domestica,180,False,none,,,0,0
TP53,CellCycle,mus_musculus,90,True,ortholog_one2one,ENSMUSG00000059552,ENSMUSP00000104298,77.9487,77.3537
TP53,CellCycle,canis_lupus_familiaris,85,True,ortholog_one2one,ENSCAFG00845024647,ENSCAFP00845034138,83.2021,80.6616
TP53,CellCycle,homo_sapiens,0,True,self,TP53,,100.0,0
ANKRD11,ChromatinRemodel,saccharomyces_cerevisiae,1000,False,none,,,0,0
ANKRD11,ChromatinRemodel,drosophila_melanogaster,600,False,none,,,0,0
ANKRD11,ChromatinRemodel,caenorhabditis_elegans,600,False,none,,,0,0
ANKRD11,ChromatinRemodel,danio_rerio,450,True,ortholog_one2one,ENSDARG00000051886,ENSDARP00000068084,49.3617,52.2719
ANKRD11,ChromatinRemodel,xenopus_tropicalis,350,True,ortholog_one2one,ENSXETG00000011277,ENSXETP00000099602,57.117,59.2189
ANKRD11,ChromatinRemodel,gallus_gallus,300,True,ortholog_one2one,ENSGALG00010007975,ENSGALP00010010567,67.0678,69.0575
ANKRD11,ChromatinRemodel,monodelphis_domestica,180,True,ortholog_one2one,ENSMODG00000003740,ENSMODP00000052688,72.1955,73.2257
ANKRD11,ChromatinRemodel,mus_musculus,90,True,ortholog_one2one,ENSMUSG00000035569,ENSMUSP00000095938,78.5285,78.558
ANKRD11,ChromatinRemodel,canis_lupus_familiaris,85,True,ortholog_one2one,ENSCAFG00845002586,ENSCAFP00845003656,79.9544,79.0837
ANKRD11,ChromatinRemodel,homo_sapiens,0,True,self,ANKRD11,,100.0,0
ARID1A,ChromatinRemodel,saccharomyces_cerevisiae,1000,False,none,,,0,0
ARID1A,ChromatinRemodel,drosophila_melanogaster,600,True,ortholog_one2many,FBgn0261885,FBpp0088543,24.3741,28.9716
ARID1A,ChromatinRemodel,caenorhabditis_elegans,600,True,ortholog_one2many,WBGene00002717,C01G8.9c.1,24.7738,19.1685
ARID1A,ChromatinRemodel,danio_rerio,450,True,ortholog_one2many,ENSDARG00000101891,ENSDARP00000137640,61.8277,56.849
ARID1A,ChromatinRemodel,xenopus_tropicalis,350,True,ortholog_one2many,ENSXETG00000044298,ENSXETP00000104461,90.4762,9.14661
ARID1A,ChromatinRemodel,gallus_gallus,300,True,ortholog_one2one,ENSGALG00010014301,ENSGALP00010020238,84.8924,84.5952
ARID1A,ChromatinRemodel,monodelphis_domestica,180,True,ortholog_one2one,ENSMODG00000014380,ENSMODP00000017981,91.6335,80.5252
ARID1A,ChromatinRemodel,mus_musculus,90,True,ortholog_one2one,ENSMUSG00000007880,ENSMUSP00000122354,96.2833,96.3676
ARID1A,ChromatinRemodel,canis_lupus_familiaris,85,True,ortholog_one2one,ENSCAFG00845011619,ENSCAFP00845016201,98.0298,97.9869
ARID1A,ChromatinRemodel,homo_sapiens,0,True,self,ARID1A,,100.0,0
ARID1B,ChromatinRemodel,saccharomyces_cerevisiae,1000,False,none,,,0,0
ARID1B,ChromatinRemodel,drosophila_melanogaster,600,True,ortholog_one2many,FBgn0261885,FBpp0088543,23.6745,27.1079
ARID1B,ChromatinRemodel,caenorhabditis_elegans,600,True,ortholog_one2many,WBGene00002717,C01G8.9c.1,25,18.6341
ARID1B,ChromatinRemodel,danio_rerio,450,True,ortholog_one2one,ENSDARG00000092503,ENSDARP00000139784,56.9274,50.9275
ARID1B,ChromatinRemodel,xenopus_tropicalis,350,True,ortholog_one2one,ENSXETG00000011226,ENSXETP00000096568,70.9567,69.7302
ARID1B,ChromatinRemodel,gallus_gallus,300,True,ortholog_one2one,ENSGALG00010004101,ENSGALP00010005617,84.6851,82.7572
ARID1B,ChromatinRemodel,monodelphis_domestica,180,True,ortholog_one2one,ENSMODG00000008068,ENSMODP00000046744,86.7612,77.3609
ARID1B,ChromatinRemodel,mus_musculus,90,True,ortholog_one2one,ENSMUSG00000069729,ENSMUSP00000156119,92.5958,89.629
ARID1B,ChromatinRemodel,canis_lupus_familiaris,85,True,ortholog_one2one,ENSCAFG00845000636,ENSCAFP00845000811,90.868,93.1282
ARID1B,ChromatinRemodel,homo_sapiens,0,True,self,ARID1B,,100.0,0
ARID2,ChromatinRemodel,saccharomyces_cerevisiae,1000,False,none,,,0,0
ARID2,ChromatinRemodel,drosophila_melanogaster,600,True,ortholog_one2one,FBgn0042085,FBpp0085442,26.0664,23.9782
ARID2,ChromatinRemodel,caenorhabditis_elegans,600,True,ortholog_one2one,WBGene00007433,C08B11.3a.1,26.6077,18.0381
ARID2,ChromatinRemodel,danio_rerio,450,True,ortholog_one2one,ENSDARG00000007413,ENSDARP00000011701,61.8321,52.97
ARID2,ChromatinRemodel,xenopus_tropicalis,350,True,ortholog_one2one,ENSXETG00000014656,ENSXETP00000032105,76.2202,73.188
ARID2,ChromatinRemodel,gallus_gallus,300,True,ortholog_one2one,ENSGALG00010013878,ENSGALP00010019654,82.7147,85.0136
ARID2,ChromatinRemodel,monodelphis_domestica,180,True,ortholog_one2one,ENSMODG00000018527,ENSMODP00000058088,90.3595,90.4087
ARID2,ChromatinRemodel,mus_musculus,90,True,ortholog_one2one,ENSMUSG00000033237,ENSMUSP00000093969,92.3961,92.0436
ARID2,ChromatinRemodel,canis_lupus_familiaris,85,True,ortholog_one2one,ENSCAFG00845028008,ENSCAFP00845038801,94.6638,96.6758
ARID2,ChromatinRemodel,homo_sapiens,0,True,self,ARID2,,100.0,0
BCOR,ChromatinRemodel,saccharomyces_cerevisiae,1000,False,none,,,0,0
BCOR,ChromatinRemodel,drosophila_melanogaster,600,True,ortholog_one2many,FBgn0036814,FBpp0074851,13.7365,16.6952
BCOR,ChromatinRemodel,caenorhabditis_elegans,600,False,none,,,0,0
BCOR,ChromatinRemodel,danio_rerio,450,True,ortholog_one2one,ENSDARG00000017798,ENSDARP00000092882,38.0846,38.9744
BCOR,ChromatinRemodel,xenopus_tropicalis,350,True,ortholog_one2one,ENSXETG00000015528,ENSXETP00000033902,53.9419,51.8519
BCOR,ChromatinRemodel,gallus_gallus,300,True,ortholog_one2one,ENSGALG00010002571,ENSGALP00010003695,69.7555,69.9145
BCOR,ChromatinRemodel,monodelphis_domestica,180,True,ortholog_one2one,ENSMODG00000021102,ENSMODP00000026383,77.1196,75.6695
BCOR,ChromatinRemodel,mus_musculus,90,True,ortholog_one2one,ENSMUSG00000040363,ENSMUSP00000111175,88.7436,88.9459
BCOR,ChromatinRemodel,canis_lupus_familiaris,85,True,ortholog_one2many,ENSCAFG00845026046,ENSCAFP00845036448,92.8328,92.9915
BCOR,ChromatinRemodel,homo_sapiens,0,True,self,BCOR,,100.0,0
CREBBP,ChromatinRemodel,saccharomyces_cerevisiae,1000,False,none,,,0,0
CREBBP,ChromatinRemodel,drosophila_melanogaster,600,True,ortholog_one2many,FBgn0261617,FBpp0291862,32.1755,43.2432
CREBBP,ChromatinRemodel,caenorhabditis_elegans,600,True,ortholog_many2many,WBGene00010545,K03H1.10.2,43.7888,5.77396
CREBBP,ChromatinRemodel,danio_rerio,450,True,ortholog_one2many,ENSDARG00000104609,ENSDARP00000135614,67.8161,65.2334
CREBBP,ChromatinRemodel,xenopus_tropicalis,350,True,ortholog_one2one,ENSXETG00000010317,ENSXETP00000022709,77.0876,76.7404
CREBBP,ChromatinRemodel,gallus_gallus,300,True,ortholog_one2one,ENSGALG00010016508,ENSGALP00010023019,87.945,89.0254
CREBBP,ChromatinRemodel,monodelphis_domestica,180,True,ortholog_one2one,ENSMODG00000016396,ENSMODP00000020486,90.0651,90.5815
CREBBP,ChromatinRemodel,mus_musculus,90,True,ortholog_one2one,ENSMUSG00000022521,ENSMUSP00000023165,95.9033,95.864
CREBBP,ChromatinRemodel,canis_lupus_familiaris,85,True,ortholog_one2one,ENSCAFG00845001617,ENSCAFP00845002277,95.4097,91.0729
CREBBP,ChromatinRemodel,homo_sapiens,0,True,self,CREBBP,,100.0,0
EP300,ChromatinRemodel,saccharomyces_cerevisiae,1000,False,none,,,0,0
EP300,ChromatinRemodel,drosophila_melanogaster,600,True,ortholog_one2many,FBgn0261617,FBpp0291862,32.1755,43.7448
EP300,ChromatinRemodel,caenorhabditis_elegans,600,True,ortholog_many2many,WBGene00010545,K03H1.10.2,43.7888,5.84093
EP300,ChromatinRemodel,danio_rerio,450,True,ortholog_one2many,ENSDARG00000061108,ENSDARP00000129212,57.1319,61.889
EP300,ChromatinRemodel,xenopus_tropicalis,350,True,ortholog_one2one,ENSXETG00000022974,ENSXETP00000049703,72.9535,75.3107
EP300,ChromatinRemodel,gallus_gallus,300,True,ortholog_one2one,ENSGALG00010012865,ENSGALP00010017904,84.5714,85.8326
EP300,ChromatinRemodel,monodelphis_domestica,180,True,ortholog_one2one,ENSMODG00000013073,ENSMODP00000037998,82.9258,84.2999
EP300,ChromatinRemodel,mus_musculus,90,True,ortholog_one2one,ENSMUSG00000055024,ENSMUSP00000066789,93.9884,93.9105
EP300,ChromatinRemodel,canis_lupus_familiaris,85,True,ortholog_one2one,ENSCAFG00845018383,ENSCAFP00845025456,95.9259,96.5617
EP300,ChromatinRemodel,homo_sapiens,0,True,self,EP300,,100.0,0
H3C7,ChromatinRemodel,saccharomyces_cerevisiae,1000,False,none,,,0,0
H3C7,ChromatinRemodel,drosophila_melanogaster,600,True,ortholog_one2many,FBgn0053812,FBpp0091058,99.2647,99.2647
H3C7,ChromatinRemodel,caenorhabditis_elegans,600,True,ortholog_many2many,WBGene00001880,F45F2.13.1,97.0588,97.0588
H3C7,ChromatinRemodel,danio_rerio,450,True,ortholog_many2many,ENSDARG00000110909,ENSDARP00000154015,98.5294,98.5294
H3C7,ChromatinRemodel,xenopus_tropicalis,350,False,none,,,0,0
H3C7,ChromatinRemodel,gallus_gallus,300,True,ortholog_one2many,ENSGALG00010013592,ENSGALP00010019354,99.2647,99.2647
H3C7,ChromatinRemodel,monodelphis_domestica,180,False,none,,,0,0
H3C7,ChromatinRemodel,mus_musculus,90,False,none,,,0,0
H3C7,ChromatinRemodel,canis_lupus_familiaris,85,False,none,,,0,0
H3C7,ChromatinRemodel,homo_sapiens,0,True,self,H3C7,,100.0,0
KDM6A,ChromatinRemodel,saccharomyces_cerevisiae,1000,True,ortholog_one2many,YBR112C,YBR112C,25.2588,16.7928
KDM6A,ChromatinRemodel,drosophila_melanogaster,600,True,ortholog_one2many,FBgn0260749,FBpp0079664,47.4472,37.0957
KDM6A,ChromatinRemodel,caenorhabditis_elegans,600,True,ortholog_many2many,WBGene00017046,D2021.1a.1,34.4677,27.1851
KDM6A,ChromatinRemodel,danio_rerio,450,True,ortholog_one2many,ENSDARG00000061759,ENSDARP00000116325,77.8417,74.4666
KDM6A,ChromatinRemodel,xenopus_tropicalis,350,True,ortholog_one2many,ENSXETG00000004822,ENSXETP00000083263,88.3162,88.4377
KDM6A,ChromatinRemodel,gallus_gallus,300,True,ortholog_one2many,ENSGALG00010011421,ENSGALP00010015581,93.2285,93.8059
KDM6A,ChromatinRemodel,monodelphis_domestica,180,True,ortholog_one2many,ENSMODG00000021087,ENSMODP00000052354,95.3168,95.2512
KDM6A,ChromatinRemodel,mus_musculus,90,True,ortholog_one2one,ENSMUSG00000037369,ENSMUSP00000045862,97.359,93.8747
KDM6A,ChromatinRemodel,canis_lupus_familiaris,85,True,ortholog_one2one,ENSCAFG00845028572,ENSCAFP00845039849,99.0365,99.0365
KDM6A,ChromatinRemodel,homo_sapiens,0,True,self,KDM6A,,100.0,0
KMT2A,ChromatinRemodel,saccharomyces_cerevisiae,1000,False,none,,,0,0
KMT2A,ChromatinRemodel,drosophila_melanogaster,600,True,ortholog_many2many,FBgn0037841,FBpp0112128,21.9331,1.4854
KMT2A,ChromatinRemodel,caenorhabditis_elegans,600,True,ortholog_many2many,WBGene00018023,F34D6.4.1,23.0216,1.61128
KMT2A,ChromatinRemodel,danio_rerio,450,False,none,,,0,0
KMT2A,ChromatinRemodel,xenopus_tropicalis,350,True,ortholog_one2one,ENSXETG00000010087,ENSXETP00000106433,63.5655,61.5811
KMT2A,ChromatinRemodel,gallus_gallus,300,True,ortholog_one2one,ENSGALG00010024242,ENSGALP00010036102,80.8719,77.0645
KMT2A,ChromatinRemodel,monodelphis_domestica,180,True,ortholog_one2one,ENSMODG00000013474,ENSMODP00000016853,87.3236,84.1138
KMT2A,ChromatinRemodel,mus_musculus,90,True,ortholog_one2one,ENSMUSG00000002028,ENSMUSP00000110337,91.2254,91.0876
KMT2A,ChromatinRemodel,canis_lupus_familiaris,85,True,ortholog_one2one,ENSCAFG00845002141,ENSCAFP00845003195,95.4948,94.9899
KMT2A,ChromatinRemodel,homo_sapiens,0,True,self,KMT2A,,100.0,0
KMT2B,ChromatinRemodel,saccharomyces_cerevisiae,1000,True,ortholog_one2many,YHR119W,YHR119W,9.07407,3.60958
KMT2B,ChromatinRemodel,drosophila_melanogaster,600,True,ortholog_many2many,FBgn0037841,FBpp0112128,21.1896,2.09945
KMT2B,ChromatinRemodel,caenorhabditis_elegans,600,True,ortholog_many2many,WBGene00018023,F34D6.4.1,22.3022,2.28361
KMT2B,ChromatinRemodel,danio_rerio,450,False,none,,,0,0
KMT2B,ChromatinRemodel,xenopus_tropicalis,350,False,none,,,0,0
KMT2B,ChromatinRemodel,gallus_gallus,300,False,none,,,0,0
KMT2B,ChromatinRemodel,monodelphis_domestica,180,True,ortholog_one2many,ENSMODG00000041612,ENSMODP00000050465,99.1379,4.23573
KMT2B,ChromatinRemodel,mus_musculus,90,True,ortholog_one2one,ENSMUSG00000006307,ENSMUSP00000006470,90.4447,90.6446
KMT2B,ChromatinRemodel,canis_lupus_familiaris,85,True,ortholog_one2one,ENSCAFG00845001587,ENSCAFP00845002323,91.9361,93.2228
KMT2B,ChromatinRemodel,homo_sapiens,0,True,self,KMT2B,,100.0,0
KMT2C,ChromatinRemodel,saccharomyces_cerevisiae,1000,False,none,,,0,0
KMT2C,ChromatinRemodel,drosophila_melanogaster,600,True,ortholog_many2many,FBgn0023518,FBpp0070347,29.165,14.437
KMT2C,ChromatinRemodel,caenorhabditis_elegans,600,True,ortholog_many2many,WBGene00011729,T12D8.1.1,28.6869,14.4573
KMT2C,ChromatinRemodel,danio_rerio,450,True,ortholog_one2many,ENSDARG00000079312,ENSDARP00000115827,51.6579,52.0261
KMT2C,ChromatinRemodel,xenopus_tropicalis,350,True,ortholog_one2one,ENSXETG00000009730,ENSXETP00000109285,59.5327,61.739
KMT2C,ChromatinRemodel,gallus_gallus,300,True,ortholog_one2one,ENSGALG00010027147,ENSGALP00010040079,73.006,74.1804
KMT2C,ChromatinRemodel,monodelphis_domestica,180,True,ortholog_one2one,ENSMODG00000004731,ENSMODP00000005827,98.2759,2.32132
KMT2C,ChromatinRemodel,mus_musculus,90,True,ortholog_one2one,ENSMUSG00000038056,ENSMUSP00000043874,85.3589,85.2372
KMT2C,ChromatinRemodel,canis_lupus_familiaris,85,False,none,,,0,0
KMT2C,ChromatinRemodel,homo_sapiens,0,True,self,KMT2C,,100.0,0
KMT2D,ChromatinRemodel,saccharomyces_cerevisiae,1000,False,none,,,0,0
KMT2D,ChromatinRemodel,drosophila_melanogaster,600,True,ortholog_many2many,FBgn0023518,FBpp0070347,25.6684,11.2696
KMT2D,ChromatinRemodel,caenorhabditis_elegans,600,True,ortholog_many2many,WBGene00011729,T12D8.1.1,26.2222,11.7211
KMT2D,ChromatinRemodel,danio_rerio,450,True,ortholog_one2one,ENSDARG00000037060,ENSDARP00000053862,45.3534,27.235
KMT2D,ChromatinRemodel,xenopus_tropicalis,350,False,none,,,0,0
KMT2D,ChromatinRemodel,gallus_gallus,300,True,ortholog_one2one,ENSGALG00010024660,ENSGALP00010036990,59.4927,57.6124
KMT2D,ChromatinRemodel,monodelphis_domestica,180,False,none,,,0,0
KMT2D,ChromatinRemodel,mus_musculus,90,True,ortholog_one2one,ENSMUSG00000048154,ENSMUSP00000023741,88.1711,88.9832
KMT2D,ChromatinRemodel,canis_lupus_familiaris,85,True,ortholog_one2one,ENSCAFG00845021787,ENSCAFP00845030553,91.5239,93.6066
KMT2D,ChromatinRemodel,homo_sapiens,0,True,self,KMT2D,,100.0,0
NSD1,ChromatinRemodel,saccharomyces_cerevisiae,1000,False,none,,,0,0
NSD1,ChromatinRemodel,drosophila_melanogaster,600,True,ortholog_many2many,FBgn0037841,FBpp0112128,21.9331,2.18843
NSD1,ChromatinRemodel,caenorhabditis_elegans,600,True,ortholog_many2many,WBGene00019584,K09F5.5.1,27.7635,4.00593
NSD1,ChromatinRemodel,danio_rerio,450,True,ortholog_one2many,ENSDARG00000060705,ENSDARP00000106822,40.8436,28.3754
NSD1,ChromatinRemodel,xenopus_tropicalis,350,True,ortholog_one2one,ENSXETG00000007233,ENSXETP00000071526,40.2863,36.5356
NSD1,ChromatinRemodel,gallus_gallus,300,True,ortholog_one2one,ENSGALG00010009567,ENSGALP00010013183,46.4122,48.7018
NSD1,ChromatinRemodel,monodelphis_domestica,180,True,ortholog_one2one,ENSMODG00000004870,ENSMODP00000005995,69.1047,60.9792
NSD1,ChromatinRemodel,mus_musculus,90,True,ortholog_one2one,ENSMUSG00000021488,ENSMUSP00000097089,83.9465,83.7908
NSD1,ChromatinRemodel,canis_lupus_familiaris,85,True,ortholog_one2one,ENSCAFG00845010797,ENSCAFP00845014885,91.2157,91.2834
NSD1,ChromatinRemodel,homo_sapiens,0,True,self,NSD1,,100.0,0
SETD2,ChromatinRemodel,saccharomyces_cerevisiae,1000,False,none,,,0,0
SETD2,ChromatinRemodel,drosophila_melanogaster,600,True,ortholog_many2many,FBgn0030486,FBpp0073610,23.5394,21.6849
SETD2,ChromatinRemodel,caenorhabditis_elegans,600,True,ortholog_many2many,WBGene00018023,F34D6.4.1,26.6187,2.88612
SETD2,ChromatinRemodel,danio_rerio,450,False,none,,,0,0
SETD2,ChromatinRemodel,xenopus_tropicalis,350,True,ortholog_one2one,ENSXETG00000023876,ENSXETP00000093809,44.9783,52.5741
SETD2,ChromatinRemodel,gallus_gallus,300,True,ortholog_one2one,ENSGALG00010025723,ENSGALP00010038798,64.2749,66.0296
SETD2,ChromatinRemodel,monodelphis_domestica,180,True,ortholog_one2one,ENSMODG00000014043,ENSMODP00000017559,73.0604,73.0889
SETD2,ChromatinRemodel,mus_musculus,90,True,ortholog_one2one,ENSMUSG00000044791,ENSMUSP00000160082,85.6139,80.7722
SETD2,ChromatinRemodel,canis_lupus_familiaris,85,True,ortholog_one2one,ENSCAFG00845009790,ENSCAFP00845013467,92.1155,92.0437
SETD2,ChromatinRemodel,homo_sapiens,0,True,self,SETD2,,100.0,0
SMARCA4,ChromatinRemodel,saccharomyces_cerevisiae,1000,False,none,,,0,0
SMARCA4,ChromatinRemodel,drosophila_melanogaster,600,False,none,,,0,0
SMARCA4,ChromatinRemodel,caenorhabditis_elegans,600,False,none,,,0,0
SMARCA4,ChromatinRemodel,danio_rerio,450,True,ortholog_one2many,ENSDARG00000077226,ENSDARP00000143385,88.6908,87.6138
SMARCA4,ChromatinRemodel,xenopus_tropicalis,350,True,ortholog_one2one,ENSXETG00000009355,ENSXETP00000020620,90.369,87.7353
SMARCA4,ChromatinRemodel,gallus_gallus,300,True,ortholog_one2one,ENSGALG00010008408,ENSGALP00010011666,97.383,74.5598
SMARCA4,ChromatinRemodel,monodelphis_domestica,180,True,ortholog_one2one,ENSMODG00000006287,ENSMODP00000007805,98.6618,98.4821
SMARCA4,ChromatinRemodel,mus_musculus,90,True,ortholog_one2one,ENSMUSG00000032187,ENSMUSP00000096547,99.0724,97.2678
SMARCA4,ChromatinRemodel,canis_lupus_familiaris,85,True,ortholog_one2one,ENSCAFG00845022085,ENSCAFP00845030572,99.7571,99.7571
SMARCA4,ChromatinRemodel,homo_sapiens,0,True,self,SMARCA4,,100.0,0
ATM,DDR,saccharomyces_cerevisiae,1000,False,none,,,0,0
ATM,DDR,drosophila_melanogaster,600,False,none,,,0,0
ATM,DDR,caenorhabditis_elegans,600,False,none,,,0,0
ATM,DDR,danio_rerio,450,True,ortholog_one2one,ENSDARG00000002385,ENSDARP00000015167,53.8014,54.4175
ATM,DDR,xenopus_tropicalis,350,True,ortholog_one2one,ENSXETG00000014471,ENSXETP00000068714,64.902,64.9869
ATM,DDR,gallus_gallus,300,True,ortholog_one2one,ENSGALG00010004824,ENSGALP00010006351,69.1205,69.4372
ATM,DDR,monodelphis_domestica,180,True,ortholog_one2one,ENSMODG00000046482,ENSMODP00000059879,87.5,3.20681
ATM,DDR,mus_musculus,90,True,ortholog_one2one,ENSMUSG00000034218,ENSMUSP00000156344,83.9204,84.195
ATM,DDR,canis_lupus_familiaris,85,True,ortholog_one2one,ENSCAFG00845003472,ENSCAFP00845004935,89.5288,89.5288
ATM,DDR,homo_sapiens,0,True,self,ATM,,100.0,0
ATR,DDR,saccharomyces_cerevisiae,1000,False,none,,,0,0
ATR,DDR,drosophila_melanogaster,600,False,none,,,0,0
ATR,DDR,caenorhabditis_elegans,600,False,none,,,0,0
ATR,DDR,danio_rerio,450,True,ortholog_one2many,ENSDARG00000025672,ENSDARP00000036852,72.5051,63.1206
ATR,DDR,xenopus_tropicalis,350,True,ortholog_one2one,ENSXETG00000046350,ENSXETP00000001341,71.7691,72.882
ATR,DDR,gallus_gallus,300,True,ortholog_one2one,ENSGALG00010015749,ENSGALP00010021886,77.3308,77.7988
ATR,DDR,monodelphis_domestica,180,False,none,,,0,0
ATR,DDR,mus_musculus,90,True,ortholog_one2one,ENSMUSG00000021081,ENSMUSP00000021490,26.764,35.5987
ATR,DDR,canis_lupus_familiaris,85,False,none,,,0,0
ATR,DDR,homo_sapiens,0,True,self,ATR,,100.0,0
BAP1,DDR,saccharomyces_cerevisiae,1000,False,none,,,0,0
BAP1,DDR,drosophila_melanogaster,600,True,ortholog_many2many,FBgn0005624,FBpp0311526,7.62024,36.3095
BAP1,DDR,caenorhabditis_elegans,600,False,none,,,0,0
BAP1,DDR,danio_rerio,450,True,ortholog_one2many,ENSDARG00000003169,ENSDARP00000094744,73.6167,62.7907
BAP1,DDR,xenopus_tropicalis,350,True,ortholog_one2one,ENSXETG00000013130,ENSXETP00000078759,79.1411,79.4118
BAP1,DDR,gallus_gallus,300,True,ortholog_one2one,ENSGALG00010027501,ENSGALP00010040795,72.2733,75.4458
BAP1,DDR,monodelphis_domestica,180,True,ortholog_one2one,ENSMODG00000007422,ENSMODP00000009209,98.8095,98.8095
BAP1,DDR,mus_musculus,90,True,ortholog_one2one,ENSMUSG00000021901,ENSMUSP00000022458,93.4066,93.2785
BAP1,DDR,canis_lupus_familiaris,85,True,ortholog_one2one,ENSCAFG00845012111,ENSCAFP00845017213,90.3927,88.1669
BAP1,DDR,homo_sapiens,0,True,self,BAP1,,100.0,0
BARD1,DDR,saccharomyces_cerevisiae,1000,False,none,,,0,0
BARD1,DDR,drosophila_melanogaster,600,True,ortholog_one2one,FBgn0035812,FBpp0312411,11.5302,20.8494
BARD1,DDR,caenorhabditis_elegans,600,True,ortholog_one2one,WBGene00011802,T16G1.9.1,11.1111,13.5135
BARD1,DDR,danio_rerio,450,True,ortholog_one2one,ENSDARG00000076733,ENSDARP00000146363,33.3333,29.4723
BARD1,DDR,xenopus_tropicalis,350,True,ortholog_one2one,ENSXETG00000014241,ENSXETP00000031175,46.82,44.5302
BARD1,DDR,gallus_gallus,300,True,ortholog_one2one,ENSGALG00010011923,ENSGALP00010016369,49.1985,51.3514
BARD1,DDR,monodelphis_domestica,180,True,ortholog_one2one,ENSMODG00000015631,ENSMODP00000019509,59.199,60.8752
BARD1,DDR,mus_musculus,90,True,ortholog_one2one,ENSMUSG00000026196,ENSMUSP00000027393,70.9804,69.8842
BARD1,DDR,canis_lupus_familiaris,85,True,ortholog_one2many,ENSCAFG00845023473,ENSCAFP00845032518,82.6645,66.2806
BARD1,DDR,homo_sapiens,0,True,self,BARD1,,100.0,0
BRCA1,DDR,saccharomyces_cerevisiae,1000,False,none,,,0,0
BRCA1,DDR,drosophila_melanogaster,600,False,none,,,0,0
BRCA1,DDR,caenorhabditis_elegans,600,True,ortholog_one2many,WBGene00018327,F42A6.5.1,24.5098,1.34192
BRCA1,DDR,danio_rerio,450,False,none,,,0,0
BRCA1,DDR,xenopus_tropicalis,350,True,ortholog_one2one,ENSXETG00000024564,ENSXETP00000063009,25.6193,22.759
BRCA1,DDR,gallus_gallus,300,True,ortholog_one2one,ENSGALG00010024722,ENSGALP00010037124,30.3188,28.073
BRCA1,DDR,monodelphis_domestica,180,True,ortholog_one2one,ENSMODG00000015150,ENSMODP00000018933,47.2283,46.6452
BRCA1,DDR,mus_musculus,90,True,ortholog_one2one,ENSMUSG00000017146,ENSMUSP00000017290,57.6711,56.0923
BRCA1,DDR,canis_lupus_familiaris,85,True,ortholog_one2one,ENSCAFG00845006070,ENSCAFP00845008432,73.8552,74.4498
BRCA1,DDR,homo_sapiens,0,True,self,BRCA1,,100.0,0
BRCA2,DDR,saccharomyces_cerevisiae,1000,False,none,,,0,0
BRCA2,DDR,drosophila_melanogaster,600,False,none,,,0,0
BRCA2,DDR,caenorhabditis_elegans,600,False,none,,,0,0
BRCA2,DDR,danio_rerio,450,True,ortholog_one2one,ENSDARG00000079015,ENSDARP00000099674,24.1475,20.3043
BRCA2,DDR,xenopus_tropicalis,350,True,ortholog_one2one,ENSXETG00000017011,ENSXETP00000060681,30.5744,28.9643
BRCA2,DDR,gallus_gallus,300,True,ortholog_one2one,ENSGALG00010006740,ENSGALP00010009242,32.2049,32.007
BRCA2,DDR,monodelphis_domestica,180,True,ortholog_one2one,ENSMODG00000009516,ENSMODP00000033276,45.9085,44.646
BRCA2,DDR,mus_musculus,90,True,ortholog_one2one,ENSMUSG00000041147,ENSMUSP00000038576,58.6362,57.1094
BRCA2,DDR,canis_lupus_familiaris,85,False,none,,,0,0
BRCA2,DDR,homo_sapiens,0,True,self,BRCA2,,100.0,0
CHEK1,DDR,saccharomyces_cerevisiae,1000,False,none,,,0,0
CHEK1,DDR,drosophila_melanogaster,600,True,ortholog_one2one,FBgn0261278,FBpp0080443,45.5078,48.9496
CHEK1,DDR,caenorhabditis_elegans,600,False,none,,,0,0
CHEK1,DDR,danio_rerio,450,True,ortholog_one2one,ENSDARG00000104765,ENSDARP00000133390,64.3902,55.4622
CHEK1,DDR,xenopus_tropicalis,350,True,ortholog_one2one,ENSXETG00000014861,ENSXETP00000066634,77.8481,77.521
CHEK1,DDR,gallus_gallus,300,True,ortholog_one2one,ENSGALG00010023828,ENSGALP00010035251,80.2,84.2437
CHEK1,DDR,monodelphis_domestica,180,True,ortholog_one2one,ENSMODG00000004135,ENSMODP00000059243,93.6975,93.6975
CHEK1,DDR,mus_musculus,90,True,ortholog_one2one,ENSMUSG00000032113,ENSMUSP00000134388,93.0672,93.0672
CHEK1,DDR,canis_lupus_familiaris,85,True,ortholog_one2one,ENSCAFG00845010598,ENSCAFP00845014658,96.4286,96.4286
CHEK1,DDR,homo_sapiens,0,True,self,CHEK1,,100.0,0
CHEK2,DDR,saccharomyces_cerevisiae,1000,True,ortholog_one2one,YDL101C,YDL101C,29.2398,27.6243
CHEK2,DDR,drosophila_melanogaster,600,True,ortholog_one2one,FBgn0019686,FBpp0080860,36.3445,31.86
CHEK2,DDR,caenorhabditis_elegans,600,True,ortholog_one2many,WBGene00000499,Y60A3A.12.1,32.1429,28.1768
CHEK2,DDR,danio_rerio,450,True,ortholog_one2one,ENSDARG00000025820,ENSDARP00000036490,52.4851,48.6188
CHEK2,DDR,xenopus_tropicalis,350,True,ortholog_one2one,ENSXETG00000021608,ENSXETP00000069363,55.6314,60.0368
CHEK2,DDR,gallus_gallus,300,True,ortholog_one2one,ENSGALG00010023822,ENSGALP00010035288,68.9655,66.2983
CHEK2,DDR,monodelphis_domestica,180,True,ortholog_one2one,ENSMODG00000008385,ENSMODP00000010421,75.5179,73.849
CHEK2,DDR,mus_musculus,90,True,ortholog_one2one,ENSMUSG00000029521,ENSMUSP00000066679,82.7839,83.2412
CHEK2,DDR,canis_lupus_familiaris,85,True,ortholog_one2one,ENSCAFG00845030072,ENSCAFP00845041946,81.8644,88.9503
CHEK2,DDR,homo_sapiens,0,True,self,CHEK2,,100.0,0
FANCA,DDR,saccharomyces_cerevisiae,1000,False,none,,,0,0
FANCA,DDR,drosophila_melanogaster,600,False,none,,,0,0
FANCA,DDR,caenorhabditis_elegans,600,False,none,,,0,0
FANCA,DDR,danio_rerio,450,True,ortholog_one2many,ENSDARG00000110103,ENSDARP00000152612,33.4093,30.2405
FANCA,DDR,xenopus_tropicalis,350,True,ortholog_one2one,ENSXETG00000033926,ENSXETP00000059102,41.1189,40.4124
FANCA,DDR,gallus_gallus,300,True,ortholog_one2one,ENSGALG00010008083,ENSGALP00010010833,46.6491,48.7973
FANCA,DDR,monodelphis_domestica,180,True,ortholog_one2one,ENSMODG00000003463,ENSMODP00000004236,57.1429,48.6598
FANCA,DDR,mus_musculus,90,True,ortholog_one2one,ENSMUSG00000032815,ENSMUSP00000045217,66.852,66.1168
FANCA,DDR,canis_lupus_familiaris,85,True,ortholog_one2one,ENSCAFG00845001750,ENSCAFP00845002582,70.0069,69.622
FANCA,DDR,homo_sapiens,0,True,self,FANCA,,100.0,0
FANCC,DDR,saccharomyces_cerevisiae,1000,False,none,,,0,0
FANCC,DDR,drosophila_melanogaster,600,False,none,,,0,0
FANCC,DDR,caenorhabditis_elegans,600,False,none,,,0,0
FANCC,DDR,danio_rerio,450,True,ortholog_one2one,ENSDARG00000055232,ENSDARP00000089800,29.0614,28.853
FANCC,DDR,xenopus_tropicalis,350,True,ortholog_one2one,ENSXETG00000017597,ENSXETP00000038199,39.9635,39.2473
FANCC,DDR,gallus_gallus,300,True,ortholog_one2one,ENSGALG00010010393,ENSGALP00010014100,48.6679,49.1039
FANCC,DDR,monodelphis_domestica,180,True,ortholog_one2one,ENSMODG00000002781,ENSMODP00000037707,55.2137,57.8853
FANCC,DDR,mus_musculus,90,True,ortholog_one2one,ENSMUSG00000021461,ENSMUSP00000072788,67.7419,67.7419
FANCC,DDR,canis_lupus_familiaris,85,True,ortholog_one2one,ENSCAFG00845004921,ENSCAFP00845006942,70.7641,76.3441
FANCC,DDR,homo_sapiens,0,True,self,FANCC,,100.0,0
FANCD2,DDR,saccharomyces_cerevisiae,1000,False,none,,,0,0
FANCD2,DDR,drosophila_melanogaster,600,True,ortholog_one2one,FBgn0038827,FBpp0083399,23.0717,23.501
FANCD2,DDR,caenorhabditis_elegans,600,True,ortholog_one2one,WBGene00012767,Y41E3.9a.1,17.8472,17.7119
FANCD2,DDR,danio_rerio,450,True,ortholog_one2one,ENSDARG00000053574,ENSDARP00000070083,53.1488,52.929
FANCD2,DDR,xenopus_tropicalis,350,True,ortholog_one2one,ENSXETG00000003617,ENSXETP00000056948,57.8547,57.6154
FANCD2,DDR,gallus_gallus,300,True,ortholog_one2one,ENSGALG00010027361,ENSGALP00010040601,54.1303,55.5479
FANCD2,DDR,monodelphis_domestica,180,True,ortholog_one2one,ENSMODG00000005440,ENSMODP00000006723,72.7273,71.1234
FANCD2,DDR,mus_musculus,90,True,ortholog_one2one,ENSMUSG00000034023,ENSMUSP00000045667,75.1034,75.0517
FANCD2,DDR,canis_lupus_familiaris,85,True,ortholog_one2one,ENSCAFG00845008276,ENSCAFP00845011319,86.1284,86.0097
FANCD2,DDR,homo_sapiens,0,True,self,FANCD2,,100.0,0
MLH1,DDR,saccharomyces_cerevisiae,1000,True,ortholog_one2one,YMR167W,YMR167W,36.671,37.3016
MLH1,DDR,drosophila_melanogaster,600,True,ortholog_one2one,FBgn0011659,FBpp0087867,51.2048,44.9735
MLH1,DDR,caenorhabditis_elegans,600,True,ortholog_one2one,WBGene00003373,T28A8.7.1,32.9815,33.0688
MLH1,DDR,danio_rerio,450,True,ortholog_one2one,ENSDARG00000025948,ENSDARP00000113460,70.6207,67.7249
MLH1,DDR,xenopus_tropicalis,350,True,ortholog_one2one,ENSXETG00000004985,ENSXETP00000066721,75.3333,74.7355
MLH1,DDR,gallus_gallus,300,True,ortholog_one2one,ENSGALG00010016109,ENSGALP00010022391,78.996,79.1005
MLH1,DDR,monodelphis_domestica,180,True,ortholog_one2one,ENSMODG00000013353,ENSMODP00000016698,79.0698,76.455
MLH1,DDR,mus_musculus,90,True,ortholog_one2one,ENSMUSG00000032498,ENSMUSP00000035079,88.2895,88.7566
MLH1,DDR,canis_lupus_familiaris,85,True,ortholog_one2one,ENSCAFG00845027002,ENSCAFP00845037379,92.2061,92.328
MLH1,DDR,homo_sapiens,0,True,self,MLH1,,100.0,0
MSH2,DDR,saccharomyces_cerevisiae,1000,True,ortholog_one2one,YOL090W,YOL090W,39.9378,41.2206
MSH2,DDR,drosophila_melanogaster,600,True,ortholog_one2one,FBgn0015546,FBpp0301208,41.9847,41.2206
MSH2,DDR,caenorhabditis_elegans,600,True,ortholog_one2one,WBGene00003418,H26D21.2.1,31.0954,28.2655
MSH2,DDR,danio_rerio,450,True,ortholog_one2one,ENSDARG00000018022,ENSDARP00000027768,71.9017,72.0557
MSH2,DDR,xenopus_tropicalis,350,True,ortholog_one2one,ENSXETG00000022615,ENSXETP00000100315,76.4953,78.0514
MSH2,DDR,gallus_gallus,300,True,ortholog_one2one,ENSGALG00010017712,ENSGALP00010025318,78.2328,77.7302
MSH2,DDR,monodelphis_domestica,180,True,ortholog_one2many,ENSMODG00000001098,ENSMODP00000001308,82.8689,85.9743
MSH2,DDR,mus_musculus,90,True,ortholog_one2one,ENSMUSG00000024151,ENSMUSP00000024967,92.4064,92.5054
MSH2,DDR,canis_lupus_familiaris,85,True,ortholog_one2one,ENSCAFG00845005364,ENSCAFP00845007465,96.1456,96.1456
MSH2,DDR,homo_sapiens,0,True,self,MSH2,,100.0,0
MSH6,DDR,saccharomyces_cerevisiae,1000,True,ortholog_one2one,YDR097C,YDR097C,28.6634,26.1765
MSH6,DDR,drosophila_melanogaster,600,True,ortholog_one2one,FBgn0036486,FBpp0075399,39.4958,34.5588
MSH6,DDR,caenorhabditis_elegans,600,True,ortholog_one2one,WBGene00003422,Y47G6A.11.1,33.9798,29.6324
MSH6,DDR,danio_rerio,450,True,ortholog_one2one,ENSDARG00000104541,ENSDARP00000131172,59.6786,60.0735
MSH6,DDR,xenopus_tropicalis,350,True,ortholog_one2one,ENSXETG00000022635,ENSXETP00000109847,64.7357,65.7353
MSH6,DDR,gallus_gallus,300,True,ortholog_one2one,ENSGALG00010017746,ENSGALP00010025387,68.6801,67.7206
MSH6,DDR,monodelphis_domestica,180,True,ortholog_one2one,ENSMODG00000001129,ENSMODP00000001344,66.7298,77.7206
MSH6,DDR,mus_musculus,90,True,ortholog_one2one,ENSMUSG00000005370,ENSMUSP00000005503,85.567,85.4412
MSH6,DDR,canis_lupus_familiaris,85,True,ortholog_one2one,ENSCAFG00845005493,ENSCAFP00845007653,92.8729,92.9412
MSH6,DDR,homo_sapiens,0,True,self,MSH6,,100.0,0
PALB2,DDR,saccharomyces_cerevisiae,1000,False,none,,,0,0
PALB2,DDR,drosophila_melanogaster,600,False,none,,,0,0
PALB2,DDR,caenorhabditis_elegans,600,False,none,,,0,0
PALB2,DDR,danio_rerio,450,True,ortholog_one2one,ENSDARG00000076716,ENSDARP00000100652,23.3115,9.02192
PALB2,DDR,xenopus_tropicalis,350,True,ortholog_one2one,ENSXETG00000031275,ENSXETP00000080422,23.5709,28.1619
PALB2,DDR,gallus_gallus,300,True,ortholog_one2one,ENSGALG00010017080,ENSGALP00010024139,31.0216,35.0759
PALB2,DDR,monodelphis_domestica,180,True,ortholog_one2one,ENSMODG00000006654,ENSMODP00000035428,48,48.5666
PALB2,DDR,mus_musculus,90,True,ortholog_one2one,ENSMUSG00000044702,ENSMUSP00000095675,63.1341,58.769
PALB2,DDR,canis_lupus_familiaris,85,True,ortholog_one2one,ENSCAFG00845001625,ENSCAFP00845002274,71.2971,71.8381
PALB2,DDR,homo_sapiens,0,True,self,PALB2,,100.0,0
PMS2,DDR,saccharomyces_cerevisiae,1000,True,ortholog_one2one,YNL082W,YNL082W,34.4788,34.9188
PMS2,DDR,drosophila_melanogaster,600,True,ortholog_one2one,FBgn0011660,FBpp0086520,39.5996,41.2993
PMS2,DDR,caenorhabditis_elegans,600,True,ortholog_one2one,WBGene00004064,H12C20.2.2,35.0311,32.7146
PMS2,DDR,danio_rerio,450,True,ortholog_one2one,ENSDARG00000075672,ENSDARP00000099444,56.7568,56.0325
PMS2,DDR,xenopus_tropicalis,350,True,ortholog_one2one,ENSXETG00000024066,ENSXETP00000051908,63.2075,62.181
PMS2,DDR,gallus_gallus,300,True,ortholog_one2one,ENSGALG00010021776,ENSGALP00010031851,65.8228,66.3573
PMS2,DDR,monodelphis_domestica,180,True,ortholog_one2one,ENSMODG00000008178,ENSMODP00000010163,71.1472,71.2297
PMS2,DDR,mus_musculus,90,True,ortholog_one2one,ENSMUSG00000079109,ENSMUSP00000119875,77.8813,77.6102
PMS2,DDR,canis_lupus_familiaris,85,True,ortholog_one2one,ENSCAFG00845010093,ENSCAFP00845013979,74.8049,77.8422
PMS2,DDR,homo_sapiens,0,True,self,PMS2,,100.0,0
POLD1,DDR,saccharomyces_cerevisiae,1000,True,ortholog_one2one,YDL102W,YDL102W,48.4959,48.0578
POLD1,DDR,drosophila_melanogaster,600,True,ortholog_one2one,FBgn0263600,FBpp0075277,60.0733,59.2593
POLD1,DDR,caenorhabditis_elegans,600,True,ortholog_one2one,WBGene00008645,F10C2.4.1,49.2137,48.0578
POLD1,DDR,danio_rerio,450,True,ortholog_one2one,ENSDARG00000027689,ENSDARP00000055858,69.5928,69.467
POLD1,DDR,xenopus_tropicalis,350,True,ortholog_one2one,ENSXETG00000009036,ENSXETP00000082743,66.1934,67.3893
POLD1,DDR,gallus_gallus,300,True,ortholog_one2one,ENSGALG00010000526,ENSGALP00010000555,76.4933,35.8627
POLD1,DDR,monodelphis_domestica,180,False,none,,,0,0
POLD1,DDR,mus_musculus,90,True,ortholog_one2one,ENSMUSG00000038644,ENSMUSP00000039776,89.6833,89.5212
POLD1,DDR,canis_lupus_familiaris,85,False,none,,,0,0
POLD1,DDR,homo_sapiens,0,True,self,POLD1,,100.0,0
POLE,DDR,saccharomyces_cerevisiae,1000,True,ortholog_one2one,YNL262W,YNL262W,41.2691,40.1137
POLE,DDR,drosophila_melanogaster,600,True,ortholog_one2one,FBgn0264326,FBpp0083800,56.0376,54.8119
POLE,DDR,caenorhabditis_elegans,600,True,ortholog_one2one,WBGene00009368,F33H2.5.1,46.4552,43.5696
POLE,DDR,danio_rerio,450,True,ortholog_one2one,ENSDARG00000058533,ENSDARP00000075852,79.9037,79.8338
POLE,DDR,xenopus_tropicalis,350,True,ortholog_one2one,ENSXETG00000016151,ENSXETP00000035222,80.8362,81.1898
POLE,DDR,gallus_gallus,300,True,ortholog_one2one,ENSGALG00010022162,ENSGALP00010032479,83.8455,83.5521
POLE,DDR,monodelphis_domestica,180,True,ortholog_one2one,ENSMODG00000015171,ENSMODP00000018959,88.3294,82.1085
POLE,DDR,mus_musculus,90,True,ortholog_one2one,ENSMUSG00000007080,ENSMUSP00000007296,90.8454,90.7262
POLE,DDR,canis_lupus_familiaris,85,True,ortholog_one2one,ENSCAFG00845026128,ENSCAFP00845036571,91.5351,91.2948
POLE,DDR,homo_sapiens,0,True,self,POLE,,100.0,0
RAD51B,DDR,saccharomyces_cerevisiae,1000,False,none,,,0,0
RAD51B,DDR,drosophila_melanogaster,600,False,none,,,0,0
RAD51B,DDR,caenorhabditis_elegans,600,False,none,,,0,0
RAD51B,DDR,danio_rerio,450,True,ortholog_one2one,ENSDARG00000037046,ENSDARP00000053846,52.5469,56
RAD51B,DDR,xenopus_tropicalis,350,False,none,,,0,0
RAD51B,DDR,gallus_gallus,300,True,ortholog_one2one,ENSGALG00010020659,ENSGALP00010029474,61.5942,72.8571
RAD51B,DDR,monodelphis_domestica,180,True,ortholog_one2one,ENSMODG00000010114,ENSMODP00000012669,70.1342,59.7143
RAD51B,DDR,mus_musculus,90,True,ortholog_one2one,ENSMUSG00000059060,ENSMUSP00000152105,84.8571,84.8571
RAD51B,DDR,canis_lupus_familiaris,85,True,ortholog_one2one,ENSCAFG00845003641,ENSCAFP00845005187,90,90
RAD51B,DDR,homo_sapiens,0,True,self,RAD51B,,100.0,0
RAD51C,DDR,saccharomyces_cerevisiae,1000,False,none,,,0,0
RAD51C,DDR,drosophila_melanogaster,600,True,ortholog_one2one,FBgn0003482,FBpp0084486,30,21.5426
RAD51C,DDR,caenorhabditis_elegans,600,False,none,,,0,0
RAD51C,DDR,danio_rerio,450,True,ortholog_one2one,ENSDARG00000068919,ENSDARP00000090614,59.116,56.9149
RAD51C,DDR,xenopus_tropicalis,350,True,ortholog_one2one,ENSXETG00000001122,ENSXETP00000002461,61.5176,60.3723
RAD51C,DDR,gallus_gallus,300,True,ortholog_one2one,ENSGALG00010029783,ENSGALP00010044742,69.2722,68.3511
RAD51C,DDR,monodelphis_domestica,180,True,ortholog_one2one,ENSMODG00000014643,ENSMODP00000018294,56.1135,68.3511
RAD51C,DDR,mus_musculus,90,True,ortholog_one2one,ENSMUSG00000007646,ENSMUSP00000064079,86.0656,83.7766
RAD51C,DDR,canis_lupus_familiaris,85,True,ortholog_one2one,ENSCAFG00845023093,ENSCAFP00845031946,91.1051,89.8936
RAD51C,DDR,homo_sapiens,0,True,self,RAD51C,,100.0,0
RAD51D,DDR,saccharomyces_cerevisiae,1000,False,none,,,0,0
RAD51D,DDR,drosophila_melanogaster,600,False,none,,,0,0
RAD51D,DDR,caenorhabditis_elegans,600,True,ortholog_one2one,WBGene00004342,C30A5.2.1,25.3061,18.9024
RAD51D,DDR,danio_rerio,450,True,ortholog_one2one,ENSDARG00000026400,ENSDARP00000107754,54.7401,54.5732
RAD51D,DDR,xenopus_tropicalis,350,True,ortholog_one2one,ENSXETG00000008969,ENSXETP00000019650,57.1875,55.7927
RAD51D,DDR,gallus_gallus,300,True,ortholog_one2one,ENSGALG00010029630,ENSGALP00010044333,53.7313,65.8537
RAD51D,DDR,monodelphis_domestica,180,True,ortholog_one2one,ENSMODG00000019141,ENSMODP00000023889,77.1341,77.1341
RAD51D,DDR,mus_musculus,90,True,ortholog_one2one,ENSMUSG00000018841,ENSMUSP00000018985,82.9787,83.2317
RAD51D,DDR,canis_lupus_familiaris,85,True,ortholog_one2one,ENSCAFG00845010579,ENSCAFP00845014539,70.1333,80.1829
RAD51D,DDR,homo_sapiens,0,True,self,RAD51D,,100.0,0
ATRX,DNAMethylation,saccharomyces_cerevisiae,1000,False,none,,,0,0
ATRX,DNAMethylation,drosophila_melanogaster,600,True,ortholog_one2one,FBgn0039338,FBpp0084213,39.4355,20.7464
ATRX,DNAMethylation,caenorhabditis_elegans,600,True,ortholog_one2one,WBGene00006961,B0041.7.1,38.5578,21.0273
ATRX,DNAMethylation,danio_rerio,450,True,ortholog_one2many,ENSDARG00000042236,ENSDARP00000105895,58.1222,46.9502
ATRX,DNAMethylation,xenopus_tropicalis,350,True,ortholog_one2one,ENSXETG00000004499,ENSXETP00000095223,63.6684,57.9454
ATRX,DNAMethylation,gallus_gallus,300,True,ortholog_one2one,ENSGALG00010013614,ENSGALP00010019407,74.7013,72.7528
ATRX,DNAMethylation,monodelphis_domestica,180,True,ortholog_one2one,ENSMODG00000003920,ENSMODP00000056492,77.3964,74.1974
ATRX,DNAMethylation,mus_musculus,90,True,ortholog_one2one,ENSMUSG00000031229,ENSMUSP00000109203,84.4911,83.9486
ATRX,DNAMethylation,canis_lupus_familiaris,85,True,ortholog_one2one,ENSCAFG00845030352,ENSCAFP00845042336,93.4327,93.0578
ATRX,DNAMethylation,homo_sapiens,0,True,self,ATRX,,100.0,0
DAXX,DNAMethylation,saccharomyces_cerevisiae,1000,False,none,,,0,0
DAXX,DNAMethylation,drosophila_melanogaster,600,True,ortholog_one2one,FBgn0031820,FBpp0078890,9.70464,21.7568
DAXX,DNAMethylation,caenorhabditis_elegans,600,False,none,,,0,0
DAXX,DNAMethylation,danio_rerio,450,True,ortholog_one2one,ENSDARG00000000729,ENSDARP00000105452,34.9162,33.7838
DAXX,DNAMethylation,xenopus_tropicalis,350,True,ortholog_one2one,ENSXETG00000020372,ENSXETP00000076002,31.0345,38.9189
DAXX,DNAMethylation,gallus_gallus,300,True,ortholog_one2one,ENSGALG00010002512,ENSGALP00010003591,43.101,40.9459
DAXX,DNAMethylation,monodelphis_domestica,180,True,ortholog_one2one,ENSMODG00000014146,ENSMODP00000017688,64.8173,64.7297
DAXX,DNAMethylation,mus_musculus,90,True,ortholog_one2one,ENSMUSG00000002307,ENSMUSP00000128504,71.8919,71.8919
DAXX,DNAMethylation,canis_lupus_familiaris,85,True,ortholog_one2one,ENSCAFG00845021574,ENSCAFP00845029838,90.095,89.7297
DAXX,DNAMethylation,homo_sapiens,0,True,self,DAXX,,100.0,0
DNMT3A,DNAMethylation,saccharomyces_cerevisiae,1000,False,none,,,0,0
DNMT3A,DNAMethylation,drosophila_melanogaster,600,False,none,,,0,0
DNMT3A,DNAMethylation,caenorhabditis_elegans,600,False,none,,,0,0
DNMT3A,DNAMethylation,danio_rerio,450,True,ortholog_one2many,ENSDARG00000015566,ENSDARP00000126446,67.3824,72.2588
DNMT3A,DNAMethylation,xenopus_tropicalis,350,True,ortholog_one2one,ENSXETG00000001232,ENSXETP00000002659,76.1555,79.4956
DNMT3A,DNAMethylation,gallus_gallus,300,True,ortholog_one2one,ENSGALG00010009469,ENSGALP00010013137,80.3229,87.2807
DNMT3A,DNAMethylation,monodelphis_domestica,180,True,ortholog_one2one,ENSMODG00000015850,ENSMODP00000019777,96.9609,73.4649
DNMT3A,DNAMethylation,mus_musculus,90,True,ortholog_one2one,ENSMUSG00000020661,ENSMUSP00000020991,96.3656,95.943
DNMT3A,DNAMethylation,canis_lupus_familiaris,85,True,ortholog_one2one,ENSCAFG00845026173,ENSCAFP00845036432,97.5877,97.5877
DNMT3A,DNAMethylation,homo_sapiens,0,True,self,DNMT3A,,100.0,0
DNMT3B,DNAMethylation,saccharomyces_cerevisiae,1000,False,none,,,0,0
DNMT3B,DNAMethylation,drosophila_melanogaster,600,False,none,,,0,0
DNMT3B,DNAMethylation,caenorhabditis_elegans,600,False,none,,,0,0
DNMT3B,DNAMethylation,danio_rerio,450,True,ortholog_one2one,ENSDARG00000036791,ENSDARP00000053417,56.4951,54.0445
DNMT3B,DNAMethylation,xenopus_tropicalis,350,False,none,,,0,0
DNMT3B,DNAMethylation,gallus_gallus,300,True,ortholog_one2one,ENSGALG00010013394,ENSGALP00010019054,57.4493,56.5064
DNMT3B,DNAMethylation,monodelphis_domestica,180,True,ortholog_one2one,ENSMODG00000019447,ENSMODP00000024261,66.8625,66.7057
DNMT3B,DNAMethylation,mus_musculus,90,True,ortholog_one2many,ENSMUSG00000027478,ENSMUSP00000051830,83.2558,83.939
DNMT3B,DNAMethylation,canis_lupus_familiaris,85,True,ortholog_one2one,ENSCAFG00845022122,ENSCAFP00845031242,93.1075,93.4349
DNMT3B,DNAMethylation,homo_sapiens,0,True,self,DNMT3B,,100.0,0
IDH1,DNAMethylation,saccharomyces_cerevisiae,1000,True,ortholog_many2many,YDL066W,YDL066W,61.9159,64.0097
IDH1,DNAMethylation,drosophila_melanogaster,600,True,ortholog_one2one,FBgn0001248,FBpp0305272,62.0042,71.7391
IDH1,DNAMethylation,caenorhabditis_elegans,600,True,ortholog_one2one,WBGene00010317,F59B8.2b.1,71.4943,75.1208
IDH1,DNAMethylation,danio_rerio,450,True,ortholog_one2one,ENSDARG00000025375,ENSDARP00000023774,80.1865,83.0918
IDH1,DNAMethylation,xenopus_tropicalis,350,True,ortholog_one2one,ENSXETG00000008032,ENSXETP00000090325,87.9518,88.1643
IDH1,DNAMethylation,gallus_gallus,300,True,ortholog_one2one,ENSGALG00010022213,ENSGALP00010032576,83.3333,89.372
IDH1,DNAMethylation,monodelphis_domestica,180,True,ortholog_one2one,ENSMODG00000015928,ENSMODP00000019879,89.1304,89.1304
IDH1,DNAMethylation,mus_musculus,90,True,ortholog_one2one,ENSMUSG00000025950,ENSMUSP00000095316,95.6522,95.6522
IDH1,DNAMethylation,canis_lupus_familiaris,85,True,ortholog_one2one,ENSCAFG00845023478,ENSCAFP00845032495,96.8599,96.8599
IDH1,DNAMethylation,homo_sapiens,0,True,self,IDH1,,100.0,0
IDH2,DNAMethylation,saccharomyces_cerevisiae,1000,True,ortholog_many2many,YLR174W,YLR174W,62.6214,57.0796
IDH2,DNAMethylation,drosophila_melanogaster,600,False,none,,,0,0
IDH2,DNAMethylation,caenorhabditis_elegans,600,True,ortholog_one2one,WBGene00007942,C34F6.8.1,67.5862,65.0443
IDH2,DNAMethylation,danio_rerio,450,True,ortholog_one2one,ENSDARG00000003795,ENSDARP00000027389,90.2222,44.9115
IDH2,DNAMethylation,xenopus_tropicalis,350,True,ortholog_one2one,ENSXETG00000027622,ENSXETP00000057536,85.0549,85.6195
IDH2,DNAMethylation,gallus_gallus,300,True,ortholog_one2one,ENSGALG00010020277,ENSGALP00010028917,88.0531,88.0531
IDH2,DNAMethylation,monodelphis_domestica,180,True,ortholog_one2one,ENSMODG00000019516,ENSMODP00000024347,91.6484,92.2566
IDH2,DNAMethylation,mus_musculus,90,True,ortholog_one2one,ENSMUSG00000030541,ENSMUSP00000103007,95.1327,95.1327
IDH2,DNAMethylation,canis_lupus_familiaris,85,True,ortholog_one2one,ENSCAFG00845000909,ENSCAFP00845001241,75.5906,84.9557
IDH2,DNAMethylation,homo_sapiens,0,True,self,IDH2,,100.0,0
TET1,DNAMethylation,saccharomyces_cerevisiae,1000,False,none,,,0,0
TET1,DNAMethylation,drosophila_melanogaster,600,False,none,,,0,0
TET1,DNAMethylation,caenorhabditis_elegans,600,False,none,,,0,0
TET1,DNAMethylation,danio_rerio,450,True,ortholog_one2one,ENSDARG00000075230,ENSDARP00000104252,28.7871,25
TET1,DNAMethylation,xenopus_tropicalis,350,False,none,,,0,0
TET1,DNAMethylation,gallus_gallus,300,True,ortholog_one2one,ENSGALG00010023108,ENSGALP00010034081,34.0737,35.9082
TET1,DNAMethylation,monodelphis_domestica,180,True,ortholog_one2one,ENSMODG00000017310,ENSMODP00000021603,41.3371,41.1049
TET1,DNAMethylation,mus_musculus,90,True,ortholog_one2one,ENSMUSG00000047146,ENSMUSP00000059527,57.4988,54.0262
TET1,DNAMethylation,canis_lupus_familiaris,85,True,ortholog_one2one,ENSCAFG00845002465,ENSCAFP00845003464,80.0655,80.103
TET1,DNAMethylation,homo_sapiens,0,True,self,TET1,,100.0,0
TET2,DNAMethylation,saccharomyces_cerevisiae,1000,False,none,,,0,0
TET2,DNAMethylation,drosophila_melanogaster,600,False,none,,,0,0
TET2,DNAMethylation,caenorhabditis_elegans,600,False,none,,,0,0
TET2,DNAMethylation,danio_rerio,450,True,ortholog_one2one,ENSDARG00000076928,ENSDARP00000101295,39.0087,33.4166
TET2,DNAMethylation,xenopus_tropicalis,350,True,ortholog_one2one,ENSXETG00000014101,ENSXETP00000030770,51.1223,45.5045
TET2,DNAMethylation,gallus_gallus,300,True,ortholog_one2one,ENSGALG00010005756,ENSGALP00010008119,63.3333,62.6374
TET2,DNAMethylation,monodelphis_domestica,180,True,ortholog_one2one,ENSMODG00000020637,ENSMODP00000037282,68.9484,69.4306
TET2,DNAMethylation,mus_musculus,90,True,ortholog_one2one,ENSMUSG00000040943,ENSMUSP00000143029,61.7708,59.2408
TET2,DNAMethylation,canis_lupus_familiaris,85,True,ortholog_one2one,ENSCAFG00845027576,ENSCAFP00845038209,85.7214,86.3636
TET2,DNAMethylation,homo_sapiens,0,True,self,TET2,,100.0,0
AR,Endocrine,saccharomyces_cerevisiae,1000,False,none,,,0,0
AR,Endocrine,drosophila_melanogaster,600,True,ortholog_one2many,FBgn0086254,FBpp0075869,53.1429,58.8608
AR,Endocrine,caenorhabditis_elegans,600,True,ortholog_many2many,WBGene00012722,Y39G8B.1a.1,46.2025,46.2025
AR,Endocrine,danio_rerio,450,True,ortholog_one2many,ENSDARG00000006215,ENSDARP00000018404,72.0635,71.8354
AR,Endocrine,xenopus_tropicalis,350,False,none,,,0,0
AR,Endocrine,gallus_gallus,300,True,ortholog_one2one,ENSGALG00010016880,ENSGALP00010023688,68.8478,52.6087
AR,Endocrine,monodelphis_domestica,180,True,ortholog_one2one,ENSMODG00000006942,ENSMODP00000008606,73.6726,67.8208
AR,Endocrine,mus_musculus,90,True,ortholog_one2one,ENSMUSG00000029378,ENSMUSP00000031325,70.9677,69.8413
AR,Endocrine,canis_lupus_familiaris,85,True,ortholog_one2many,ENSCAFG00845014537,ENSCAFP00845020514,89.8734,89.8734
AR,Endocrine,homo_sapiens,0,True,self,AR,,100.0,0
ESR1,Endocrine,saccharomyces_cerevisiae,1000,False,none,,,0,0
ESR1,Endocrine,drosophila_melanogaster,600,True,ortholog_one2many,FBgn0035849,FBpp0076448,24.5968,20.5042
ESR1,Endocrine,caenorhabditis_elegans,600,False,none,,,0,0
ESR1,Endocrine,danio_rerio,450,True,ortholog_one2one,ENSDARG00000004111,ENSDARP00000082277,48.5061,46.3866
ESR1,Endocrine,xenopus_tropicalis,350,True,ortholog_one2one,ENSXETG00000012364,ENSXETP00000027035,71.2821,70.084
ESR1,Endocrine,gallus_gallus,300,True,ortholog_one2one,ENSGALG00010005186,ENSGALP00010006850,71.275,77.9832
ESR1,Endocrine,monodelphis_domestica,180,True,ortholog_one2one,ENSMODG00000016719,ENSMODP00000020873,86.7572,85.8824
ESR1,Endocrine,mus_musculus,90,True,ortholog_one2one,ENSMUSG00000019768,ENSMUSP00000101215,88.9816,89.5798
ESR1,Endocrine,canis_lupus_familiaris,85,True,ortholog_one2one,ENSCAFG00845000028,ENSCAFP00845000028,89.7993,90.2521
ESR1,Endocrine,homo_sapiens,0,True,self,ESR1,,100.0,0
ESR2,Endocrine,saccharomyces_cerevisiae,1000,False,none,,,0,0
ESR2,Endocrine,drosophila_melanogaster,600,True,ortholog_one2many,FBgn0035849,FBpp0076448,24.5968,23.0189
ESR2,Endocrine,caenorhabditis_elegans,600,False,none,,,0,0
ESR2,Endocrine,danio_rerio,450,True,ortholog_one2many,ENSDARG00000016454,ENSDARP00000110930,51.5371,53.7736
ESR2,Endocrine,xenopus_tropicalis,350,True,ortholog_one2one,ENSXETG00000007257,ENSXETP00000015773,66.9708,69.2453
ESR2,Endocrine,gallus_gallus,300,True,ortholog_one2one,ENSGALG00010017591,ENSGALP00010025019,73.3826,74.9057
ESR2,Endocrine,monodelphis_domestica,180,True,ortholog_one2one,ENSMODG00000009240,ENSMODP00000011536,81.6135,82.0755
ESR2,Endocrine,mus_musculus,90,True,ortholog_one2one,ENSMUSG00000021055,ENSMUSP00000151463,82.8924,88.6792
ESR2,Endocrine,canis_lupus_familiaris,85,True,ortholog_one2one,ENSCAFG00845001856,ENSCAFP00845002631,89.225,89.0566
ESR2,Endocrine,homo_sapiens,0,True,self,ESR2,,100.0,0
FOXA1,Endocrine,saccharomyces_cerevisiae,1000,False,none,,,0,0
FOXA1,Endocrine,drosophila_melanogaster,600,False,none,,,0,0
FOXA1,Endocrine,caenorhabditis_elegans,600,False,none,,,0,0
FOXA1,Endocrine,danio_rerio,450,True,ortholog_one2one,ENSDARG00000102138,ENSDARP00000137654,69.0867,62.5
FOXA1,Endocrine,xenopus_tropicalis,350,False,none,,,0,0
FOXA1,Endocrine,gallus_gallus,300,True,ortholog_one2one,ENSGALG00010004888,ENSGALP00010006428,80.0905,75
FOXA1,Endocrine,monodelphis_domestica,180,True,ortholog_one2one,ENSMODG00000012030,ENSMODP00000015070,89.3182,83.2627
FOXA1,Endocrine,mus_musculus,90,True,ortholog_one2one,ENSMUSG00000035451,ENSMUSP00000041118,95.7265,94.9153
FOXA1,Endocrine,canis_lupus_familiaris,85,True,ortholog_one2one,ENSCAFG00845002956,ENSCAFP00845004155,91.6667,93.2203
FOXA1,Endocrine,homo_sapiens,0,True,self,FOXA1,,100.0,0
GATA3,Endocrine,saccharomyces_cerevisiae,1000,True,ortholog_many2many,YKR034W,YKR034W,15.6134,9.45946
GATA3,Endocrine,drosophila_melanogaster,600,True,ortholog_many2many,FBgn0032223,FBpp0305311,13.8955,26.3514
GATA3,Endocrine,caenorhabditis_elegans,600,True,ortholog_many2many,WBGene00001252,C39B10.6a.1,48.6111,7.88288
GATA3,Endocrine,danio_rerio,450,True,ortholog_one2one,ENSDARG00000016526,ENSDARP00000017572,80.5936,79.5045
GATA3,Endocrine,xenopus_tropicalis,350,True,ortholog_one2one,ENSXETG00000025398,ENSXETP00000054187,71.0843,79.7297
GATA3,Endocrine,gallus_gallus,300,True,ortholog_one2one,ENSGALG00010005232,ENSGALP00010006944,92.3423,92.3423
GATA3,Endocrine,monodelphis_domestica,180,True,ortholog_one2one,ENSMODG00000016735,ENSMODP00000020895,97.0721,97.0721
GATA3,Endocrine,mus_musculus,90,True,ortholog_one2one,ENSMUSG00000015619,ENSMUSP00000100041,96.614,96.3964
GATA3,Endocrine,canis_lupus_familiaris,85,True,ortholog_one2one,ENSCAFG00845001133,ENSCAFP00845001549,64.8837,62.8378
GATA3,Endocrine,homo_sapiens,0,True,self,GATA3,,100.0,0
PGR,Endocrine,saccharomyces_cerevisiae,1000,False,none,,,0,0
PGR,Endocrine,drosophila_melanogaster,600,True,ortholog_one2many,FBgn0035849,FBpp0076448,20.9677,11.1468
PGR,Endocrine,caenorhabditis_elegans,600,False,none,,,0,0
PGR,Endocrine,danio_rerio,450,True,ortholog_one2one,ENSDARG00000035966,ENSDARP00000109370,49.0054,29.0461
PGR,Endocrine,xenopus_tropicalis,350,True,ortholog_one2many,ENSXETG00000042404,ENSXETP00000107940,66.8966,10.3966
PGR,Endocrine,gallus_gallus,300,True,ortholog_one2one,ENSGALG00010008178,ENSGALP00010011083,64.8855,54.6624
PGR,Endocrine,monodelphis_domestica,180,True,ortholog_one2one,ENSMODG00000000509,ENSMODP00000000609,72.3158,73.6334
PGR,Endocrine,mus_musculus,90,True,ortholog_one2one,ENSMUSG00000031870,ENSMUSP00000140124,80.7775,80.1715
PGR,Endocrine,canis_lupus_familiaris,85,True,ortholog_one2one,ENSCAFG00845015739,ENSCAFP00845022074,74.4813,76.9561
PGR,Endocrine,homo_sapiens,0,True,self,PGR,,100.0,0
B2M,Immune,saccharomyces_cerevisiae,1000,False,none,,,0,0
B2M,Immune,drosophila_melanogaster,600,False,none,,,0,0
B2M,Immune,caenorhabditis_elegans,600,False,none,,,0,0
B2M,Immune,danio_rerio,450,True,ortholog_one2one,ENSDARG00000071168,ENSDARP00000095795,17.6,36.9748
B2M,Immune,xenopus_tropicalis,350,True,ortholog_one2many,ENSXETG00000043370,ENSXETP00000062884,7.88043,24.3697
B2M,Immune,gallus_gallus,300,True,ortholog_one2one,ENSGALG00010023281,ENSGALP00010034517,43.6975,43.6975
B2M,Immune,monodelphis_domestica,180,True,ortholog_one2one,ENSMODG00000017688,ENSMODP00000053420,53.2787,54.6218
B2M,Immune,mus_musculus,90,True,ortholog_one2one,ENSMUSG00000060802,ENSMUSP00000099534,68.0672,68.0672
B2M,Immune,canis_lupus_familiaris,85,True,ortholog_one2one,ENSCAFG00845028622,ENSCAFP00845039622,61.5385,67.2269
B2M,Immune,homo_sapiens,0,True,self,B2M,,100.0,0
CD274,Immune,saccharomyces_cerevisiae,1000,False,none,,,0,0
CD274,Immune,drosophila_melanogaster,600,False,none,,,0,0
CD274,Immune,caenorhabditis_elegans,600,False,none,,,0,0
CD274,Immune,danio_rerio,450,False,none,,,0,0
CD274,Immune,xenopus_tropicalis,350,False,none,,,0,0
CD274,Immune,gallus_gallus,300,False,none,,,0,0
CD274,Immune,monodelphis_domestica,180,True,ortholog_one2one,ENSMODG00000015352,ENSMODP00000046291,50.7299,47.931
CD274,Immune,mus_musculus,90,True,ortholog_one2one,ENSMUSG00000016496,ENSMUSP00000016640,69.3103,69.3103
CD274,Immune,canis_lupus_familiaris,85,True,ortholog_one2one,ENSCAFG00845016107,ENSCAFP00845022568,75.4325,75.1724
CD274,Immune,homo_sapiens,0,True,self,CD274,,100.0,0
CTLA4,Immune,saccharomyces_cerevisiae,1000,False,none,,,0,0
CTLA4,Immune,drosophila_melanogaster,600,False,none,,,0,0
CTLA4,Immune,caenorhabditis_elegans,600,False,none,,,0,0
CTLA4,Immune,danio_rerio,450,False,none,,,0,0
CTLA4,Immune,xenopus_tropicalis,350,True,ortholog_one2one,ENSXETG00000036858,ENSXETP00000078836,35.8852,33.6323
CTLA4,Immune,gallus_gallus,300,True,ortholog_one2one,ENSGALG00010021983,ENSGALP00010032215,46.3415,42.6009
CTLA4,Immune,monodelphis_domestica,180,True,ortholog_one2one,ENSMODG00000016230,ENSMODP00000043678,54.5455,67.2646
CTLA4,Immune,mus_musculus,90,True,ortholog_one2one,ENSMUSG00000026011,ENSMUSP00000027164,74.8879,74.8879
CTLA4,Immune,canis_lupus_familiaris,85,True,ortholog_one2one,ENSCAFG00845018252,ENSCAFP00845025290,87.4439,87.4439
CTLA4,Immune,homo_sapiens,0,True,self,CTLA4,,100.0,0
HLA-A,Immune,saccharomyces_cerevisiae,1000,False,none,,,0,0
HLA-A,Immune,drosophila_melanogaster,600,False,none,,,0,0
HLA-A,Immune,caenorhabditis_elegans,600,False,none,,,0,0
HLA-A,Immune,danio_rerio,450,True,ortholog_many2many,ENSDARG00000097275,ENSDARP00000129196,29.1667,17.2603
HLA-A,Immune,xenopus_tropicalis,350,False,none,,,0,0
HLA-A,Immune,gallus_gallus,300,True,ortholog_one2many,ENSGALG00010002303,ENSGALP00010003079,32.0225,15.6164
HLA-A,Immune,monodelphis_domestica,180,True,ortholog_many2many,ENSMODG00000038708,ENSMODP00000054745,60,38.6301
HLA-A,Immune,mus_musculus,90,False,none,,,0,0
HLA-A,Immune,canis_lupus_familiaris,85,False,none,,,0,0
HLA-A,Immune,homo_sapiens,0,True,self,HLA-A,,100.0,0
HLA-B,Immune,saccharomyces_cerevisiae,1000,False,none,,,0,0
HLA-B,Immune,drosophila_melanogaster,600,False,none,,,0,0
HLA-B,Immune,caenorhabditis_elegans,600,False,none,,,0,0
HLA-B,Immune,danio_rerio,450,True,ortholog_many2many,ENSDARG00000097275,ENSDARP00000129196,27.7778,16.5746
HLA-B,Immune,xenopus_tropicalis,350,False,none,,,0,0
HLA-B,Immune,gallus_gallus,300,True,ortholog_one2many,ENSGALG00010002303,ENSGALP00010003079,32.0225,15.7459
HLA-B,Immune,monodelphis_domestica,180,True,ortholog_many2many,ENSMODG00000038708,ENSMODP00000054745,56.1702,36.4641
HLA-B,Immune,mus_musculus,90,False,none,,,0,0
HLA-B,Immune,canis_lupus_familiaris,85,False,none,,,0,0
HLA-B,Immune,homo_sapiens,0,True,self,HLA-B,,100.0,0
HLA-C,Immune,saccharomyces_cerevisiae,1000,False,none,,,0,0
HLA-C,Immune,drosophila_melanogaster,600,False,none,,,0,0
HLA-C,Immune,caenorhabditis_elegans,600,False,none,,,0,0
HLA-C,Immune,danio_rerio,450,True,ortholog_many2many,ENSDARG00000097275,ENSDARP00000129196,29.1667,17.2131
HLA-C,Immune,xenopus_tropicalis,350,False,none,,,0,0
HLA-C,Immune,gallus_gallus,300,True,ortholog_one2many,ENSGALG00010002303,ENSGALP00010003079,30.8989,15.0273
HLA-C,Immune,monodelphis_domestica,180,True,ortholog_many2many,ENSMODG00000038708,ENSMODP00000054745,57.4468,36.8852
HLA-C,Immune,mus_musculus,90,False,none,,,0,0
HLA-C,Immune,canis_lupus_familiaris,85,False,none,,,0,0
HLA-C,Immune,homo_sapiens,0,True,self,HLA-C,,100.0,0
JAK1,Immune,saccharomyces_cerevisiae,1000,False,none,,,0,0
JAK1,Immune,drosophila_melanogaster,600,False,none,,,0,0
JAK1,Immune,caenorhabditis_elegans,600,False,none,,,0,0
JAK1,Immune,danio_rerio,450,True,ortholog_one2one,ENSDARG00000020625,ENSDARP00000037399,62.706,62.6516
JAK1,Immune,xenopus_tropicalis,350,True,ortholog_one2one,ENSXETG00000020396,ENSXETP00000044013,77.4956,76.6898
JAK1,Immune,gallus_gallus,300,True,ortholog_one2one,ENSGALG00010024493,ENSGALP00010036507,80.8255,81.4558
JAK1,Immune,monodelphis_domestica,180,True,ortholog_one2one,ENSMODG00000001226,ENSMODP00000001468,89.9497,15.5113
JAK1,Immune,mus_musculus,90,True,ortholog_one2one,ENSMUSG00000028530,ENSMUSP00000099842,94.8829,94.8007
JAK1,Immune,canis_lupus_familiaris,85,True,ortholog_one2one,ENSCAFG00845004547,ENSCAFP00845006435,95.3408,95.7539
JAK1,Immune,homo_sapiens,0,True,self,JAK1,,100.0,0
JAK2,Immune,saccharomyces_cerevisiae,1000,False,none,,,0,0
JAK2,Immune,drosophila_melanogaster,600,False,none,,,0,0
JAK2,Immune,caenorhabditis_elegans,600,False,none,,,0,0
JAK2,Immune,danio_rerio,450,True,ortholog_one2many,ENSDARG00000018882,ENSDARP00000105218,68.7389,68.3746
JAK2,Immune,xenopus_tropicalis,350,True,ortholog_one2one,ENSXETG00000000586,ENSXETP00000001294,78.1222,77.9152
JAK2,Immune,gallus_gallus,300,True,ortholog_one2one,ENSGALG00010012833,ENSGALP00010017849,83.5025,87.1908
JAK2,Immune,monodelphis_domestica,180,True,ortholog_one2one,ENSMODG00000015373,ENSMODP00000019196,92.3894,92.2262
JAK2,Immune,mus_musculus,90,True,ortholog_one2one,ENSMUSG00000024789,ENSMUSP00000064394,93.7279,93.7279
JAK2,Immune,canis_lupus_familiaris,85,True,ortholog_one2one,ENSCAFG00845015887,ENSCAFP00845022298,94.7418,89.1343
JAK2,Immune,homo_sapiens,0,True,self,JAK2,,100.0,0
PDCD1LG2,Immune,saccharomyces_cerevisiae,1000,False,none,,,0,0
PDCD1LG2,Immune,drosophila_melanogaster,600,False,none,,,0,0
PDCD1LG2,Immune,caenorhabditis_elegans,600,False,none,,,0,0
PDCD1LG2,Immune,danio_rerio,450,True,ortholog_one2one,ENSDARG00000100899,ENSDARP00000134264,15.914,27.1062
PDCD1LG2,Immune,xenopus_tropicalis,350,True,ortholog_one2one,ENSXETG00000040791,ENSXETP00000115934,27.2446,32.2344
PDCD1LG2,Immune,gallus_gallus,300,True,ortholog_one2one,ENSGALG00010013312,ENSGALP00010018821,28.8235,35.8974
PDCD1LG2,Immune,monodelphis_domestica,180,True,ortholog_one2one,ENSMODG00000015349,ENSMODP00000019167,43.7288,47.2527
PDCD1LG2,Immune,mus_musculus,90,True,ortholog_one2one,ENSMUSG00000016498,ENSMUSP00000158422,69.6356,63.0037
PDCD1LG2,Immune,canis_lupus_familiaris,85,True,ortholog_one2one,ENSCAFG00845016232,ENSCAFP00845022756,55.9633,67.033
PDCD1LG2,Immune,homo_sapiens,0,True,self,PDCD1LG2,,100.0,0
STAT1,Immune,saccharomyces_cerevisiae,1000,False,none,,,0,0
STAT1,Immune,drosophila_melanogaster,600,False,none,,,0,0
STAT1,Immune,caenorhabditis_elegans,600,True,ortholog_many2many,WBGene00013111,Y51H4A.17a.1,23.9377,22.5333
STAT1,Immune,danio_rerio,450,True,ortholog_one2many,ENSDARG00000006266,ENSDARP00000015753,61.5487,61.4667
STAT1,Immune,xenopus_tropicalis,350,True,ortholog_one2one,ENSXETG00000004649,ENSXETP00000010105,77.6486,80.1333
STAT1,Immune,gallus_gallus,300,True,ortholog_one2one,ENSGALG00010013934,ENSGALP00010019718,80.1536,83.4667
STAT1,Immune,monodelphis_domestica,180,True,ortholog_one2one,ENSMODG00000011747,ENSMODP00000014714,87.0667,87.0667
STAT1,Immune,mus_musculus,90,True,ortholog_one2one,ENSMUSG00000026104,ENSMUSP00000066743,93.5915,93.4667
STAT1,Immune,canis_lupus_familiaris,85,True,ortholog_one2one,ENSCAFG00845025854,ENSCAFP00845035824,93.0233,96
STAT1,Immune,homo_sapiens,0,True,self,STAT1,,100.0,0
AKT1,PI3K_Growth,saccharomyces_cerevisiae,1000,False,none,,,0,0
AKT1,PI3K_Growth,drosophila_melanogaster,600,False,none,,,0,0
AKT1,PI3K_Growth,caenorhabditis_elegans,600,False,none,,,0,0
AKT1,PI3K_Growth,danio_rerio,450,True,ortholog_one2many,ENSDARG00000099657,ENSDARP00000131294,90.2834,46.4583
AKT1,PI3K_Growth,xenopus_tropicalis,350,True,ortholog_one2one,ENSXETG00000008603,ENSXETP00000066620,86.7961,93.125
AKT1,PI3K_Growth,gallus_gallus,300,True,ortholog_one2one,ENSGALG00010017364,ENSGALP00010024506,86.6795,93.5417
AKT1,PI3K_Growth,monodelphis_domestica,180,True,ortholog_one2one,ENSMODG00000013693,ENSMODP00000017125,95.8333,95.8333
AKT1,PI3K_Growth,mus_musculus,90,True,ortholog_one2one,ENSMUSG00000001729,ENSMUSP00000001780,98.3333,98.3333
AKT1,PI3K_Growth,canis_lupus_familiaris,85,True,ortholog_one2one,ENSCAFG00845021825,ENSCAFP00845030204,68.3625,89.5833
AKT1,PI3K_Growth,homo_sapiens,0,True,self,AKT1,,100.0,0
AKT2,PI3K_Growth,saccharomyces_cerevisiae,1000,False,none,,,0,0
AKT2,PI3K_Growth,drosophila_melanogaster,600,False,none,,,0,0
AKT2,PI3K_Growth,caenorhabditis_elegans,600,False,none,,,0,0
AKT2,PI3K_Growth,danio_rerio,450,True,ortholog_one2many,ENSDARG00000011219,ENSDARP00000023119,86.4301,86.0707
AKT2,PI3K_Growth,xenopus_tropicalis,350,True,ortholog_one2one,ENSXETG00000016986,ENSXETP00000037022,87.2165,87.9418
AKT2,PI3K_Growth,gallus_gallus,300,True,ortholog_one2one,ENSGALG00010008377,ENSGALP00010011597,91.4938,91.684
AKT2,PI3K_Growth,monodelphis_domestica,180,True,ortholog_one2one,ENSMODG00000007635,ENSMODP00000009476,82.7309,85.6549
AKT2,PI3K_Growth,mus_musculus,90,True,ortholog_one2one,ENSMUSG00000004056,ENSMUSP00000103981,98.1289,98.1289
AKT2,PI3K_Growth,canis_lupus_familiaris,85,True,ortholog_one2one,ENSCAFG00845003888,ENSCAFP00845005632,75.9704,85.447
AKT2,PI3K_Growth,homo_sapiens,0,True,self,AKT2,,100.0,0
AKT3,PI3K_Growth,saccharomyces_cerevisiae,1000,False,none,,,0,0
AKT3,PI3K_Growth,drosophila_melanogaster,600,False,none,,,0,0
AKT3,PI3K_Growth,caenorhabditis_elegans,600,False,none,,,0,0
AKT3,PI3K_Growth,danio_rerio,450,True,ortholog_one2one,ENSDARG00000104810,ENSDARP00000139879,95.8246,95.8246
AKT3,PI3K_Growth,xenopus_tropicalis,350,False,none,,,0,0
AKT3,PI3K_Growth,gallus_gallus,300,True,ortholog_one2one,ENSGALG00010008323,ENSGALP00010011460,99.5825,99.5825
AKT3,PI3K_Growth,monodelphis_domestica,180,True,ortholog_one2one,ENSMODG00000006626,ENSMODP00000008221,99.7912,99.7912
AKT3,PI3K_Growth,mus_musculus,90,True,ortholog_one2one,ENSMUSG00000019699,ENSMUSP00000106789,99.5825,99.5825
AKT3,PI3K_Growth,canis_lupus_familiaris,85,True,ortholog_one2one,ENSCAFG00845004858,ENSCAFP00845006866,99.5825,99.5825
AKT3,PI3K_Growth,homo_sapiens,0,True,self,AKT3,,100.0,0
BRAF,PI3K_Growth,saccharomyces_cerevisiae,1000,False,none,,,0,0
BRAF,PI3K_Growth,drosophila_melanogaster,600,False,none,,,0,0
BRAF,PI3K_Growth,caenorhabditis_elegans,600,False,none,,,0,0
BRAF,PI3K_Growth,danio_rerio,450,True,ortholog_one2one,ENSDARG00000017661,ENSDARP00000048390,78.213,83.4204
BRAF,PI3K_Growth,xenopus_tropicalis,350,True,ortholog_one2one,ENSXETG00000004845,ENSXETP00000077613,68.8217,86.1619
BRAF,PI3K_Growth,gallus_gallus,300,True,ortholog_one2one,ENSGALG00010013466,ENSGALP00010019192,88.7237,93.4726
BRAF,PI3K_Growth,monodelphis_domestica,180,True,ortholog_one2one,ENSMODG00000013637,ENSMODP00000034042,95.0266,69.8433
BRAF,PI3K_Growth,mus_musculus,90,True,ortholog_one2one,ENSMUSG00000002413,ENSMUSP00000002487,87.8109,92.1671
BRAF,PI3K_Growth,canis_lupus_familiaris,85,True,ortholog_one2one,ENSCAFG00845031038,ENSCAFP00845043393,93.0262,97.5196
BRAF,PI3K_Growth,homo_sapiens,0,True,self,BRAF,,100.0,0
EGFR,PI3K_Growth,saccharomyces_cerevisiae,1000,False,none,,,0,0
EGFR,PI3K_Growth,drosophila_melanogaster,600,False,none,,,0,0
EGFR,PI3K_Growth,caenorhabditis_elegans,600,False,none,,,0,0
EGFR,PI3K_Growth,danio_rerio,450,True,ortholog_one2many,ENSDARG00000013847,ENSDARP00000125265,57.76,29.8347
EGFR,PI3K_Growth,xenopus_tropicalis,350,True,ortholog_one2one,ENSXETG00000015826,ENSXETP00000099874,66.1728,66.4463
EGFR,PI3K_Growth,gallus_gallus,300,True,ortholog_one2one,ENSGALG00010007381,ENSGALP00010009717,75,77.3554
EGFR,PI3K_Growth,monodelphis_domestica,180,True,ortholog_one2one,ENSMODG00000009033,ENSMODP00000011264,83.0998,83.3058
EGFR,PI3K_Growth,mus_musculus,90,True,ortholog_one2one,ENSMUSG00000020122,ENSMUSP00000020329,90.4959,90.4959
EGFR,PI3K_Growth,canis_lupus_familiaris,85,True,ortholog_one2one,ENSCAFG00845011396,ENSCAFP00845015889,91.1839,89.7521
EGFR,PI3K_Growth,homo_sapiens,0,True,self,EGFR,,100.0,0
ERBB2,PI3K_Growth,saccharomyces_cerevisiae,1000,False,none,,,0,0
ERBB2,PI3K_Growth,drosophila_melanogaster,600,False,none,,,0,0
ERBB2,PI3K_Growth,caenorhabditis_elegans,600,False,none,,,0,0
ERBB2,PI3K_Growth,danio_rerio,450,True,ortholog_one2one,ENSDARG00000026294,ENSDARP00000010252,55.2941,56.1753
ERBB2,PI3K_Growth,xenopus_tropicalis,350,True,ortholog_one2one,ENSXETG00000015145,ENSXETP00000094405,56.9909,59.761
ERBB2,PI3K_Growth,gallus_gallus,300,True,ortholog_one2one,ENSGALG00010024479,ENSGALP00010036486,69.1248,67.9681
ERBB2,PI3K_Growth,monodelphis_domestica,180,True,ortholog_one2one,ENSMODG00000012858,ENSMODP00000050019,79.634,79.761
ERBB2,PI3K_Growth,mus_musculus,90,True,ortholog_one2one,ENSMUSG00000062312,ENSMUSP00000053897,87.5796,87.6494
ERBB2,PI3K_Growth,canis_lupus_familiaris,85,True,ortholog_one2one,ENSCAFG00845011735,ENSCAFP00845016751,92.0032,92.5896
ERBB2,PI3K_Growth,homo_sapiens,0,True,self,ERBB2,,100.0,0
ERBB3,PI3K_Growth,saccharomyces_cerevisiae,1000,False,none,,,0,0
ERBB3,PI3K_Growth,drosophila_melanogaster,600,False,none,,,0,0
ERBB3,PI3K_Growth,caenorhabditis_elegans,600,False,none,,,0,0
ERBB3,PI3K_Growth,danio_rerio,450,True,ortholog_one2many,ENSDARG00000006202,ENSDARP00000124007,48.4458,47.6155
ERBB3,PI3K_Growth,xenopus_tropicalis,350,True,ortholog_one2one,ENSXETG00000009463,ENSXETP00000068321,58.2777,58.4948
ERBB3,PI3K_Growth,gallus_gallus,300,True,ortholog_one2one,ENSGALG00010024829,ENSGALP00010037372,66.7936,65.3502
ERBB3,PI3K_Growth,monodelphis_domestica,180,True,ortholog_one2one,ENSMODG00000001980,ENSMODP00000048991,86.3738,86.4381
ERBB3,PI3K_Growth,mus_musculus,90,True,ortholog_one2one,ENSMUSG00000018166,ENSMUSP00000080716,90.8887,90.6855
ERBB3,PI3K_Growth,canis_lupus_familiaris,85,True,ortholog_one2one,ENSCAFG00845006158,ENSCAFP00845008606,94.527,90.0894
ERBB3,PI3K_Growth,homo_sapiens,0,True,self,ERBB3,,100.0,0
FGFR1,PI3K_Growth,saccharomyces_cerevisiae,1000,False,none,,,0,0
FGFR1,PI3K_Growth,drosophila_melanogaster,600,False,none,,,0,0
FGFR1,PI3K_Growth,caenorhabditis_elegans,600,False,none,,,0,0
FGFR1,PI3K_Growth,danio_rerio,450,True,ortholog_one2many,ENSDARG00000011190,ENSDARP00000069743,72.5849,67.6399
FGFR1,PI3K_Growth,xenopus_tropicalis,350,True,ortholog_one2one,ENSXETG00000016775,ENSXETP00000036588,79.8526,79.0754
FGFR1,PI3K_Growth,gallus_gallus,300,True,ortholog_one2one,ENSGALG00010017332,ENSGALP00010024445,88.5226,88.1995
FGFR1,PI3K_Growth,monodelphis_domestica,180,True,ortholog_one2one,ENSMODG00000010647,ENSMODP00000013335,96.6625,95.1338
FGFR1,PI3K_Growth,mus_musculus,90,True,ortholog_one2one,ENSMUSG00000031565,ENSMUSP00000081041,98.4185,98.4185
FGFR1,PI3K_Growth,canis_lupus_familiaris,85,True,ortholog_one2one,ENSCAFG00845012040,ENSCAFP00845017233,95.3107,98.9051
FGFR1,PI3K_Growth,homo_sapiens,0,True,self,FGFR1,,100.0,0
FGFR2,PI3K_Growth,saccharomyces_cerevisiae,1000,False,none,,,0,0
FGFR2,PI3K_Growth,drosophila_melanogaster,600,False,none,,,0,0
FGFR2,PI3K_Growth,caenorhabditis_elegans,600,False,none,,,0,0
FGFR2,PI3K_Growth,danio_rerio,450,True,ortholog_one2one,ENSDARG00000058115,ENSDARP00000124472,75.537,77.1011
FGFR2,PI3K_Growth,xenopus_tropicalis,350,True,ortholog_one2one,ENSXETG00000015592,ENSXETP00000069725,70.4396,78.0755
FGFR2,PI3K_Growth,gallus_gallus,300,True,ortholog_one2one,ENSGALG00010001411,ENSGALP00010001719,90.6176,92.9354
FGFR2,PI3K_Growth,monodelphis_domestica,180,True,ortholog_one2one,ENSMODG00000008525,ENSMODP00000010602,92.7294,94.7625
FGFR2,PI3K_Growth,mus_musculus,90,True,ortholog_one2one,ENSMUSG00000030849,ENSMUSP00000112430,95.3571,97.5639
FGFR2,PI3K_Growth,canis_lupus_familiaris,85,True,ortholog_one2one,ENSCAFG00845019372,ENSCAFP00845026817,84.1477,94.3971
FGFR2,PI3K_Growth,homo_sapiens,0,True,self,FGFR2,,100.0,0
FGFR3,PI3K_Growth,saccharomyces_cerevisiae,1000,False,none,,,0,0
FGFR3,PI3K_Growth,drosophila_melanogaster,600,False,none,,,0,0
FGFR3,PI3K_Growth,caenorhabditis_elegans,600,False,none,,,0,0
FGFR3,PI3K_Growth,danio_rerio,450,True,ortholog_one2one,ENSDARG00000004782,ENSDARP00000011898,71.1844,72.3325
FGFR3,PI3K_Growth,xenopus_tropicalis,350,True,ortholog_one2one,ENSXETG00000002396,ENSXETP00000099567,71.7391,73.6973
FGFR3,PI3K_Growth,gallus_gallus,300,True,ortholog_one2one,ENSGALG00010016940,ENSGALP00010023868,73.5826,75.6824
FGFR3,PI3K_Growth,monodelphis_domestica,180,True,ortholog_one2one,ENSMODG00000004268,ENSMODP00000050992,82.5789,74.6898
FGFR3,PI3K_Growth,mus_musculus,90,True,ortholog_one2one,ENSMUSG00000054252,ENSMUSP00000110053,89.1521,88.7097
FGFR3,PI3K_Growth,canis_lupus_familiaris,85,True,ortholog_one2one,ENSCAFG00845013339,ENSCAFP00845018644,73.6789,89.9504
FGFR3,PI3K_Growth,homo_sapiens,0,True,self,FGFR3,,100.0,0
HRAS,PI3K_Growth,saccharomyces_cerevisiae,1000,False,none,,,0,0
HRAS,PI3K_Growth,drosophila_melanogaster,600,True,ortholog_one2one,FBgn0003205,FBpp0081600,78.3069,78.3069
HRAS,PI3K_Growth,caenorhabditis_elegans,600,True,ortholog_one2one,WBGene00002335,ZK792.6.1,76.087,74.0741
HRAS,PI3K_Growth,danio_rerio,450,True,ortholog_one2many,ENSDARG00000098497,ENSDARP00000142010,94.709,94.709
HRAS,PI3K_Growth,xenopus_tropicalis,350,True,ortholog_one2many,ENSXETG00000006040,ENSXETP00000064744,76.2557,88.3598
HRAS,PI3K_Growth,gallus_gallus,300,True,ortholog_one2one,ENSGALG00010025590,ENSGALP00010038607,97.8836,97.8836
HRAS,PI3K_Growth,monodelphis_domestica,180,True,ortholog_one2one,ENSMODG00000038311,ENSMODP00000060203,96.8254,96.8254
HRAS,PI3K_Growth,mus_musculus,90,True,ortholog_one2one,ENSMUSG00000025499,ENSMUSP00000026572,100,100
HRAS,PI3K_Growth,canis_lupus_familiaris,85,True,ortholog_one2one,ENSCAFG00845029661,ENSCAFP00845041215,88.1443,90.4762
HRAS,PI3K_Growth,homo_sapiens,0,True,self,HRAS,,100.0,0
IGF1R,PI3K_Growth,saccharomyces_cerevisiae,1000,False,none,,,0,0
IGF1R,PI3K_Growth,drosophila_melanogaster,600,False,none,,,0,0
IGF1R,PI3K_Growth,caenorhabditis_elegans,600,False,none,,,0,0
IGF1R,PI3K_Growth,danio_rerio,450,True,ortholog_one2many,ENSDARG00000027423,ENSDARP00000017066,66.4057,68.2516
IGF1R,PI3K_Growth,xenopus_tropicalis,350,True,ortholog_one2one,ENSXETG00000002112,ENSXETP00000088152,76.5786,76.2985
IGF1R,PI3K_Growth,gallus_gallus,300,True,ortholog_one2one,ENSGALG00010018730,ENSGALP00010027039,85.5878,77.7615
IGF1R,PI3K_Growth,monodelphis_domestica,180,True,ortholog_one2one,ENSMODG00000012761,ENSMODP00000059069,83.479,76.8837
IGF1R,PI3K_Growth,mus_musculus,90,True,ortholog_one2one,ENSMUSG00000005533,ENSMUSP00000005671,95.9825,96.1229
IGF1R,PI3K_Growth,canis_lupus_familiaris,85,True,ortholog_one2one,ENSCAFG00845001742,ENSCAFP00845002510,92.7719,96.7081
IGF1R,PI3K_Growth,homo_sapiens,0,True,self,IGF1R,,100.0,0
KRAS,PI3K_Growth,saccharomyces_cerevisiae,1000,False,none,,,0,0
KRAS,PI3K_Growth,drosophila_melanogaster,600,False,none,,,0,0
KRAS,PI3K_Growth,caenorhabditis_elegans,600,False,none,,,0,0
KRAS,PI3K_Growth,danio_rerio,450,True,ortholog_one2one,ENSDARG00000010844,ENSDARP00000147703,87.8307,88.2979
KRAS,PI3K_Growth,xenopus_tropicalis,350,True,ortholog_one2one,ENSXETG00000043145,ENSXETP00000118688,89.9471,90.4255
KRAS,PI3K_Growth,gallus_gallus,300,True,ortholog_one2one,ENSGALG00010014246,ENSGALP00010020157,93,98.9362
KRAS,PI3K_Growth,monodelphis_domestica,180,True,ortholog_one2one,ENSMODG00000025248,ENSMODP00000037491,92.7835,95.7447
KRAS,PI3K_Growth,mus_musculus,90,True,ortholog_one2one,ENSMUSG00000030265,ENSMUSP00000107339,89.9471,90.4255
KRAS,PI3K_Growth,canis_lupus_familiaris,85,True,ortholog_one2one,ENSCAFG00845026771,ENSCAFP00845037069,88.8889,89.3617
KRAS,PI3K_Growth,homo_sapiens,0,True,self,KRAS,,100.0,0
MAP2K1,PI3K_Growth,saccharomyces_cerevisiae,1000,True,ortholog_many2many,YPL140C,YPL140C,23.7154,30.5344
MAP2K1,PI3K_Growth,drosophila_melanogaster,600,True,ortholog_one2many,FBgn0010269,FBpp0071248,61.8687,62.341
MAP2K1,PI3K_Growth,caenorhabditis_elegans,600,True,ortholog_one2many,WBGene00003186,Y54E10BL.6.1,53.4884,52.6718
MAP2K1,PI3K_Growth,danio_rerio,450,True,ortholog_one2one,ENSDARG00000007825,ENSDARP00000008018,87.8481,88.2952
MAP2K1,PI3K_Growth,xenopus_tropicalis,350,True,ortholog_one2one,ENSXETG00000015887,ENSXETP00000034662,91.8987,92.3664
MAP2K1,PI3K_Growth,gallus_gallus,300,True,ortholog_one2one,ENSGALG00010018000,ENSGALP00010025891,78.8079,90.8397
MAP2K1,PI3K_Growth,monodelphis_domestica,180,True,ortholog_one2one,ENSMODG00000009715,ENSMODP00000012146,97.201,97.201
MAP2K1,PI3K_Growth,mus_musculus,90,True,ortholog_one2one,ENSMUSG00000004936,ENSMUSP00000005066,98.9822,98.9822
MAP2K1,PI3K_Growth,canis_lupus_familiaris,85,True,ortholog_one2one,ENSCAFG00845015371,ENSCAFP00845021639,90.0922,99.4911
MAP2K1,PI3K_Growth,homo_sapiens,0,True,self,MAP2K1,,100.0,0
MAP2K2,PI3K_Growth,saccharomyces_cerevisiae,1000,True,ortholog_many2many,YOR231W,YOR231W,24.8032,31.5
MAP2K2,PI3K_Growth,drosophila_melanogaster,600,True,ortholog_one2many,FBgn0010269,FBpp0071248,61.6162,61
MAP2K2,PI3K_Growth,caenorhabditis_elegans,600,True,ortholog_one2many,WBGene00003186,Y54E10BL.6.1,54.522,52.75
MAP2K2,PI3K_Growth,danio_rerio,450,True,ortholog_one2many,ENSDARG00000006609,ENSDARP00000014914,86.1461,85.5
MAP2K2,PI3K_Growth,xenopus_tropicalis,350,False,none,,,0,0
MAP2K2,PI3K_Growth,gallus_gallus,300,True,ortholog_one2one,ENSGALG00010027230,ENSGALP00010040282,91.9118,93.75
MAP2K2,PI3K_Growth,monodelphis_domestica,180,True,ortholog_one2one,ENSMODG00000000809,ENSMODP00000055553,66.362,90.75
MAP2K2,PI3K_Growth,mus_musculus,90,True,ortholog_one2one,ENSMUSG00000035027,ENSMUSP00000121111,94.015,94.25
MAP2K2,PI3K_Growth,canis_lupus_familiaris,85,True,ortholog_one2one,ENSCAFG00845006651,ENSCAFP00845009257,83.4688,77
MAP2K2,PI3K_Growth,homo_sapiens,0,True,self,MAP2K2,,100.0,0
MAP3K1,PI3K_Growth,saccharomyces_cerevisiae,1000,False,none,,,0,0
MAP3K1,PI3K_Growth,drosophila_melanogaster,600,False,none,,,0,0
MAP3K1,PI3K_Growth,caenorhabditis_elegans,600,False,none,,,0,0
MAP3K1,PI3K_Growth,danio_rerio,450,True,ortholog_one2one,ENSDARG00000098405,ENSDARP00000136414,73.0135,64.418
MAP3K1,PI3K_Growth,xenopus_tropicalis,350,True,ortholog_one2one,ENSXETG00000015513,ENSXETP00000033842,77.301,73.8757
MAP3K1,PI3K_Growth,gallus_gallus,300,True,ortholog_one2one,ENSGALG00010013033,ENSGALP00010018312,85.2685,77.7116
MAP3K1,PI3K_Growth,monodelphis_domestica,180,True,ortholog_one2one,ENSMODG00000019524,ENSMODP00000024354,85.446,84.2593
MAP3K1,PI3K_Growth,mus_musculus,90,True,ortholog_one2one,ENSMUSG00000021754,ENSMUSP00000104890,90.8238,89.6825
MAP3K1,PI3K_Growth,canis_lupus_familiaris,85,True,ortholog_one2one,ENSCAFG00845028679,ENSCAFP00845039758,93.8288,93.5185
MAP3K1,PI3K_Growth,homo_sapiens,0,True,self,MAP3K1,,100.0,0
MAP3K13,PI3K_Growth,saccharomyces_cerevisiae,1000,False,none,,,0,0
MAP3K13,PI3K_Growth,drosophila_melanogaster,600,False,none,,,0,0
MAP3K13,PI3K_Growth,caenorhabditis_elegans,600,False,none,,,0,0
MAP3K13,PI3K_Growth,danio_rerio,450,True,ortholog_one2one,ENSDARG00000009493,ENSDARP00000009159,65.3768,66.4596
MAP3K13,PI3K_Growth,xenopus_tropicalis,350,True,ortholog_one2one,ENSXETG00000032171,ENSXETP00000009018,72.8972,72.6708
MAP3K13,PI3K_Growth,gallus_gallus,300,True,ortholog_one2one,ENSGALG00010024520,ENSGALP00010036577,79.8354,80.3313
MAP3K13,PI3K_Growth,monodelphis_domestica,180,True,ortholog_one2one,ENSMODG00000002708,ENSMODP00000003285,84.0249,83.8509
MAP3K13,PI3K_Growth,mus_musculus,90,True,ortholog_one2one,ENSMUSG00000033618,ENSMUSP00000156075,89.6768,89.0269
MAP3K13,PI3K_Growth,canis_lupus_familiaris,85,True,ortholog_one2one,ENSCAFG00845029830,ENSCAFP00845041656,93.3747,93.3747
MAP3K13,PI3K_Growth,homo_sapiens,0,True,self,MAP3K13,,100.0,0
MET,PI3K_Growth,saccharomyces_cerevisiae,1000,False,none,,,0,0
MET,PI3K_Growth,drosophila_melanogaster,600,True,ortholog_one2many,FBgn0039229,FBpp0084078,28.4483,25.5319
MET,PI3K_Growth,caenorhabditis_elegans,600,False,none,,,0,0
MET,PI3K_Growth,danio_rerio,450,True,ortholog_one2one,ENSDARG00000052728,ENSDARP00000115812,57.2737,54.4487
MET,PI3K_Growth,xenopus_tropicalis,350,True,ortholog_one2one,ENSXETG00000010840,ENSXETP00000023704,61.7126,60.6383
MET,PI3K_Growth,gallus_gallus,300,True,ortholog_one2one,ENSGALG00010001514,ENSGALP00010001945,73.1129,73.1655
MET,PI3K_Growth,monodelphis_domestica,180,True,ortholog_one2many,ENSMODG00000008794,ENSMODP00000010946,85.2174,85.2998
MET,PI3K_Growth,mus_musculus,90,True,ortholog_one2one,ENSMUSG00000009376,ENSMUSP00000111103,89.6302,88.9209
MET,PI3K_Growth,canis_lupus_familiaris,85,True,ortholog_one2one,ENSCAFG00845015853,ENSCAFP00845022210,96.1353,96.2282
MET,PI3K_Growth,homo_sapiens,0,True,self,MET,,100.0,0
MTOR,PI3K_Growth,saccharomyces_cerevisiae,1000,False,none,,,0,0
MTOR,PI3K_Growth,drosophila_melanogaster,600,True,ortholog_one2one,FBgn0021796,FBpp0307598,55.8074,54.0996
MTOR,PI3K_Growth,caenorhabditis_elegans,600,False,none,,,0,0
MTOR,PI3K_Growth,danio_rerio,450,True,ortholog_one2one,ENSDARG00000053196,ENSDARP00000105458,89.0753,89.5645
MTOR,PI3K_Growth,xenopus_tropicalis,350,True,ortholog_one2one,ENSXETG00000017426,ENSXETP00000095278,88.4585,86.8968
MTOR,PI3K_Growth,gallus_gallus,300,True,ortholog_one2one,ENSGALG00010021746,ENSGALP00010031768,97.1837,96.1161
MTOR,PI3K_Growth,monodelphis_domestica,180,True,ortholog_one2many,ENSMODG00000011138,ENSMODP00000013940,97.973,28.4425
MTOR,PI3K_Growth,mus_musculus,90,True,ortholog_one2one,ENSMUSG00000028991,ENSMUSP00000099510,98.9408,98.9408
MTOR,PI3K_Growth,canis_lupus_familiaris,85,True,ortholog_one2one,ENSCAFG00845002541,ENSCAFP00845003647,98.1067,89.4468
MTOR,PI3K_Growth,homo_sapiens,0,True,self,MTOR,,100.0,0
NF1,PI3K_Growth,saccharomyces_cerevisiae,1000,True,ortholog_one2one,YKL092C,YKL092C,27.7174,10.7784
NF1,PI3K_Growth,drosophila_melanogaster,600,True,ortholog_one2one,FBgn0015269,FBpp0084326,57.0307,56.2874
NF1,PI3K_Growth,caenorhabditis_elegans,600,False,none,,,0,0
NF1,PI3K_Growth,danio_rerio,450,True,ortholog_one2many,ENSDARG00000004184,ENSDARP00000119608,87.8942,85.4174
NF1,PI3K_Growth,xenopus_tropicalis,350,True,ortholog_one2one,ENSXETG00000021350,ENSXETP00000078021,91.3307,90.1726
NF1,PI3K_Growth,gallus_gallus,300,True,ortholog_one2one,ENSGALG00010029534,ENSGALP00010044085,94.8772,95.2448
NF1,PI3K_Growth,monodelphis_domestica,180,True,ortholog_one2one,ENSMODG00000019215,ENSMODP00000057450,93.096,91.1941
NF1,PI3K_Growth,mus_musculus,90,True,ortholog_one2one,ENSMUSG00000020716,ENSMUSP00000071289,98.3809,98.4502
NF1,PI3K_Growth,canis_lupus_familiaris,85,True,ortholog_one2one,ENSCAFG00845014199,ENSCAFP00845020015,99.3312,99.4012
NF1,PI3K_Growth,homo_sapiens,0,True,self,NF1,,100.0,0
NF2,PI3K_Growth,saccharomyces_cerevisiae,1000,False,none,,,0,0
NF2,PI3K_Growth,drosophila_melanogaster,600,True,ortholog_one2one,FBgn0086384,FBpp0311877,46.2992,49.4118
NF2,PI3K_Growth,caenorhabditis_elegans,600,True,ortholog_one2one,WBGene00003593,F42A10.2b.1,30.6065,36.4706
NF2,PI3K_Growth,danio_rerio,450,True,ortholog_one2one,ENSDARG00000020204,ENSDARP00000120670,82.7993,82.521
NF2,PI3K_Growth,xenopus_tropicalis,350,True,ortholog_one2one,ENSXETG00000016421,ENSXETP00000079540,81.5745,81.8487
NF2,PI3K_Growth,gallus_gallus,300,True,ortholog_one2one,ENSGALG00010000153,ENSGALP00010000157,95.1178,94.958
NF2,PI3K_Growth,monodelphis_domestica,180,True,ortholog_one2one,ENSMODG00000008904,ENSMODP00000053582,95.7983,95.7983
NF2,PI3K_Growth,mus_musculus,90,True,ortholog_one2one,ENSMUSG00000009073,ENSMUSP00000105536,98.3222,98.4874
NF2,PI3K_Growth,canis_lupus_familiaris,85,True,ortholog_one2one,ENSCAFG00845030750,ENSCAFP00845042987,99.4966,99.6639
NF2,PI3K_Growth,homo_sapiens,0,True,self,NF2,,100.0,0
NRAS,PI3K_Growth,saccharomyces_cerevisiae,1000,False,none,,,0,0
NRAS,PI3K_Growth,drosophila_melanogaster,600,False,none,,,0,0
NRAS,PI3K_Growth,caenorhabditis_elegans,600,False,none,,,0,0
NRAS,PI3K_Growth,danio_rerio,450,True,ortholog_one2one,ENSDARG00000038225,ENSDARP00000055741,91.4894,91.0053
NRAS,PI3K_Growth,xenopus_tropicalis,350,False,none,,,0,0
NRAS,PI3K_Growth,gallus_gallus,300,True,ortholog_one2one,ENSGALG00010025512,ENSGALP00010038487,96.8254,96.8254
NRAS,PI3K_Growth,monodelphis_domestica,180,True,ortholog_one2one,ENSMODG00000004590,ENSMODP00000048519,77.9487,80.4233
NRAS,PI3K_Growth,mus_musculus,90,True,ortholog_one2one,ENSMUSG00000027852,ENSMUSP00000029445,99.4709,99.4709
NRAS,PI3K_Growth,canis_lupus_familiaris,85,True,ortholog_one2one,ENSCAFG00845026380,ENSCAFP00845036503,81.4655,100
NRAS,PI3K_Growth,homo_sapiens,0,True,self,NRAS,,100.0,0
PIK3CA,PI3K_Growth,saccharomyces_cerevisiae,1000,False,none,,,0,0
PIK3CA,PI3K_Growth,drosophila_melanogaster,600,True,ortholog_many2many,FBgn0015278,FBpp0075819,12.2068,21.4419
PIK3CA,PI3K_Growth,caenorhabditis_elegans,600,True,ortholog_many2many,WBGene00009552,F39B1.1.1,14.8724,22.3783
PIK3CA,PI3K_Growth,danio_rerio,450,True,ortholog_one2one,ENSDARG00000075456,ENSDARP00000138914,91.6745,91.7603
PIK3CA,PI3K_Growth,xenopus_tropicalis,350,True,ortholog_one2one,ENSXETG00000007252,ENSXETP00000015756,91.7371,91.4794
PIK3CA,PI3K_Growth,gallus_gallus,300,True,ortholog_one2one,ENSGALG00010018296,ENSGALP00010026266,96.2547,96.2547
PIK3CA,PI3K_Growth,monodelphis_domestica,180,True,ortholog_one2one,ENSMODG00000021305,ENSMODP00000026633,97.2846,97.2846
PIK3CA,PI3K_Growth,mus_musculus,90,True,ortholog_one2one,ENSMUSG00000027665,ENSMUSP00000029201,98.6891,98.6891
PIK3CA,PI3K_Growth,canis_lupus_familiaris,85,True,ortholog_one2one,ENSCAFG00845015587,ENSCAFP00845021905,99.8127,99.8127
PIK3CA,PI3K_Growth,homo_sapiens,0,True,self,PIK3CA,,100.0,0
PIK3R1,PI3K_Growth,saccharomyces_cerevisiae,1000,False,none,,,0,0
PIK3R1,PI3K_Growth,drosophila_melanogaster,600,False,none,,,0,0
PIK3R1,PI3K_Growth,caenorhabditis_elegans,600,False,none,,,0,0
PIK3R1,PI3K_Growth,danio_rerio,450,True,ortholog_one2one,ENSDARG00000038524,ENSDARP00000056212,79.0922,79.4199
PIK3R1,PI3K_Growth,xenopus_tropicalis,350,True,ortholog_one2one,ENSXETG00000021480,ENSXETP00000046442,82.133,81.9061
PIK3R1,PI3K_Growth,gallus_gallus,300,True,ortholog_one2one,ENSGALG00010011922,ENSGALP00010016370,89.0884,89.0884
PIK3R1,PI3K_Growth,monodelphis_domestica,180,True,ortholog_one2one,ENSMODG00000019685,ENSMODP00000024566,89.6033,90.4696
PIK3R1,PI3K_Growth,mus_musculus,90,True,ortholog_one2one,ENSMUSG00000041417,ENSMUSP00000056774,95.9945,95.9945
PIK3R1,PI3K_Growth,canis_lupus_familiaris,85,True,ortholog_one2one,ENSCAFG00845011717,ENSCAFP00845016363,95.5862,95.7182
PIK3R1,PI3K_Growth,homo_sapiens,0,True,self,PIK3R1,,100.0,0
PTEN,PI3K_Growth,saccharomyces_cerevisiae,1000,True,ortholog_one2many,YNL128W,YNL128W,18.4332,19.8511
PTEN,PI3K_Growth,drosophila_melanogaster,600,True,ortholog_one2one,FBgn0026379,FBpp0289789,32.4903,41.4392
PTEN,PI3K_Growth,caenorhabditis_elegans,600,False,none,,,0,0
PTEN,PI3K_Growth,danio_rerio,450,True,ortholog_one2many,ENSDARG00000056623,ENSDARP00000073594,82.7014,86.6005
PTEN,PI3K_Growth,xenopus_tropicalis,350,True,ortholog_one2one,ENSXETG00000009268,ENSXETP00000106951,89.5522,89.33
PTEN,PI3K_Growth,gallus_gallus,300,True,ortholog_one2one,ENSGALG00010022667,ENSGALP00010033357,95.2854,95.2854
PTEN,PI3K_Growth,monodelphis_domestica,180,False,none,,,0,0
PTEN,PI3K_Growth,mus_musculus,90,False,none,,,0,0
PTEN,PI3K_Growth,canis_lupus_familiaris,85,True,ortholog_one2one,ENSCAFG00845029443,ENSCAFP00845040898,100,100
PTEN,PI3K_Growth,homo_sapiens,0,True,self,PTEN,,100.0,0
RAF1,PI3K_Growth,saccharomyces_cerevisiae,1000,False,none,,,0,0
RAF1,PI3K_Growth,drosophila_melanogaster,600,False,none,,,0,0
RAF1,PI3K_Growth,caenorhabditis_elegans,600,False,none,,,0,0
RAF1,PI3K_Growth,danio_rerio,450,True,ortholog_one2many,ENSDARG00000059406,ENSDARP00000076954,79.0143,76.6975
RAF1,PI3K_Growth,xenopus_tropicalis,350,True,ortholog_one2one,ENSXETG00000020163,ENSXETP00000112777,85.4103,86.7284
RAF1,PI3K_Growth,gallus_gallus,300,True,ortholog_one2one,ENSGALG00010027930,ENSGALP00010041443,91.904,94.5988
RAF1,PI3K_Growth,monodelphis_domestica,180,False,none,,,0,0
RAF1,PI3K_Growth,mus_musculus,90,True,ortholog_many2many,ENSMUSG00000072601,ENSMUSP00000098256,49.6774,48.125
RAF1,PI3K_Growth,canis_lupus_familiaris,85,True,ortholog_one2one,ENSCAFG00845028676,ENSCAFP00845039725,95.8084,98.7654
RAF1,PI3K_Growth,homo_sapiens,0,True,self,RAF1,,100.0,0
STK11,PI3K_Growth,saccharomyces_cerevisiae,1000,False,none,,,0,0
STK11,PI3K_Growth,drosophila_melanogaster,600,True,ortholog_one2one,FBgn0038167,FBpp0082280,39.5062,51.7321
STK11,PI3K_Growth,caenorhabditis_elegans,600,True,ortholog_one2one,WBGene00003919,Y59A8B.14a.1,27.0665,38.5681
STK11,PI3K_Growth,danio_rerio,450,True,ortholog_one2one,ENSDARG00000046074,ENSDARP00000067735,82.1918,83.1409
STK11,PI3K_Growth,xenopus_tropicalis,350,True,ortholog_one2one,ENSXETG00000003285,ENSXETP00000059427,79.8165,80.3695
STK11,PI3K_Growth,gallus_gallus,300,True,ortholog_one2one,ENSGALG00010028007,ENSGALP00010041636,87.3874,89.6074
STK11,PI3K_Growth,monodelphis_domestica,180,True,ortholog_one2one,ENSMODG00000005356,ENSMODP00000040099,87.6812,83.8337
STK11,PI3K_Growth,mus_musculus,90,True,ortholog_one2one,ENSMUSG00000003068,ENSMUSP00000003152,89.9083,90.5312
STK11,PI3K_Growth,canis_lupus_familiaris,85,True,ortholog_one2one,ENSCAFG00845013078,ENSCAFP00845018263,92.0273,93.3025
STK11,PI3K_Growth,homo_sapiens,0,True,self,STK11,,100.0,0
TSC1,PI3K_Growth,saccharomyces_cerevisiae,1000,False,none,,,0,0
TSC1,PI3K_Growth,drosophila_melanogaster,600,True,ortholog_one2one,FBgn0026317,FBpp0083931,22.6364,21.3918
TSC1,PI3K_Growth,caenorhabditis_elegans,600,False,none,,,0,0
TSC1,PI3K_Growth,danio_rerio,450,True,ortholog_one2many,ENSDARG00000057918,ENSDARP00000119507,47.8827,50.5155
TSC1,PI3K_Growth,xenopus_tropicalis,350,True,ortholog_one2one,ENSXETG00000006262,ENSXETP00000082945,60.7878,58.3333
TSC1,PI3K_Growth,gallus_gallus,300,True,ortholog_one2one,ENSGALG00010028818,ENSGALP00010042909,74.7706,70.0172
TSC1,PI3K_Growth,monodelphis_domestica,180,True,ortholog_one2one,ENSMODG00000012592,ENSMODP00000015755,86.5451,85.6529
TSC1,PI3K_Growth,mus_musculus,90,True,ortholog_one2one,ENSMUSG00000026812,ENSMUSP00000109500,87.4246,87.1993
TSC1,PI3K_Growth,canis_lupus_familiaris,85,True,ortholog_one2one,ENSCAFG00845016069,ENSCAFP00845022615,89.3071,89.6907
TSC1,PI3K_Growth,homo_sapiens,0,True,self,TSC1,,100.0,0
TSC2,PI3K_Growth,saccharomyces_cerevisiae,1000,False,none,,,0,0
TSC2,PI3K_Growth,drosophila_melanogaster,600,True,ortholog_one2one,FBgn0005198,FBpp0074588,31.3481,32.0421
TSC2,PI3K_Growth,caenorhabditis_elegans,600,False,none,,,0,0
TSC2,PI3K_Growth,danio_rerio,450,True,ortholog_one2many,ENSDARG00000116122,ENSDARP00000153406,66.0494,5.92142
TSC2,PI3K_Growth,xenopus_tropicalis,350,True,ortholog_one2one,ENSXETG00000015935,ENSXETP00000091793,68.031,68.0686
TSC2,PI3K_Growth,gallus_gallus,300,True,ortholog_one2one,ENSGALG00010017930,ENSGALP00010025766,80.7965,81.959
TSC2,PI3K_Growth,monodelphis_domestica,180,True,ortholog_one2one,ENSMODG00000016014,ENSMODP00000019988,85.082,86.1649
TSC2,PI3K_Growth,mus_musculus,90,True,ortholog_one2one,ENSMUSG00000002496,ENSMUSP00000154338,91.4823,91.5329
TSC2,PI3K_Growth,canis_lupus_familiaris,85,True,ortholog_one2one,ENSCAFG00845016084,ENSCAFP00845022652,90.9677,85.8329
TSC2,PI3K_Growth,homo_sapiens,0,True,self,TSC2,,100.0,0
APC,TissueArchitecture,saccharomyces_cerevisiae,1000,False,none,,,0,0
APC,TissueArchitecture,drosophila_melanogaster,600,True,ortholog_many2many,FBgn0026598,FBpp0401579,35.0515,13.1551
APC,TissueArchitecture,caenorhabditis_elegans,600,True,ortholog_one2many,WBGene00000156,K04G2.8b.1,25.6734,10.7281
APC,TissueArchitecture,danio_rerio,450,True,ortholog_one2one,ENSDARG00000058868,ENSDARP00000139275,70.2251,68.0267
APC,TissueArchitecture,xenopus_tropicalis,350,True,ortholog_one2one,ENSXETG00000021501,ENSXETP00000080144,75.8913,75.6243
APC,TissueArchitecture,gallus_gallus,300,True,ortholog_one2one,ENSGALG00010008333,ENSGALP00010011489,84.7879,85.0862
APC,TissueArchitecture,monodelphis_domestica,180,True,ortholog_one2one,ENSMODG00000013281,ENSMODP00000016609,83.8896,86.6338
APC,TissueArchitecture,mus_musculus,90,True,ortholog_one2one,ENSMUSG00000005871,ENSMUSP00000078337,90.6756,90.6437
APC,TissueArchitecture,canis_lupus_familiaris,85,True,ortholog_one2one,ENSCAFG00845003519,ENSCAFP00845004981,93.3613,93.9852
APC,TissueArchitecture,homo_sapiens,0,True,self,APC,,100.0,0
AXIN1,TissueArchitecture,saccharomyces_cerevisiae,1000,False,none,,,0,0
AXIN1,TissueArchitecture,drosophila_melanogaster,600,False,none,,,0,0
AXIN1,TissueArchitecture,caenorhabditis_elegans,600,False,none,,,0,0
AXIN1,TissueArchitecture,danio_rerio,450,True,ortholog_one2one,ENSDARG00000102964,ENSDARP00000135613,66.4671,64.3851
AXIN1,TissueArchitecture,xenopus_tropicalis,350,True,ortholog_one2one,ENSXETG00000012143,ENSXETP00000026497,70.9236,72.1578
AXIN1,TissueArchitecture,gallus_gallus,300,True,ortholog_one2one,ENSGALG00010016911,ENSGALP00010023787,74.9108,73.0858
AXIN1,TissueArchitecture,monodelphis_domestica,180,True,ortholog_one2one,ENSMODG00000016665,ENSMODP00000041842,78.8571,80.0464
AXIN1,TissueArchitecture,mus_musculus,90,True,ortholog_one2one,ENSMUSG00000024182,ENSMUSP00000073974,87.2538,87.355
AXIN1,TissueArchitecture,canis_lupus_familiaris,85,True,ortholog_one2one,ENSCAFG00845028817,ENSCAFP00845039925,87.0819,87.587
AXIN1,TissueArchitecture,homo_sapiens,0,True,self,AXIN1,,100.0,0
AXIN2,TissueArchitecture,saccharomyces_cerevisiae,1000,False,none,,,0,0
AXIN2,TissueArchitecture,drosophila_melanogaster,600,False,none,,,0,0
AXIN2,TissueArchitecture,caenorhabditis_elegans,600,False,none,,,0,0
AXIN2,TissueArchitecture,danio_rerio,450,True,ortholog_one2one,ENSDARG00000100149,ENSDARP00000132477,65.2709,62.8707
AXIN2,TissueArchitecture,xenopus_tropicalis,350,True,ortholog_one2many,ENSXETG00000013607,ENSXETP00000029825,59.7436,55.2788
AXIN2,TissueArchitecture,gallus_gallus,300,True,ortholog_one2one,ENSGALG00010029221,ENSGALP00010043305,79.5699,79.0036
AXIN2,TissueArchitecture,monodelphis_domestica,180,True,ortholog_one2one,ENSMODG00000004260,ENSMODP00000005251,82.1002,81.6133
AXIN2,TissueArchitecture,mus_musculus,90,True,ortholog_one2one,ENSMUSG00000000142,ENSMUSP00000051331,90.3571,90.0356
AXIN2,TissueArchitecture,canis_lupus_familiaris,85,True,ortholog_one2one,ENSCAFG00845028532,ENSCAFP00845039484,93.2384,93.2384
AXIN2,TissueArchitecture,homo_sapiens,0,True,self,AXIN2,,100.0,0
CDH1,TissueArchitecture,saccharomyces_cerevisiae,1000,True,ortholog_one2one,YGL003C,YGL003C,35.5124,40.7708
CDH1,TissueArchitecture,drosophila_melanogaster,600,True,ortholog_one2one,FBgn0262699,FBpp0070654,71.3389,69.1684
CDH1,TissueArchitecture,caenorhabditis_elegans,600,False,none,,,0,0
CDH1,TissueArchitecture,danio_rerio,450,True,ortholog_one2one,ENSDARG00000015254,ENSDARP00000003004,91.9192,92.2921
CDH1,TissueArchitecture,xenopus_tropicalis,350,True,ortholog_one2one,ENSXETG00000025992,ENSXETP00000094001,30.3486,57.2562
CDH1,TissueArchitecture,gallus_gallus,300,True,ortholog_one2one,ENSGALG00010028139,ENSGALP00010041932,97.7688,97.7688
CDH1,TissueArchitecture,monodelphis_domestica,180,True,ortholog_one2many,ENSMODG00000006919,ENSMODP00000008578,97.5659,97.5659
CDH1,TissueArchitecture,mus_musculus,90,True,ortholog_one2one,ENSMUSG00000020235,ENSMUSP00000114203,98.3773,98.3773
CDH1,TissueArchitecture,canis_lupus_familiaris,85,True,ortholog_one2one,ENSCAFG00845010704,ENSCAFP00845014829,81.5193,81.5193
CDH1,TissueArchitecture,homo_sapiens,0,True,self,CDH1,,100.0,0
CDH2,TissueArchitecture,saccharomyces_cerevisiae,1000,False,none,,,0,0
CDH2,TissueArchitecture,drosophila_melanogaster,600,False,none,,,0,0
CDH2,TissueArchitecture,caenorhabditis_elegans,600,False,none,,,0,0
CDH2,TissueArchitecture,danio_rerio,450,True,ortholog_one2one,ENSDARG00000018693,ENSDARP00000003949,71.3326,70.3091
CDH2,TissueArchitecture,xenopus_tropicalis,350,True,ortholog_one2one,ENSXETG00000006932,ENSXETP00000070931,79.0518,79.1391
CDH2,TissueArchitecture,gallus_gallus,300,True,ortholog_one2one,ENSGALG00010005621,ENSGALP00010007990,85.1974,85.7616
CDH2,TissueArchitecture,monodelphis_domestica,180,True,ortholog_one2one,ENSMODG00000021517,ENSMODP00000044205,88.26,92.936
CDH2,TissueArchitecture,mus_musculus,90,True,ortholog_one2one,ENSMUSG00000024304,ENSMUSP00000025166,96.7991,96.7991
CDH2,TissueArchitecture,canis_lupus_familiaris,85,True,ortholog_one2one,ENSCAFG00845012116,ENSCAFP00845016947,98.234,98.234
CDH2,TissueArchitecture,homo_sapiens,0,True,self,CDH2,,100.0,0
CTNNB1,TissueArchitecture,saccharomyces_cerevisiae,1000,False,none,,,0,0
CTNNB1,TissueArchitecture,drosophila_melanogaster,600,False,none,,,0,0
CTNNB1,TissueArchitecture,caenorhabditis_elegans,600,False,none,,,0,0
CTNNB1,TissueArchitecture,danio_rerio,450,True,ortholog_one2one,ENSDARG00000023472,ENSDARP00000076115,94.9871,94.6223
CTNNB1,TissueArchitecture,xenopus_tropicalis,350,False,none,,,0,0
CTNNB1,TissueArchitecture,gallus_gallus,300,True,ortholog_one2one,ENSGALG00010016258,ENSGALP00010022572,99.7439,99.7439
CTNNB1,TissueArchitecture,monodelphis_domestica,180,True,ortholog_one2one,ENSMODG00000011192,ENSMODP00000014004,99.7439,99.7439
CTNNB1,TissueArchitecture,mus_musculus,90,True,ortholog_one2one,ENSMUSG00000006932,ENSMUSP00000007130,99.872,99.872
CTNNB1,TissueArchitecture,canis_lupus_familiaris,85,True,ortholog_one2one,ENSCAFG00845017609,ENSCAFP00845024702,99.8716,99.6159
CTNNB1,TissueArchitecture,homo_sapiens,0,True,self,CTNNB1,,100.0,0
FBXW7,TissueArchitecture,saccharomyces_cerevisiae,1000,True,ortholog_many2many,YKR036C,YKR036C,14.1524,12.8713
FBXW7,TissueArchitecture,drosophila_melanogaster,600,True,ortholog_one2one,FBgn0041171,FBpp0073101,32.5792,61.1033
FBXW7,TissueArchitecture,caenorhabditis_elegans,600,False,none,,,0,0
FBXW7,TissueArchitecture,danio_rerio,450,True,ortholog_one2one,ENSDARG00000060994,ENSDARP00000112746,93.75,72.1358
FBXW7,TissueArchitecture,xenopus_tropicalis,350,True,ortholog_one2many,ENSXETG00000009388,ENSXETP00000080543,80.7244,88.2603
FBXW7,TissueArchitecture,gallus_gallus,300,True,ortholog_one2one,ENSGALG00010007590,ENSGALP00010009956,92.6621,76.8034
FBXW7,TissueArchitecture,monodelphis_domestica,180,True,ortholog_one2one,ENSMODG00000001062,ENSMODP00000001260,76.7937,96.8883
FBXW7,TissueArchitecture,mus_musculus,90,True,ortholog_one2one,ENSMUSG00000028086,ENSMUSP00000103302,93.039,77.5106
FBXW7,TissueArchitecture,canis_lupus_familiaris,85,True,ortholog_one2one,ENSCAFG00845007020,ENSCAFP00845009912,92.7056,98.8685
FBXW7,TissueArchitecture,homo_sapiens,0,True,self,FBXW7,,100.0,0
GJA1,TissueArchitecture,saccharomyces_cerevisiae,1000,False,none,,,0,0
GJA1,TissueArchitecture,drosophila_melanogaster,600,False,none,,,0,0
GJA1,TissueArchitecture,caenorhabditis_elegans,600,False,none,,,0,0
GJA1,TissueArchitecture,danio_rerio,450,True,ortholog_one2many,ENSDARG00000041799,ENSDARP00000061260,80.5774,80.3665
GJA1,TissueArchitecture,xenopus_tropicalis,350,True,ortholog_one2one,ENSXETG00000044635,ENSXETP00000107374,87.0712,86.3874
GJA1,TissueArchitecture,gallus_gallus,300,True,ortholog_one2one,ENSGALG00010012939,ENSGALP00010018062,93.9633,93.7173
GJA1,TissueArchitecture,monodelphis_domestica,180,True,ortholog_one2one,ENSMODG00000017758,ENSMODP00000022141,98.1675,98.1675
GJA1,TissueArchitecture,mus_musculus,90,True,ortholog_one2one,ENSMUSG00000050953,ENSMUSP00000151620,97.3822,97.3822
GJA1,TissueArchitecture,canis_lupus_familiaris,85,True,ortholog_one2one,ENSCAFG00845009132,ENSCAFP00845012583,98.1675,98.1675
GJA1,TissueArchitecture,homo_sapiens,0,True,self,GJA1,,100.0,0
GJB2,TissueArchitecture,saccharomyces_cerevisiae,1000,False,none,,,0,0
GJB2,TissueArchitecture,drosophila_melanogaster,600,False,none,,,0,0
GJB2,TissueArchitecture,caenorhabditis_elegans,600,False,none,,,0,0
GJB2,TissueArchitecture,danio_rerio,450,True,ortholog_one2many,ENSDARG00000042707,ENSDARP00000062668,56.1798,66.3717
GJB2,TissueArchitecture,xenopus_tropicalis,350,True,ortholog_one2many,ENSXETG00000026112,ENSXETP00000112533,66.129,72.5664
GJB2,TissueArchitecture,gallus_gallus,300,True,ortholog_many2many,ENSGALG00010007181,ENSGALP00010009541,76.8889,76.5487
GJB2,TissueArchitecture,monodelphis_domestica,180,True,ortholog_one2one,ENSMODG00000024159,ENSMODP00000033449,92.9204,92.9204
GJB2,TissueArchitecture,mus_musculus,90,True,ortholog_one2one,ENSMUSG00000046352,ENSMUSP00000054343,92.9204,92.9204
GJB2,TissueArchitecture,canis_lupus_familiaris,85,True,ortholog_one2one,ENSCAFG00845023429,ENSCAFP00845032426,98.6726,98.6726
GJB2,TissueArchitecture,homo_sapiens,0,True,self,GJB2,,100.0,0
NOTCH1,TissueArchitecture,saccharomyces_cerevisiae,1000,False,none,,,0,0
NOTCH1,TissueArchitecture,drosophila_melanogaster,600,False,none,,,0,0
NOTCH1,TissueArchitecture,caenorhabditis_elegans,600,False,none,,,0,0
NOTCH1,TissueArchitecture,danio_rerio,450,True,ortholog_one2many,ENSDARG00000052094,ENSDARP00000050854,71.0751,68.5714
NOTCH1,TissueArchitecture,xenopus_tropicalis,350,True,ortholog_one2one,ENSXETG00000000757,ENSXETP00000001676,74.9112,74.3249
NOTCH1,TissueArchitecture,gallus_gallus,300,True,ortholog_one2one,ENSGALG00010028107,ENSGALP00010041847,80.4373,80.6262
NOTCH1,TissueArchitecture,monodelphis_domestica,180,True,ortholog_one2one,ENSMODG00000017591,ENSMODP00000055086,81.366,80.6654
NOTCH1,TissueArchitecture,mus_musculus,90,True,ortholog_one2one,ENSMUSG00000026923,ENSMUSP00000028288,91.5053,90.6458
NOTCH1,TissueArchitecture,canis_lupus_familiaris,85,True,ortholog_one2one,ENSCAFG00845005453,ENSCAFP00845007633,89.8213,90.4892
NOTCH1,TissueArchitecture,homo_sapiens,0,True,self,NOTCH1,,100.0,0
NOTCH2,TissueArchitecture,saccharomyces_cerevisiae,1000,False,none,,,0,0
NOTCH2,TissueArchitecture,drosophila_melanogaster,600,False,none,,,0,0
NOTCH2,TissueArchitecture,caenorhabditis_elegans,600,False,none,,,0,0
NOTCH2,TissueArchitecture,danio_rerio,450,True,ortholog_one2many,ENSDARG00000104329,ENSDARP00000137271,64.0625,6.63699
NOTCH2,TissueArchitecture,xenopus_tropicalis,350,True,ortholog_one2one,ENSXETG00000017225,ENSXETP00000084201,69.4501,69.0004
NOTCH2,TissueArchitecture,gallus_gallus,300,True,ortholog_one2one,ENSGALG00010013323,ENSGALP00010018891,76.1924,74.9899
NOTCH2,TissueArchitecture,monodelphis_domestica,180,True,ortholog_one2one,ENSMODG00000018700,ENSMODP00000028978,87.3586,87.5354
NOTCH2,TissueArchitecture,mus_musculus,90,True,ortholog_one2one,ENSMUSG00000027878,ENSMUSP00000078741,92.4788,92.5536
NOTCH2,TissueArchitecture,canis_lupus_familiaris,85,True,ortholog_one2one,ENSCAFG00845007331,ENSCAFP00845010265,86.5173,95.3055
NOTCH2,TissueArchitecture,homo_sapiens,0,True,self,NOTCH2,,100.0,0
NOTCH3,TissueArchitecture,saccharomyces_cerevisiae,1000,False,none,,,0,0
NOTCH3,TissueArchitecture,drosophila_melanogaster,600,False,none,,,0,0
NOTCH3,TissueArchitecture,caenorhabditis_elegans,600,False,none,,,0,0
NOTCH3,TissueArchitecture,danio_rerio,450,True,ortholog_one2one,ENSDARG00000052139,ENSDARP00000068420,56.9692,60.5773
NOTCH3,TissueArchitecture,xenopus_tropicalis,350,True,ortholog_one2one,ENSXETG00000002570,ENSXETP00000005565,59.0137,61.3529
NOTCH3,TissueArchitecture,gallus_gallus,300,False,none,,,0,0
NOTCH3,TissueArchitecture,monodelphis_domestica,180,True,ortholog_one2one,ENSMODG00000014540,ENSMODP00000018163,68.0563,54.1577
NOTCH3,TissueArchitecture,mus_musculus,90,True,ortholog_one2one,ENSMUSG00000038146,ENSMUSP00000085016,91.0699,90.9522
NOTCH3,TissueArchitecture,canis_lupus_familiaris,85,True,ortholog_one2one,ENSCAFG00845018638,ENSCAFP00845025808,88.6815,94.1835
NOTCH3,TissueArchitecture,homo_sapiens,0,True,self,NOTCH3,,100.0,0
NOTCH4,TissueArchitecture,saccharomyces_cerevisiae,1000,False,none,,,0,0
NOTCH4,TissueArchitecture,drosophila_melanogaster,600,True,ortholog_many2many,FBgn0000463,FBpp0083153,19.8079,8.23764
NOTCH4,TissueArchitecture,caenorhabditis_elegans,600,True,ortholog_many2many,WBGene00001106,F16B12.2.1,23.3696,4.29356
NOTCH4,TissueArchitecture,danio_rerio,450,True,ortholog_many2many,ENSDARG00000114226,ENSDARP00000154478,38.4615,5.49176
NOTCH4,TissueArchitecture,xenopus_tropicalis,350,True,ortholog_many2many,ENSXETG00000036774,ENSXETP00000080591,4.24624,11.4329
NOTCH4,TissueArchitecture,gallus_gallus,300,False,none,,,0,0
NOTCH4,TissueArchitecture,monodelphis_domestica,180,False,none,,,0,0
NOTCH4,TissueArchitecture,mus_musculus,90,False,none,,,0,0
NOTCH4,TissueArchitecture,canis_lupus_familiaris,85,False,none,,,0,0
NOTCH4,TissueArchitecture,homo_sapiens,0,True,self,NOTCH4,,100.0,0
SMAD2,TissueArchitecture,saccharomyces_cerevisiae,1000,False,none,,,0,0
SMAD2,TissueArchitecture,drosophila_melanogaster,600,False,none,,,0,0
SMAD2,TissueArchitecture,caenorhabditis_elegans,600,False,none,,,0,0
SMAD2,TissueArchitecture,danio_rerio,450,False,none,,,0,0
SMAD2,TissueArchitecture,xenopus_tropicalis,350,True,ortholog_one2one,ENSXETG00000020292,ENSXETP00000043789,98.7152,98.7152
SMAD2,TissueArchitecture,gallus_gallus,300,True,ortholog_one2many,ENSGALG00010012927,ENSGALP00010018041,98.7152,98.7152
SMAD2,TissueArchitecture,monodelphis_domestica,180,True,ortholog_one2one,ENSMODG00000003393,ENSMODP00000012005,99.5717,99.5717
SMAD2,TissueArchitecture,mus_musculus,90,True,ortholog_one2one,ENSMUSG00000024563,ENSMUSP00000089439,100,93.576
SMAD2,TissueArchitecture,canis_lupus_familiaris,85,True,ortholog_one2one,ENSCAFG00845002338,ENSCAFP00845003314,100,100
SMAD2,TissueArchitecture,homo_sapiens,0,True,self,SMAD2,,100.0,0
SMAD3,TissueArchitecture,saccharomyces_cerevisiae,1000,False,none,,,0,0
SMAD3,TissueArchitecture,drosophila_melanogaster,600,False,none,,,0,0
SMAD3,TissueArchitecture,caenorhabditis_elegans,600,False,none,,,0,0
SMAD3,TissueArchitecture,danio_rerio,450,True,ortholog_one2many,ENSDARG00000036096,ENSDARP00000045373,96.9412,96.9412
SMAD3,TissueArchitecture,xenopus_tropicalis,350,True,ortholog_one2one,ENSXETG00000007804,ENSXETP00000017041,82.0564,95.7647
SMAD3,TissueArchitecture,gallus_gallus,300,True,ortholog_one2one,ENSGALG00010018099,ENSGALP00010026036,93.3481,99.0588
SMAD3,TissueArchitecture,monodelphis_domestica,180,True,ortholog_one2one,ENSMODG00000038564,ENSMODP00000047929,99.2958,99.5294
SMAD3,TissueArchitecture,mus_musculus,90,True,ortholog_one2one,ENSMUSG00000032402,ENSMUSP00000034973,100,100
SMAD3,TissueArchitecture,canis_lupus_familiaris,85,True,ortholog_one2one,ENSCAFG00845016639,ENSCAFP00845023256,100,100
SMAD3,TissueArchitecture,homo_sapiens,0,True,self,SMAD3,,100.0,0
SMAD4,TissueArchitecture,saccharomyces_cerevisiae,1000,False,none,,,0,0
SMAD4,TissueArchitecture,drosophila_melanogaster,600,True,ortholog_many2many,FBgn0020493,FBpp0428153,15.188,18.2971
SMAD4,TissueArchitecture,caenorhabditis_elegans,600,True,ortholog_many2many,WBGene00000910,F01G10.8b.1,26.5861,15.942
SMAD4,TissueArchitecture,danio_rerio,450,True,ortholog_one2many,ENSDARG00000075226,ENSDARP00000097763,88.4826,87.6812
SMAD4,TissueArchitecture,xenopus_tropicalis,350,True,ortholog_one2one,ENSXETG00000022355,ENSXETP00000048372,91.8478,91.8478
SMAD4,TissueArchitecture,gallus_gallus,300,True,ortholog_one2many,ENSGALG00010009370,ENSGALP00010012877,85.6549,74.6377
SMAD4,TissueArchitecture,monodelphis_domestica,180,True,ortholog_one2one,ENSMODG00000010995,ENSMODP00000037121,97.5655,94.3841
SMAD4,TissueArchitecture,mus_musculus,90,True,ortholog_one2one,ENSMUSG00000024515,ENSMUSP00000025393,98.5481,98.3696
SMAD4,TissueArchitecture,canis_lupus_familiaris,85,True,ortholog_one2one,ENSCAFG00845003229,ENSCAFP00845004513,98.5455,98.1884
SMAD4,TissueArchitecture,homo_sapiens,0,True,self,SMAD4,,100.0,0
TGFBR1,TissueArchitecture,saccharomyces_cerevisiae,1000,False,none,,,0,0
TGFBR1,TissueArchitecture,drosophila_melanogaster,600,False,none,,,0,0
TGFBR1,TissueArchitecture,caenorhabditis_elegans,600,False,none,,,0,0
TGFBR1,TissueArchitecture,danio_rerio,450,True,ortholog_one2many,ENSDARG00000042259,ENSDARP00000061972,80.198,80.5169
TGFBR1,TissueArchitecture,xenopus_tropicalis,350,True,ortholog_one2one,ENSXETG00000023394,ENSXETP00000085522,77.551,83.1014
TGFBR1,TissueArchitecture,gallus_gallus,300,True,ortholog_one2one,ENSGALG00010007951,ENSGALP00010010506,89.8608,89.8608
TGFBR1,TissueArchitecture,monodelphis_domestica,180,True,ortholog_one2one,ENSMODG00000012679,ENSMODP00000015863,81.7029,89.662
TGFBR1,TissueArchitecture,mus_musculus,90,True,ortholog_one2one,ENSMUSG00000007613,ENSMUSP00000007757,96.4215,96.4215
TGFBR1,TissueArchitecture,canis_lupus_familiaris,85,True,ortholog_one2one,ENSCAFG00845007708,ENSCAFP00845010541,98.4,97.8131
TGFBR1,TissueArchitecture,homo_sapiens,0,True,self,TGFBR1,,100.0,0
TGFBR2,TissueArchitecture,saccharomyces_cerevisiae,1000,False,none,,,0,0
TGFBR2,TissueArchitecture,drosophila_melanogaster,600,False,none,,,0,0
TGFBR2,TissueArchitecture,caenorhabditis_elegans,600,False,none,,,0,0
TGFBR2,TissueArchitecture,danio_rerio,450,True,ortholog_one2many,ENSDARG00000034541,ENSDARP00000039831,66.9065,65.6085
TGFBR2,TissueArchitecture,xenopus_tropicalis,350,True,ortholog_one2one,ENSXETG00000014480,ENSXETP00000031689,48.3951,69.1358
TGFBR2,TissueArchitecture,gallus_gallus,300,True,ortholog_one2one,ENSGALG00010002281,ENSGALP00010003049,62.5931,74.0741
TGFBR2,TissueArchitecture,monodelphis_domestica,180,True,ortholog_one2one,ENSMODG00000015155,ENSMODP00000018937,81.383,80.9524
TGFBR2,TissueArchitecture,mus_musculus,90,True,ortholog_one2one,ENSMUSG00000032440,ENSMUSP00000035014,92.2399,92.2399
TGFBR2,TissueArchitecture,canis_lupus_familiaris,85,True,ortholog_one2one,ENSCAFG00845022794,ENSCAFP00845031574,93.8272,93.8272
TGFBR2,TissueArchitecture,homo_sapiens,0,True,self,TGFBR2,,100.0,0
